ISO-10303-21;
HEADER;
FILE_DESCRIPTION(('CAx-IF Rec.Pracs.---Model Styling and Organization---1.5---2016-08-15','CAx-IF Rec.Pracs.---Geometric and Assembly Validation Properties---4.4---2016-08-17','CAx-IF Rec.Pracs.---User Defined Attributes---1.5---2016-08-15','CAx-IF Rec.Pracs.---External References---2.1---2005-01-19'),'2;1');
FILE_NAME('13368897.step','2026-09-25T17:21:45',('Unspecified'),('Unspecified'),'CAD Exchanger 3.10.2 (cadexchanger.com)','Unspecified','');
FILE_SCHEMA(('AUTOMOTIVE_DESIGN { 1 0 10303 214 1 1 1 1 }'));
ENDSEC;
DATA;
#1=APPLICATION_CONTEXT('core data for automotive mechanical design processes');
#2=APPLICATION_PROTOCOL_DEFINITION('international standard','automotive_design',2000,#1);
#3=PRODUCT_CONTEXT('',#1,'mechanical');
#4=PRODUCT('NE182UEEP6AMP','NE182UEEP6AMP',$,(#3));
#5=PRODUCT_DEFINITION_FORMATION('',$,#4);
#6=PRODUCT_DEFINITION_CONTEXT('part definition',#1,'design');
#7=PRODUCT_DEFINITION('design',$,#5,#6);
#8=PRODUCT_DEFINITION_SHAPE('',$,#7);
#9=MANIFOLD_SOLID_BREP('Move Face1',#10);
#10=CLOSED_SHELL('NONE',(#11,#53,#95,#137,#179,#235,#266,#297,#319,#343,#367,#387,#401,#419,#459,#494,#524,#554,#574,#592,#636,#667,#691,#715,#732,#744,#760,#777,#789));
#11=ADVANCED_FACE('NONE',(#12),#48,.T.);
#12=FACE_BOUND('NONE',#13,.T.);
#13=EDGE_LOOP('',(#14,#25,#33,#42));
#14=ORIENTED_EDGE('',*,*,#15,.T.);
#15=EDGE_CURVE('NONE',#16,#18,#20,.T.);
#16=VERTEX_POINT('NONE',#17);
#17=CARTESIAN_POINT('',(0.0,42.387024452,1.801656139));
#18=VERTEX_POINT('NONE',#19);
#19=CARTESIAN_POINT('',(4.384555346E-16,42.387024452,8.962178421));
#20=CIRCLE('',#21,3.580261141);
#21=AXIS2_PLACEMENT_3D('',#22,#23,#24);
#22=CARTESIAN_POINT('',(0.0,42.387024452,5.38191728));
#23=DIRECTION('',(0.0,-1.0,0.0));
#24=DIRECTION('',(0.0,0.0,-1.0));
#25=ORIENTED_EDGE('',*,*,#26,.T.);
#26=EDGE_CURVE('NONE',#18,#27,#29,.T.);
#27=VERTEX_POINT('NONE',#28);
#28=CARTESIAN_POINT('',(4.384555346E-16,41.831466689,8.962178421));
#29=LINE('',#30,#31);
#30=CARTESIAN_POINT('',(4.384555346E-16,26.152249699,8.962178421));
#31=VECTOR('',#32,1.0);
#32=DIRECTION('',(0.0,-1.0,0.0));
#33=ORIENTED_EDGE('',*,*,#34,.T.);
#34=EDGE_CURVE('NONE',#27,#35,#37,.F.);
#35=VERTEX_POINT('NONE',#36);
#36=CARTESIAN_POINT('',(0.0,41.831466689,1.801656139));
#37=CIRCLE('',#38,3.580261141);
#38=AXIS2_PLACEMENT_3D('',#39,#40,#41);
#39=CARTESIAN_POINT('',(0.0,41.831466689,5.38191728));
#40=DIRECTION('',(0.0,-1.0,0.0));
#41=DIRECTION('',(0.0,0.0,-1.0));
#42=ORIENTED_EDGE('',*,*,#43,.T.);
#43=EDGE_CURVE('NONE',#35,#16,#44,.F.);
#44=LINE('',#45,#46);
#45=CARTESIAN_POINT('',(0.0,26.152249699,1.801656139));
#46=VECTOR('',#47,1.0);
#47=DIRECTION('',(0.0,-1.0,0.0));
#48=CYLINDRICAL_SURFACE('',#49,3.580261141);
#49=AXIS2_PLACEMENT_3D('',#50,#51,#52);
#50=CARTESIAN_POINT('',(0.0,26.152249699,5.38191728));
#51=DIRECTION('',(0.0,-1.0,0.0));
#52=DIRECTION('',(0.0,0.0,-1.0));
#53=ADVANCED_FACE('NONE',(#54),#90,.T.);
#54=FACE_BOUND('NONE',#55,.T.);
#55=EDGE_LOOP('',(#56,#67,#75,#84));
#56=ORIENTED_EDGE('',*,*,#57,.T.);
#57=EDGE_CURVE('NONE',#58,#60,#62,.T.);
#58=VERTEX_POINT('NONE',#59);
#59=CARTESIAN_POINT('',(0.0,42.942582215,3.159686227));
#60=VERTEX_POINT('NONE',#61);
#61=CARTESIAN_POINT('',(2.721448146E-16,42.942582215,7.604148333));
#62=CIRCLE('',#63,2.222231053);
#63=AXIS2_PLACEMENT_3D('',#64,#65,#66);
#64=CARTESIAN_POINT('',(0.0,42.942582215,5.38191728));
#65=DIRECTION('',(0.0,-1.0,0.0));
#66=DIRECTION('',(0.0,0.0,-1.0));
#67=ORIENTED_EDGE('',*,*,#68,.T.);
#68=EDGE_CURVE('NONE',#60,#69,#71,.T.);
#69=VERTEX_POINT('NONE',#70);
#70=CARTESIAN_POINT('',(2.721448146E-16,42.387024452,7.604148333));
#71=LINE('',#72,#73);
#72=CARTESIAN_POINT('',(2.721448146E-16,26.152249699,7.604148333));
#73=VECTOR('',#74,1.0);
#74=DIRECTION('',(0.0,-1.0,0.0));
#75=ORIENTED_EDGE('',*,*,#76,.T.);
#76=EDGE_CURVE('NONE',#69,#77,#79,.F.);
#77=VERTEX_POINT('NONE',#78);
#78=CARTESIAN_POINT('',(0.0,42.387024452,3.159686227));
#79=CIRCLE('',#80,2.222231053);
#80=AXIS2_PLACEMENT_3D('',#81,#82,#83);
#81=CARTESIAN_POINT('',(0.0,42.387024452,5.38191728));
#82=DIRECTION('',(0.0,-1.0,0.0));
#83=DIRECTION('',(0.0,0.0,-1.0));
#84=ORIENTED_EDGE('',*,*,#85,.T.);
#85=EDGE_CURVE('NONE',#77,#58,#86,.F.);
#86=LINE('',#87,#88);
#87=CARTESIAN_POINT('',(0.0,26.152249699,3.159686227));
#88=VECTOR('',#89,1.0);
#89=DIRECTION('',(0.0,-1.0,0.0));
#90=CYLINDRICAL_SURFACE('',#91,2.222231053);
#91=AXIS2_PLACEMENT_3D('',#92,#93,#94);
#92=CARTESIAN_POINT('',(0.0,26.152249699,5.38191728));
#93=DIRECTION('',(0.0,-1.0,0.0));
#94=DIRECTION('',(0.0,0.0,-1.0));
#95=ADVANCED_FACE('NONE',(#96),#132,.T.);
#96=FACE_BOUND('NONE',#97,.T.);
#97=EDGE_LOOP('',(#98,#109,#117,#126));
#98=ORIENTED_EDGE('',*,*,#99,.T.);
#99=EDGE_CURVE('NONE',#100,#102,#104,.T.);
#100=VERTEX_POINT('NONE',#101);
#101=CARTESIAN_POINT('',(0.0,45.020779774,3.756396417));
#102=VERTEX_POINT('NONE',#103);
#103=CARTESIAN_POINT('',(1.990688922E-16,45.020779774,7.007438143));
#104=CIRCLE('',#105,1.625520863);
#105=AXIS2_PLACEMENT_3D('',#106,#107,#108);
#106=CARTESIAN_POINT('',(0.0,45.020779774,5.38191728));
#107=DIRECTION('',(0.0,-1.0,0.0));
#108=DIRECTION('',(0.0,0.0,-1.0));
#109=ORIENTED_EDGE('',*,*,#110,.T.);
#110=EDGE_CURVE('NONE',#102,#111,#113,.T.);
#111=VERTEX_POINT('NONE',#112);
#112=CARTESIAN_POINT('',(1.990688922E-16,42.942582215,7.007438143));
#113=LINE('',#114,#115);
#114=CARTESIAN_POINT('',(1.990688922E-16,26.152249699,7.007438143));
#115=VECTOR('',#116,1.0);
#116=DIRECTION('',(0.0,-1.0,0.0));
#117=ORIENTED_EDGE('',*,*,#118,.T.);
#118=EDGE_CURVE('NONE',#111,#119,#121,.F.);
#119=VERTEX_POINT('NONE',#120);
#120=CARTESIAN_POINT('',(0.0,42.942582215,3.756396417));
#121=CIRCLE('',#122,1.625520863);
#122=AXIS2_PLACEMENT_3D('',#123,#124,#125);
#123=CARTESIAN_POINT('',(0.0,42.942582215,5.38191728));
#124=DIRECTION('',(0.0,-1.0,0.0));
#125=DIRECTION('',(0.0,0.0,-1.0));
#126=ORIENTED_EDGE('',*,*,#127,.T.);
#127=EDGE_CURVE('NONE',#119,#100,#128,.F.);
#128=LINE('',#129,#130);
#129=CARTESIAN_POINT('',(0.0,26.152249699,3.756396417));
#130=VECTOR('',#131,1.0);
#131=DIRECTION('',(0.0,-1.0,0.0));
#132=CYLINDRICAL_SURFACE('',#133,1.625520863);
#133=AXIS2_PLACEMENT_3D('',#134,#135,#136);
#134=CARTESIAN_POINT('',(0.0,26.152249699,5.38191728));
#135=DIRECTION('',(0.0,-1.0,0.0));
#136=DIRECTION('',(0.0,0.0,-1.0));
#137=ADVANCED_FACE('NONE',(#138),#174,.T.);
#138=FACE_BOUND('NONE',#139,.T.);
#139=EDGE_LOOP('',(#140,#151,#159,#168));
#140=ORIENTED_EDGE('',*,*,#141,.T.);
#141=EDGE_CURVE('NONE',#142,#144,#146,.T.);
#142=VERTEX_POINT('NONE',#143);
#143=CARTESIAN_POINT('',(0.0,46.029014233,4.229649327));
#144=VERTEX_POINT('NONE',#145);
#145=CARTESIAN_POINT('',(1.411121261E-16,46.029014233,6.534185234));
#146=CIRCLE('',#147,1.152267953);
#147=AXIS2_PLACEMENT_3D('',#148,#149,#150);
#148=CARTESIAN_POINT('',(0.0,46.029014233,5.38191728));
#149=DIRECTION('',(0.0,-1.0,0.0));
#150=DIRECTION('',(0.0,0.0,-1.0));
#151=ORIENTED_EDGE('',*,*,#152,.T.);
#152=EDGE_CURVE('NONE',#144,#153,#155,.T.);
#153=VERTEX_POINT('NONE',#154);
#154=CARTESIAN_POINT('',(1.411121261E-16,45.020779774,6.534185234));
#155=LINE('',#156,#157);
#156=CARTESIAN_POINT('',(1.411121261E-16,26.152249699,6.534185234));
#157=VECTOR('',#158,1.0);
#158=DIRECTION('',(0.0,-1.0,0.0));
#159=ORIENTED_EDGE('',*,*,#160,.T.);
#160=EDGE_CURVE('NONE',#153,#161,#163,.F.);
#161=VERTEX_POINT('NONE',#162);
#162=CARTESIAN_POINT('',(0.0,45.020779774,4.229649327));
#163=CIRCLE('',#164,1.152267953);
#164=AXIS2_PLACEMENT_3D('',#165,#166,#167);
#165=CARTESIAN_POINT('',(0.0,45.020779774,5.38191728));
#166=DIRECTION('',(0.0,-1.0,0.0));
#167=DIRECTION('',(0.0,0.0,-1.0));
#168=ORIENTED_EDGE('',*,*,#169,.T.);
#169=EDGE_CURVE('NONE',#161,#142,#170,.F.);
#170=LINE('',#171,#172);
#171=CARTESIAN_POINT('',(0.0,26.152249699,4.229649327));
#172=VECTOR('',#173,1.0);
#173=DIRECTION('',(0.0,-1.0,0.0));
#174=CYLINDRICAL_SURFACE('',#175,1.152267953);
#175=AXIS2_PLACEMENT_3D('',#176,#177,#178);
#176=CARTESIAN_POINT('',(0.0,26.152249699,5.38191728));
#177=DIRECTION('',(0.0,-1.0,0.0));
#178=DIRECTION('',(0.0,0.0,-1.0));
#179=ADVANCED_FACE('NONE',(#180),#230,.F.);
#180=FACE_BOUND('NONE',#181,.T.);
#181=EDGE_LOOP('',(#182,#192,#200,#208,#216,#224));
#182=ORIENTED_EDGE('',*,*,#183,.T.);
#183=EDGE_CURVE('NONE',#184,#186,#188,.F.);
#184=VERTEX_POINT('NONE',#185);
#185=CARTESIAN_POINT('',(-3.696378337,32.327530543,7.214969898));
#186=VERTEX_POINT('NONE',#187);
#187=CARTESIAN_POINT('',(3.696378337,32.327530543,7.214969898));
#188=LINE('',#189,#190);
#189=CARTESIAN_POINT('',(-3.696378337,32.327530543,7.214969898));
#190=VECTOR('',#191,1.0);
#191=DIRECTION('',(-1.0,0.0,0.0));
#192=ORIENTED_EDGE('',*,*,#193,.T.);
#193=EDGE_CURVE('NONE',#186,#194,#196,.F.);
#194=VERTEX_POINT('NONE',#195);
#195=CARTESIAN_POINT('',(3.696378337,36.697954102,7.214969898));
#196=LINE('',#197,#198);
#197=CARTESIAN_POINT('',(3.696378337,46.697411994,7.214969898));
#198=VECTOR('',#199,1.0);
#199=DIRECTION('',(0.0,-1.0,0.0));
#200=ORIENTED_EDGE('',*,*,#201,.T.);
#201=EDGE_CURVE('NONE',#194,#202,#204,.T.);
#202=VERTEX_POINT('NONE',#203);
#203=CARTESIAN_POINT('',(1.923875958,36.697954102,7.214969898));
#204=LINE('',#205,#206);
#205=CARTESIAN_POINT('',(0.0,36.697954102,7.214969898));
#206=VECTOR('',#207,1.0);
#207=DIRECTION('',(-1.0,0.0,0.0));
#208=ORIENTED_EDGE('',*,*,#209,.T.);
#209=EDGE_CURVE('NONE',#202,#210,#212,.T.);
#210=VERTEX_POINT('NONE',#211);
#211=CARTESIAN_POINT('',(-1.923875958,36.697954102,7.214969898));
#212=LINE('',#213,#214);
#213=CARTESIAN_POINT('',(3.696378337,36.697954102,7.214969898));
#214=VECTOR('',#215,1.0);
#215=DIRECTION('',(-1.0,0.0,0.0));
#216=ORIENTED_EDGE('',*,*,#217,.T.);
#217=EDGE_CURVE('NONE',#210,#218,#220,.T.);
#218=VERTEX_POINT('NONE',#219);
#219=CARTESIAN_POINT('',(-3.696378337,36.697954102,7.214969898));
#220=LINE('',#221,#222);
#221=CARTESIAN_POINT('',(0.0,36.697954102,7.214969898));
#222=VECTOR('',#223,1.0);
#223=DIRECTION('',(-1.0,0.0,0.0));
#224=ORIENTED_EDGE('',*,*,#225,.T.);
#225=EDGE_CURVE('NONE',#218,#184,#226,.T.);
#226=LINE('',#227,#228);
#227=CARTESIAN_POINT('',(-3.696378337,46.697411994,7.214969898));
#228=VECTOR('',#229,1.0);
#229=DIRECTION('',(0.0,-1.0,0.0));
#230=PLANE('',#231);
#231=AXIS2_PLACEMENT_3D('',#232,#233,#234);
#232=CARTESIAN_POINT('',(-3.696378337,46.697411994,7.214969898));
#233=DIRECTION('',(0.0,0.0,-1.0));
#234=DIRECTION('',(-1.0,0.0,0.0));
#235=ADVANCED_FACE('NONE',(#236),#261,.F.);
#236=FACE_BOUND('NONE',#237,.T.);
#237=EDGE_LOOP('',(#238,#246,#254,#260));
#238=ORIENTED_EDGE('',*,*,#239,.T.);
#239=EDGE_CURVE('NONE',#186,#240,#242,.F.);
#240=VERTEX_POINT('NONE',#241);
#241=CARTESIAN_POINT('',(3.696378337,32.327530543,0.481745791));
#242=LINE('',#243,#244);
#243=CARTESIAN_POINT('',(3.696378337,32.327530543,0.481745791));
#244=VECTOR('',#245,1.0);
#245=DIRECTION('',(0.0,0.0,1.0));
#246=ORIENTED_EDGE('',*,*,#247,.T.);
#247=EDGE_CURVE('NONE',#240,#248,#250,.F.);
#248=VERTEX_POINT('NONE',#249);
#249=CARTESIAN_POINT('',(3.696378337,36.697954102,0.481745791));
#250=LINE('',#251,#252);
#251=CARTESIAN_POINT('',(3.696378337,46.697411994,0.481745791));
#252=VECTOR('',#253,1.0);
#253=DIRECTION('',(0.0,-1.0,0.0));
#254=ORIENTED_EDGE('',*,*,#255,.T.);
#255=EDGE_CURVE('NONE',#248,#194,#256,.T.);
#256=LINE('',#257,#258);
#257=CARTESIAN_POINT('',(3.696378337,36.697954102,0.481745791));
#258=VECTOR('',#259,1.0);
#259=DIRECTION('',(0.0,0.0,1.0));
#260=ORIENTED_EDGE('',*,*,#193,.F.);
#261=PLANE('',#262);
#262=AXIS2_PLACEMENT_3D('',#263,#264,#265);
#263=CARTESIAN_POINT('',(3.696378337,46.697411994,0.481745791));
#264=DIRECTION('',(-1.0,0.0,0.0));
#265=DIRECTION('',(0.0,0.0,1.0));
#266=ADVANCED_FACE('NONE',(#267),#292,.F.);
#267=FACE_BOUND('NONE',#268,.T.);
#268=EDGE_LOOP('',(#269,#277,#285,#291));
#269=ORIENTED_EDGE('',*,*,#270,.T.);
#270=EDGE_CURVE('NONE',#240,#271,#273,.F.);
#271=VERTEX_POINT('NONE',#272);
#272=CARTESIAN_POINT('',(-3.696378337,32.327530543,0.481745791));
#273=LINE('',#274,#275);
#274=CARTESIAN_POINT('',(-3.696378337,32.327530543,0.481745791));
#275=VECTOR('',#276,1.0);
#276=DIRECTION('',(1.0,0.0,-1.246587555E-16));
#277=ORIENTED_EDGE('',*,*,#278,.T.);
#278=EDGE_CURVE('NONE',#271,#279,#281,.F.);
#279=VERTEX_POINT('NONE',#280);
#280=CARTESIAN_POINT('',(-3.696378337,36.697954102,0.481745791));
#281=LINE('',#282,#283);
#282=CARTESIAN_POINT('',(-3.696378337,46.697411994,0.481745791));
#283=VECTOR('',#284,1.0);
#284=DIRECTION('',(0.0,-1.0,0.0));
#285=ORIENTED_EDGE('',*,*,#286,.T.);
#286=EDGE_CURVE('NONE',#279,#248,#287,.T.);
#287=LINE('',#288,#289);
#288=CARTESIAN_POINT('',(-3.696378337,36.697954102,0.481745791));
#289=VECTOR('',#290,1.0);
#290=DIRECTION('',(1.0,0.0,-1.246587555E-16));
#291=ORIENTED_EDGE('',*,*,#247,.F.);
#292=PLANE('',#293);
#293=AXIS2_PLACEMENT_3D('',#294,#295,#296);
#294=CARTESIAN_POINT('',(-3.696378337,46.697411994,0.481745791));
#295=DIRECTION('',(1.246587555E-16,0.0,1.0));
#296=DIRECTION('',(1.0,0.0,-1.246587555E-16));
#297=ADVANCED_FACE('NONE',(#298),#314,.F.);
#298=FACE_BOUND('NONE',#299,.T.);
#299=EDGE_LOOP('',(#300,#306,#307,#313));
#300=ORIENTED_EDGE('',*,*,#301,.T.);
#301=EDGE_CURVE('NONE',#271,#184,#302,.F.);
#302=LINE('',#303,#304);
#303=CARTESIAN_POINT('',(-3.696378337,32.327530543,0.481745791));
#304=VECTOR('',#305,1.0);
#305=DIRECTION('',(0.0,0.0,-1.0));
#306=ORIENTED_EDGE('',*,*,#225,.F.);
#307=ORIENTED_EDGE('',*,*,#308,.T.);
#308=EDGE_CURVE('NONE',#218,#279,#309,.T.);
#309=LINE('',#310,#311);
#310=CARTESIAN_POINT('',(-3.696378337,36.697954102,0.481745791));
#311=VECTOR('',#312,1.0);
#312=DIRECTION('',(0.0,0.0,-1.0));
#313=ORIENTED_EDGE('',*,*,#278,.F.);
#314=PLANE('',#315);
#315=AXIS2_PLACEMENT_3D('',#316,#317,#318);
#316=CARTESIAN_POINT('',(-3.696378337,46.697411994,0.481745791));
#317=DIRECTION('',(1.0,0.0,0.0));
#318=DIRECTION('',(0.0,0.0,-1.0));
#319=ADVANCED_FACE('NONE',(#320),#338,.T.);
#320=FACE_BOUND('NONE',#321,.T.);
#321=EDGE_LOOP('',(#322,#323,#330,#331));
#322=ORIENTED_EDGE('',*,*,#26,.F.);
#323=ORIENTED_EDGE('',*,*,#324,.T.);
#324=EDGE_CURVE('NONE',#18,#16,#325,.T.);
#325=CIRCLE('',#326,3.580261141);
#326=AXIS2_PLACEMENT_3D('',#327,#328,#329);
#327=CARTESIAN_POINT('',(0.0,42.387024452,5.38191728));
#328=DIRECTION('',(0.0,-1.0,0.0));
#329=DIRECTION('',(0.0,0.0,-1.0));
#330=ORIENTED_EDGE('',*,*,#43,.F.);
#331=ORIENTED_EDGE('',*,*,#332,.T.);
#332=EDGE_CURVE('NONE',#35,#27,#333,.F.);
#333=CIRCLE('',#334,3.580261141);
#334=AXIS2_PLACEMENT_3D('',#335,#336,#337);
#335=CARTESIAN_POINT('',(0.0,41.831466689,5.38191728));
#336=DIRECTION('',(0.0,-1.0,0.0));
#337=DIRECTION('',(0.0,0.0,-1.0));
#338=CYLINDRICAL_SURFACE('',#339,3.580261141);
#339=AXIS2_PLACEMENT_3D('',#340,#341,#342);
#340=CARTESIAN_POINT('',(0.0,26.152249699,5.38191728));
#341=DIRECTION('',(0.0,-1.0,0.0));
#342=DIRECTION('',(0.0,0.0,-1.0));
#343=ADVANCED_FACE('NONE',(#344),#362,.T.);
#344=FACE_BOUND('NONE',#345,.T.);
#345=EDGE_LOOP('',(#346,#347,#354,#355));
#346=ORIENTED_EDGE('',*,*,#68,.F.);
#347=ORIENTED_EDGE('',*,*,#348,.T.);
#348=EDGE_CURVE('NONE',#60,#58,#349,.T.);
#349=CIRCLE('',#350,2.222231053);
#350=AXIS2_PLACEMENT_3D('',#351,#352,#353);
#351=CARTESIAN_POINT('',(0.0,42.942582215,5.38191728));
#352=DIRECTION('',(0.0,-1.0,0.0));
#353=DIRECTION('',(0.0,0.0,-1.0));
#354=ORIENTED_EDGE('',*,*,#85,.F.);
#355=ORIENTED_EDGE('',*,*,#356,.T.);
#356=EDGE_CURVE('NONE',#77,#69,#357,.F.);
#357=CIRCLE('',#358,2.222231053);
#358=AXIS2_PLACEMENT_3D('',#359,#360,#361);
#359=CARTESIAN_POINT('',(0.0,42.387024452,5.38191728));
#360=DIRECTION('',(0.0,-1.0,0.0));
#361=DIRECTION('',(0.0,0.0,-1.0));
#362=CYLINDRICAL_SURFACE('',#363,2.222231053);
#363=AXIS2_PLACEMENT_3D('',#364,#365,#366);
#364=CARTESIAN_POINT('',(0.0,26.152249699,5.38191728));
#365=DIRECTION('',(0.0,-1.0,0.0));
#366=DIRECTION('',(0.0,0.0,-1.0));
#367=ADVANCED_FACE('NONE',(#368,#378),#382,.F.);
#368=FACE_BOUND('NONE',#369,.T.);
#369=EDGE_LOOP('',(#370,#371));
#370=ORIENTED_EDGE('',*,*,#118,.F.);
#371=ORIENTED_EDGE('',*,*,#372,.T.);
#372=EDGE_CURVE('NONE',#111,#119,#373,.T.);
#373=CIRCLE('',#374,1.625520863);
#374=AXIS2_PLACEMENT_3D('',#375,#376,#377);
#375=CARTESIAN_POINT('',(0.0,42.942582215,5.38191728));
#376=DIRECTION('',(0.0,-1.0,0.0));
#377=DIRECTION('',(0.0,0.0,-1.0));
#378=FACE_BOUND('NONE',#379,.T.);
#379=EDGE_LOOP('',(#380,#381));
#380=ORIENTED_EDGE('',*,*,#57,.F.);
#381=ORIENTED_EDGE('',*,*,#348,.F.);
#382=PLANE('',#383);
#383=AXIS2_PLACEMENT_3D('',#384,#385,#386);
#384=CARTESIAN_POINT('',(0.0,42.942582215,7.007438143));
#385=DIRECTION('',(0.0,-1.0,0.0));
#386=DIRECTION('',(0.0,0.0,-1.0));
#387=ADVANCED_FACE('NONE',(#388,#392),#396,.F.);
#388=FACE_BOUND('NONE',#389,.T.);
#389=EDGE_LOOP('',(#390,#391));
#390=ORIENTED_EDGE('',*,*,#76,.F.);
#391=ORIENTED_EDGE('',*,*,#356,.F.);
#392=FACE_BOUND('NONE',#393,.T.);
#393=EDGE_LOOP('',(#394,#395));
#394=ORIENTED_EDGE('',*,*,#15,.F.);
#395=ORIENTED_EDGE('',*,*,#324,.F.);
#396=PLANE('',#397);
#397=AXIS2_PLACEMENT_3D('',#398,#399,#400);
#398=CARTESIAN_POINT('',(0.0,42.387024452,7.604148333));
#399=DIRECTION('',(0.0,-1.0,0.0));
#400=DIRECTION('',(0.0,0.0,-1.0));
#401=ADVANCED_FACE('NONE',(#402),#414,.T.);
#402=FACE_BOUND('NONE',#403,.T.);
#403=EDGE_LOOP('',(#404,#405,#412,#413));
#404=ORIENTED_EDGE('',*,*,#110,.F.);
#405=ORIENTED_EDGE('',*,*,#406,.T.);
#406=EDGE_CURVE('NONE',#102,#100,#407,.T.);
#407=CIRCLE('',#408,1.625520863);
#408=AXIS2_PLACEMENT_3D('',#409,#410,#411);
#409=CARTESIAN_POINT('',(0.0,45.020779774,5.38191728));
#410=DIRECTION('',(0.0,-1.0,0.0));
#411=DIRECTION('',(0.0,0.0,-1.0));
#412=ORIENTED_EDGE('',*,*,#127,.F.);
#413=ORIENTED_EDGE('',*,*,#372,.F.);
#414=CYLINDRICAL_SURFACE('',#415,1.625520863);
#415=AXIS2_PLACEMENT_3D('',#416,#417,#418);
#416=CARTESIAN_POINT('',(0.0,26.152249699,5.38191728));
#417=DIRECTION('',(0.0,-1.0,0.0));
#418=DIRECTION('',(0.0,0.0,-1.0));
#419=ADVANCED_FACE('NONE',(#420),#454,.F.);
#420=FACE_BOUND('NONE',#421,.T.);
#421=EDGE_LOOP('',(#422,#432,#440,#448));
#422=ORIENTED_EDGE('',*,*,#423,.T.);
#423=EDGE_CURVE('NONE',#424,#426,#428,.F.);
#424=VERTEX_POINT('NONE',#425);
#425=CARTESIAN_POINT('',(-1.923875958,41.831466689,2.439940086));
#426=VERTEX_POINT('NONE',#427);
#427=CARTESIAN_POINT('',(1.923875958,41.831466689,2.439940086));
#428=LINE('',#429,#430);
#429=CARTESIAN_POINT('',(-1.923875958,41.831466689,2.439940086));
#430=VECTOR('',#431,1.0);
#431=DIRECTION('',(-1.0,0.0,1.127101951E-16));
#432=ORIENTED_EDGE('',*,*,#433,.T.);
#433=EDGE_CURVE('NONE',#426,#434,#436,.T.);
#434=VERTEX_POINT('NONE',#435);
#435=CARTESIAN_POINT('',(1.923875958,36.697954102,2.439940086));
#436=LINE('',#437,#438);
#437=CARTESIAN_POINT('',(1.923875958,48.034830429,2.439940086));
#438=VECTOR('',#439,1.0);
#439=DIRECTION('',(0.0,-1.0,0.0));
#440=ORIENTED_EDGE('',*,*,#441,.T.);
#441=EDGE_CURVE('NONE',#434,#442,#444,.T.);
#442=VERTEX_POINT('NONE',#443);
#443=CARTESIAN_POINT('',(-1.923875958,36.697954102,2.439940086));
#444=LINE('',#445,#446);
#445=CARTESIAN_POINT('',(-1.923875958,36.697954102,2.439940086));
#446=VECTOR('',#447,1.0);
#447=DIRECTION('',(-1.0,0.0,1.127101951E-16));
#448=ORIENTED_EDGE('',*,*,#449,.T.);
#449=EDGE_CURVE('NONE',#442,#424,#450,.F.);
#450=LINE('',#451,#452);
#451=CARTESIAN_POINT('',(-1.923875958,48.034830429,2.439940086));
#452=VECTOR('',#453,1.0);
#453=DIRECTION('',(0.0,-1.0,0.0));
#454=PLANE('',#455);
#455=AXIS2_PLACEMENT_3D('',#456,#457,#458);
#456=CARTESIAN_POINT('',(-1.923875958,48.034830429,2.439940086));
#457=DIRECTION('',(1.127101951E-16,0.0,1.0));
#458=DIRECTION('',(1.0,0.0,-1.127101951E-16));
#459=ADVANCED_FACE('NONE',(#460,#485),#489,.F.);
#460=FACE_BOUND('NONE',#461,.T.);
#461=EDGE_LOOP('',(#462,#470,#478,#484));
#462=ORIENTED_EDGE('',*,*,#463,.T.);
#463=EDGE_CURVE('NONE',#424,#464,#466,.T.);
#464=VERTEX_POINT('NONE',#465);
#465=CARTESIAN_POINT('',(-1.923875958,41.831466689,7.305793238));
#466=LINE('',#467,#468);
#467=CARTESIAN_POINT('',(-1.923875958,41.831466689,2.439940086));
#468=VECTOR('',#469,1.0);
#469=DIRECTION('',(0.0,0.0,1.0));
#470=ORIENTED_EDGE('',*,*,#471,.T.);
#471=EDGE_CURVE('NONE',#464,#472,#474,.T.);
#472=VERTEX_POINT('NONE',#473);
#473=CARTESIAN_POINT('',(1.923875958,41.831466689,7.305793238));
#474=LINE('',#475,#476);
#475=CARTESIAN_POINT('',(-1.923875958,41.831466689,7.305793238));
#476=VECTOR('',#477,1.0);
#477=DIRECTION('',(1.0,0.0,-2.254203901E-16));
#478=ORIENTED_EDGE('',*,*,#479,.T.);
#479=EDGE_CURVE('NONE',#472,#426,#480,.T.);
#480=LINE('',#481,#482);
#481=CARTESIAN_POINT('',(1.923875958,41.831466689,2.439940086));
#482=VECTOR('',#483,1.0);
#483=DIRECTION('',(-4.456370296E-17,0.0,-1.0));
#484=ORIENTED_EDGE('',*,*,#423,.F.);
#485=FACE_BOUND('NONE',#486,.T.);
#486=EDGE_LOOP('',(#487,#488));
#487=ORIENTED_EDGE('',*,*,#34,.F.);
#488=ORIENTED_EDGE('',*,*,#332,.F.);
#489=PLANE('',#490);
#490=AXIS2_PLACEMENT_3D('',#491,#492,#493);
#491=CARTESIAN_POINT('',(0.0,41.831466689,8.962178421));
#492=DIRECTION('',(0.0,1.0,0.0));
#493=DIRECTION('',(0.0,0.0,1.0));
#494=ADVANCED_FACE('NONE',(#495),#519,.F.);
#495=FACE_BOUND('NONE',#496,.T.);
#496=EDGE_LOOP('',(#497,#498,#506,#512,#518));
#497=ORIENTED_EDGE('',*,*,#479,.F.);
#498=ORIENTED_EDGE('',*,*,#499,.T.);
#499=EDGE_CURVE('NONE',#472,#500,#502,.T.);
#500=VERTEX_POINT('NONE',#501);
#501=CARTESIAN_POINT('',(1.923875958,36.697954102,7.305793238));
#502=LINE('',#503,#504);
#503=CARTESIAN_POINT('',(1.923875958,48.034830429,7.305793238));
#504=VECTOR('',#505,1.0);
#505=DIRECTION('',(0.0,-1.0,0.0));
#506=ORIENTED_EDGE('',*,*,#507,.T.);
#507=EDGE_CURVE('NONE',#500,#202,#508,.T.);
#508=LINE('',#509,#510);
#509=CARTESIAN_POINT('',(1.923875958,36.697954102,7.305793238));
#510=VECTOR('',#511,1.0);
#511=DIRECTION('',(-4.456370296E-17,0.0,-1.0));
#512=ORIENTED_EDGE('',*,*,#513,.T.);
#513=EDGE_CURVE('NONE',#202,#434,#514,.T.);
#514=LINE('',#515,#516);
#515=CARTESIAN_POINT('',(1.923875958,36.697954102,7.305793238));
#516=VECTOR('',#517,1.0);
#517=DIRECTION('',(-4.456370296E-17,0.0,-1.0));
#518=ORIENTED_EDGE('',*,*,#433,.F.);
#519=PLANE('',#520);
#520=AXIS2_PLACEMENT_3D('',#521,#522,#523);
#521=CARTESIAN_POINT('',(1.923875958,48.034830429,2.439940086));
#522=DIRECTION('',(-1.0,0.0,4.456370296E-17));
#523=DIRECTION('',(4.456370296E-17,0.0,1.0));
#524=ADVANCED_FACE('NONE',(#525),#549,.F.);
#525=FACE_BOUND('NONE',#526,.T.);
#526=EDGE_LOOP('',(#527,#533,#541,#547,#548));
#527=ORIENTED_EDGE('',*,*,#528,.T.);
#528=EDGE_CURVE('NONE',#442,#210,#529,.T.);
#529=LINE('',#530,#531);
#530=CARTESIAN_POINT('',(-1.923875958,36.697954102,7.305793238));
#531=VECTOR('',#532,1.0);
#532=DIRECTION('',(0.0,0.0,1.0));
#533=ORIENTED_EDGE('',*,*,#534,.T.);
#534=EDGE_CURVE('NONE',#210,#535,#537,.T.);
#535=VERTEX_POINT('NONE',#536);
#536=CARTESIAN_POINT('',(-1.923875958,36.697954102,7.305793238));
#537=LINE('',#538,#539);
#538=CARTESIAN_POINT('',(-1.923875958,36.697954102,7.305793238));
#539=VECTOR('',#540,1.0);
#540=DIRECTION('',(0.0,0.0,1.0));
#541=ORIENTED_EDGE('',*,*,#542,.T.);
#542=EDGE_CURVE('NONE',#535,#464,#543,.F.);
#543=LINE('',#544,#545);
#544=CARTESIAN_POINT('',(-1.923875958,48.034830429,7.305793238));
#545=VECTOR('',#546,1.0);
#546=DIRECTION('',(0.0,-1.0,0.0));
#547=ORIENTED_EDGE('',*,*,#463,.F.);
#548=ORIENTED_EDGE('',*,*,#449,.F.);
#549=PLANE('',#550);
#550=AXIS2_PLACEMENT_3D('',#551,#552,#553);
#551=CARTESIAN_POINT('',(-1.923875958,48.034830429,2.439940086));
#552=DIRECTION('',(1.0,0.0,0.0));
#553=DIRECTION('',(0.0,0.0,-1.0));
#554=ADVANCED_FACE('NONE',(#555,#559),#569,.F.);
#555=FACE_BOUND('NONE',#556,.T.);
#556=EDGE_LOOP('',(#557,#558));
#557=ORIENTED_EDGE('',*,*,#99,.F.);
#558=ORIENTED_EDGE('',*,*,#406,.F.);
#559=FACE_BOUND('NONE',#560,.T.);
#560=EDGE_LOOP('',(#561,#562));
#561=ORIENTED_EDGE('',*,*,#160,.F.);
#562=ORIENTED_EDGE('',*,*,#563,.T.);
#563=EDGE_CURVE('NONE',#153,#161,#564,.T.);
#564=CIRCLE('',#565,1.152267953);
#565=AXIS2_PLACEMENT_3D('',#566,#567,#568);
#566=CARTESIAN_POINT('',(0.0,45.020779774,5.38191728));
#567=DIRECTION('',(0.0,-1.0,0.0));
#568=DIRECTION('',(0.0,0.0,-1.0));
#569=PLANE('',#570);
#570=AXIS2_PLACEMENT_3D('',#571,#572,#573);
#571=CARTESIAN_POINT('',(0.0,45.020779774,6.534185234));
#572=DIRECTION('',(0.0,-1.0,0.0));
#573=DIRECTION('',(0.0,0.0,-1.0));
#574=ADVANCED_FACE('NONE',(#575),#587,.T.);
#575=FACE_BOUND('NONE',#576,.T.);
#576=EDGE_LOOP('',(#577,#578,#585,#586));
#577=ORIENTED_EDGE('',*,*,#152,.F.);
#578=ORIENTED_EDGE('',*,*,#579,.T.);
#579=EDGE_CURVE('NONE',#144,#142,#580,.T.);
#580=CIRCLE('',#581,1.152267953);
#581=AXIS2_PLACEMENT_3D('',#582,#583,#584);
#582=CARTESIAN_POINT('',(0.0,46.029014233,5.38191728));
#583=DIRECTION('',(0.0,-1.0,0.0));
#584=DIRECTION('',(0.0,0.0,-1.0));
#585=ORIENTED_EDGE('',*,*,#169,.F.);
#586=ORIENTED_EDGE('',*,*,#563,.F.);
#587=CYLINDRICAL_SURFACE('',#588,1.152267953);
#588=AXIS2_PLACEMENT_3D('',#589,#590,#591);
#589=CARTESIAN_POINT('',(0.0,26.152249699,5.38191728));
#590=DIRECTION('',(0.0,-1.0,0.0));
#591=DIRECTION('',(0.0,0.0,-1.0));
#592=ADVANCED_FACE('NONE',(#593,#597),#631,.F.);
#593=FACE_BOUND('NONE',#594,.T.);
#594=EDGE_LOOP('',(#595,#596));
#595=ORIENTED_EDGE('',*,*,#141,.F.);
#596=ORIENTED_EDGE('',*,*,#579,.F.);
#597=FACE_BOUND('NONE',#598,.T.);
#598=EDGE_LOOP('',(#599,#609,#617,#625));
#599=ORIENTED_EDGE('',*,*,#600,.T.);
#600=EDGE_CURVE('NONE',#601,#603,#605,.T.);
#601=VERTEX_POINT('NONE',#602);
#602=CARTESIAN_POINT('',(-1.86,46.029014233,7.007438143));
#603=VERTEX_POINT('NONE',#604);
#604=CARTESIAN_POINT('',(-1.86,46.029014233,3.756396417));
#605=LINE('',#606,#607);
#606=CARTESIAN_POINT('',(-1.86,46.029014233,3.756396417));
#607=VECTOR('',#608,1.0);
#608=DIRECTION('',(0.0,0.0,-1.0));
#609=ORIENTED_EDGE('',*,*,#610,.T.);
#610=EDGE_CURVE('NONE',#603,#611,#613,.T.);
#611=VERTEX_POINT('NONE',#612);
#612=CARTESIAN_POINT('',(1.86,46.029014233,3.756396417));
#613=LINE('',#614,#615);
#614=CARTESIAN_POINT('',(-1.86,46.029014233,3.756396417));
#615=VECTOR('',#616,1.0);
#616=DIRECTION('',(1.0,0.0,0.0));
#617=ORIENTED_EDGE('',*,*,#618,.T.);
#618=EDGE_CURVE('NONE',#611,#619,#621,.T.);
#619=VERTEX_POINT('NONE',#620);
#620=CARTESIAN_POINT('',(1.86,46.029014233,7.007438143));
#621=LINE('',#622,#623);
#622=CARTESIAN_POINT('',(1.86,46.029014233,3.756396417));
#623=VECTOR('',#624,1.0);
#624=DIRECTION('',(0.0,0.0,1.0));
#625=ORIENTED_EDGE('',*,*,#626,.T.);
#626=EDGE_CURVE('NONE',#619,#601,#627,.T.);
#627=LINE('',#628,#629);
#628=CARTESIAN_POINT('',(-1.86,46.029014233,7.007438143));
#629=VECTOR('',#630,1.0);
#630=DIRECTION('',(-1.0,0.0,0.0));
#631=PLANE('',#632);
#632=AXIS2_PLACEMENT_3D('',#633,#634,#635);
#633=CARTESIAN_POINT('',(0.0,46.029014233,7.007438143));
#634=DIRECTION('',(0.0,1.0,0.0));
#635=DIRECTION('',(0.0,0.0,1.0));
#636=ADVANCED_FACE('NONE',(#637),#662,.T.);
#637=FACE_BOUND('NONE',#638,.T.);
#638=EDGE_LOOP('',(#639,#640,#648,#656));
#639=ORIENTED_EDGE('',*,*,#600,.F.);
#640=ORIENTED_EDGE('',*,*,#641,.T.);
#641=EDGE_CURVE('NONE',#601,#642,#644,.T.);
#642=VERTEX_POINT('NONE',#643);
#643=CARTESIAN_POINT('',(-1.86,49.198625359,7.007438143));
#644=LINE('',#645,#646);
#645=CARTESIAN_POINT('',(-1.86,41.088602074,7.007438143));
#646=VECTOR('',#647,1.0);
#647=DIRECTION('',(0.0,1.0,0.0));
#648=ORIENTED_EDGE('',*,*,#649,.T.);
#649=EDGE_CURVE('NONE',#642,#650,#652,.F.);
#650=VERTEX_POINT('NONE',#651);
#651=CARTESIAN_POINT('',(-1.86,49.198625359,3.756396417));
#652=LINE('',#653,#654);
#653=CARTESIAN_POINT('',(-1.86,49.198625359,3.756396417));
#654=VECTOR('',#655,1.0);
#655=DIRECTION('',(0.0,0.0,1.0));
#656=ORIENTED_EDGE('',*,*,#657,.T.);
#657=EDGE_CURVE('NONE',#650,#603,#658,.F.);
#658=LINE('',#659,#660);
#659=CARTESIAN_POINT('',(-1.86,41.088602074,3.756396417));
#660=VECTOR('',#661,1.0);
#661=DIRECTION('',(0.0,1.0,0.0));
#662=PLANE('',#663);
#663=AXIS2_PLACEMENT_3D('',#664,#665,#666);
#664=CARTESIAN_POINT('',(-1.86,41.088602074,3.756396417));
#665=DIRECTION('',(-1.0,0.0,0.0));
#666=DIRECTION('',(0.0,0.0,1.0));
#667=ADVANCED_FACE('NONE',(#668),#686,.T.);
#668=FACE_BOUND('NONE',#669,.T.);
#669=EDGE_LOOP('',(#670,#671,#672,#680));
#670=ORIENTED_EDGE('',*,*,#610,.F.);
#671=ORIENTED_EDGE('',*,*,#657,.F.);
#672=ORIENTED_EDGE('',*,*,#673,.T.);
#673=EDGE_CURVE('NONE',#650,#674,#676,.F.);
#674=VERTEX_POINT('NONE',#675);
#675=CARTESIAN_POINT('',(1.86,49.198625359,3.756396417));
#676=LINE('',#677,#678);
#677=CARTESIAN_POINT('',(-1.86,49.198625359,3.756396417));
#678=VECTOR('',#679,1.0);
#679=DIRECTION('',(-1.0,0.0,0.0));
#680=ORIENTED_EDGE('',*,*,#681,.T.);
#681=EDGE_CURVE('NONE',#674,#611,#682,.F.);
#682=LINE('',#683,#684);
#683=CARTESIAN_POINT('',(1.86,41.088602074,3.756396417));
#684=VECTOR('',#685,1.0);
#685=DIRECTION('',(0.0,1.0,0.0));
#686=PLANE('',#687);
#687=AXIS2_PLACEMENT_3D('',#688,#689,#690);
#688=CARTESIAN_POINT('',(-1.86,41.088602074,3.756396417));
#689=DIRECTION('',(0.0,0.0,-1.0));
#690=DIRECTION('',(-1.0,0.0,0.0));
#691=ADVANCED_FACE('NONE',(#692),#710,.T.);
#692=FACE_BOUND('NONE',#693,.T.);
#693=EDGE_LOOP('',(#694,#695,#696,#704));
#694=ORIENTED_EDGE('',*,*,#618,.F.);
#695=ORIENTED_EDGE('',*,*,#681,.F.);
#696=ORIENTED_EDGE('',*,*,#697,.T.);
#697=EDGE_CURVE('NONE',#674,#698,#700,.F.);
#698=VERTEX_POINT('NONE',#699);
#699=CARTESIAN_POINT('',(1.86,49.198625359,7.007438143));
#700=LINE('',#701,#702);
#701=CARTESIAN_POINT('',(1.86,49.198625359,3.756396417));
#702=VECTOR('',#703,1.0);
#703=DIRECTION('',(0.0,0.0,-1.0));
#704=ORIENTED_EDGE('',*,*,#705,.T.);
#705=EDGE_CURVE('NONE',#698,#619,#706,.F.);
#706=LINE('',#707,#708);
#707=CARTESIAN_POINT('',(1.86,41.088602074,7.007438143));
#708=VECTOR('',#709,1.0);
#709=DIRECTION('',(0.0,1.0,0.0));
#710=PLANE('',#711);
#711=AXIS2_PLACEMENT_3D('',#712,#713,#714);
#712=CARTESIAN_POINT('',(1.86,41.088602074,3.756396417));
#713=DIRECTION('',(1.0,0.0,0.0));
#714=DIRECTION('',(0.0,0.0,-1.0));
#715=ADVANCED_FACE('NONE',(#716),#727,.T.);
#716=FACE_BOUND('NONE',#717,.T.);
#717=EDGE_LOOP('',(#718,#719,#720,#721));
#718=ORIENTED_EDGE('',*,*,#641,.F.);
#719=ORIENTED_EDGE('',*,*,#626,.F.);
#720=ORIENTED_EDGE('',*,*,#705,.F.);
#721=ORIENTED_EDGE('',*,*,#722,.T.);
#722=EDGE_CURVE('NONE',#698,#642,#723,.F.);
#723=LINE('',#724,#725);
#724=CARTESIAN_POINT('',(-1.86,49.198625359,7.007438143));
#725=VECTOR('',#726,1.0);
#726=DIRECTION('',(1.0,0.0,0.0));
#727=PLANE('',#728);
#728=AXIS2_PLACEMENT_3D('',#729,#730,#731);
#729=CARTESIAN_POINT('',(-1.86,41.088602074,7.007438143));
#730=DIRECTION('',(0.0,0.0,1.0));
#731=DIRECTION('',(1.0,0.0,0.0));
#732=ADVANCED_FACE('NONE',(#733),#739,.F.);
#733=FACE_BOUND('NONE',#734,.T.);
#734=EDGE_LOOP('',(#735,#736,#737,#738));
#735=ORIENTED_EDGE('',*,*,#649,.F.);
#736=ORIENTED_EDGE('',*,*,#722,.F.);
#737=ORIENTED_EDGE('',*,*,#697,.F.);
#738=ORIENTED_EDGE('',*,*,#673,.F.);
#739=PLANE('',#740);
#740=AXIS2_PLACEMENT_3D('',#741,#742,#743);
#741=CARTESIAN_POINT('',(0.0,49.198625359,5.38191728));
#742=DIRECTION('',(0.0,-1.0,0.0));
#743=DIRECTION('',(0.0,0.0,-1.0));
#744=ADVANCED_FACE('NONE',(#745),#755,.F.);
#745=FACE_BOUND('NONE',#746,.T.);
#746=EDGE_LOOP('',(#747,#748,#749,#750,#751,#752,#753,#754));
#747=ORIENTED_EDGE('',*,*,#201,.F.);
#748=ORIENTED_EDGE('',*,*,#255,.F.);
#749=ORIENTED_EDGE('',*,*,#286,.F.);
#750=ORIENTED_EDGE('',*,*,#308,.F.);
#751=ORIENTED_EDGE('',*,*,#217,.F.);
#752=ORIENTED_EDGE('',*,*,#528,.F.);
#753=ORIENTED_EDGE('',*,*,#441,.F.);
#754=ORIENTED_EDGE('',*,*,#513,.F.);
#755=PLANE('',#756);
#756=AXIS2_PLACEMENT_3D('',#757,#758,#759);
#757=CARTESIAN_POINT('',(0.0,36.697954102,7.305793238));
#758=DIRECTION('',(0.0,-1.0,0.0));
#759=DIRECTION('',(0.0,0.0,-1.0));
#760=ADVANCED_FACE('NONE',(#761),#772,.F.);
#761=FACE_BOUND('NONE',#762,.T.);
#762=EDGE_LOOP('',(#763,#769,#770,#771));
#763=ORIENTED_EDGE('',*,*,#764,.T.);
#764=EDGE_CURVE('NONE',#500,#535,#765,.F.);
#765=LINE('',#766,#767);
#766=CARTESIAN_POINT('',(-9.776051068E-32,36.697954102,7.305793238));
#767=VECTOR('',#768,1.0);
#768=DIRECTION('',(1.0,0.0,-2.254203901E-16));
#769=ORIENTED_EDGE('',*,*,#534,.F.);
#770=ORIENTED_EDGE('',*,*,#209,.F.);
#771=ORIENTED_EDGE('',*,*,#507,.F.);
#772=PLANE('',#773);
#773=AXIS2_PLACEMENT_3D('',#774,#775,#776);
#774=CARTESIAN_POINT('',(0.625333336,36.697954102,8.214969898));
#775=DIRECTION('',(0.0,1.0,0.0));
#776=DIRECTION('',(0.0,0.0,1.0));
#777=ADVANCED_FACE('NONE',(#778),#784,.F.);
#778=FACE_BOUND('NONE',#779,.T.);
#779=EDGE_LOOP('',(#780,#781,#782,#783));
#780=ORIENTED_EDGE('',*,*,#471,.F.);
#781=ORIENTED_EDGE('',*,*,#542,.F.);
#782=ORIENTED_EDGE('',*,*,#764,.F.);
#783=ORIENTED_EDGE('',*,*,#499,.F.);
#784=PLANE('',#785);
#785=AXIS2_PLACEMENT_3D('',#786,#787,#788);
#786=CARTESIAN_POINT('',(-1.923875958,48.034830429,7.305793238));
#787=DIRECTION('',(-2.254203901E-16,0.0,-1.0));
#788=DIRECTION('',(-1.0,0.0,2.254203901E-16));
#789=ADVANCED_FACE('NONE',(#790),#796,.T.);
#790=FACE_BOUND('NONE',#791,.T.);
#791=EDGE_LOOP('',(#792,#793,#794,#795));
#792=ORIENTED_EDGE('',*,*,#239,.F.);
#793=ORIENTED_EDGE('',*,*,#183,.F.);
#794=ORIENTED_EDGE('',*,*,#301,.F.);
#795=ORIENTED_EDGE('',*,*,#270,.F.);
#796=PLANE('',#797);
#797=AXIS2_PLACEMENT_3D('',#798,#799,#800);
#798=CARTESIAN_POINT('',(-7.4141,32.327530543,14.835068331));
#799=DIRECTION('',(0.0,-1.0,0.0));
#800=DIRECTION('',(0.0,0.0,-1.0));
#801=MANIFOLD_SOLID_BREP('Boss-Extrude7',#802);
#802=CLOSED_SHELL('NONE',(#803,#845,#887,#1131,#1171,#1210,#1234,#1258,#1337,#1361,#1379,#1403,#1436,#1460,#1484,#1515,#1527,#1539,#1551,#1582,#1613,#1631,#1649,#1661,#1692,#1723,#1741,#1759,#1771,#1802,#1824,#1843,#1862,#1874,#1905,#1927,#1946,#1965,#1977,#2008,#2039,#2057,#2075,#2087,#2118,#2149,#2167,#2185));
#803=ADVANCED_FACE('NONE',(#804),#840,.T.);
#804=FACE_BOUND('NONE',#805,.T.);
#805=EDGE_LOOP('',(#806,#817,#825,#834));
#806=ORIENTED_EDGE('',*,*,#807,.T.);
#807=EDGE_CURVE('NONE',#808,#810,#812,.T.);
#808=VERTEX_POINT('NONE',#809);
#809=CARTESIAN_POINT('',(-6.525,15.64932158,-4.289830102));
#810=VERTEX_POINT('NONE',#811);
#811=CARTESIAN_POINT('',(-6.525,16.14932158,-4.789830102));
#812=CIRCLE('',#813,0.5);
#813=AXIS2_PLACEMENT_3D('',#814,#815,#816);
#814=CARTESIAN_POINT('',(-6.525,16.14932158,-4.289830102));
#815=DIRECTION('',(1.0,0.0,0.0));
#816=DIRECTION('',(0.0,0.0,-1.0));
#817=ORIENTED_EDGE('',*,*,#818,.T.);
#818=EDGE_CURVE('NONE',#810,#819,#821,.T.);
#819=VERTEX_POINT('NONE',#820);
#820=CARTESIAN_POINT('',(-6.025,16.14932158,-4.789830102));
#821=LINE('',#822,#823);
#822=CARTESIAN_POINT('',(-6.525,16.14932158,-4.789830102));
#823=VECTOR('',#824,1.0);
#824=DIRECTION('',(1.0,0.0,0.0));
#825=ORIENTED_EDGE('',*,*,#826,.T.);
#826=EDGE_CURVE('NONE',#819,#827,#829,.F.);
#827=VERTEX_POINT('NONE',#828);
#828=CARTESIAN_POINT('',(-6.025,15.64932158,-4.289830102));
#829=CIRCLE('',#830,0.5);
#830=AXIS2_PLACEMENT_3D('',#831,#832,#833);
#831=CARTESIAN_POINT('',(-6.025,16.14932158,-4.289830102));
#832=DIRECTION('',(1.0,0.0,0.0));
#833=DIRECTION('',(0.0,0.0,-1.0));
#834=ORIENTED_EDGE('',*,*,#835,.T.);
#835=EDGE_CURVE('NONE',#827,#808,#836,.F.);
#836=LINE('',#837,#838);
#837=CARTESIAN_POINT('',(-6.525,15.64932158,-4.289830102));
#838=VECTOR('',#839,1.0);
#839=DIRECTION('',(1.0,0.0,0.0));
#840=CYLINDRICAL_SURFACE('',#841,0.5);
#841=AXIS2_PLACEMENT_3D('',#842,#843,#844);
#842=CARTESIAN_POINT('',(-6.525,16.14932158,-4.289830102));
#843=DIRECTION('',(1.0,0.0,0.0));
#844=DIRECTION('',(0.0,0.0,-1.0));
#845=ADVANCED_FACE('NONE',(#846),#882,.T.);
#846=FACE_BOUND('NONE',#847,.T.);
#847=EDGE_LOOP('',(#848,#859,#867,#876));
#848=ORIENTED_EDGE('',*,*,#849,.T.);
#849=EDGE_CURVE('NONE',#850,#852,#854,.T.);
#850=VERTEX_POINT('NONE',#851);
#851=CARTESIAN_POINT('',(-6.525,3.66052158,-4.289830102));
#852=VERTEX_POINT('NONE',#853);
#853=CARTESIAN_POINT('',(-6.525,4.16052158,-4.789830102));
#854=CIRCLE('',#855,0.5);
#855=AXIS2_PLACEMENT_3D('',#856,#857,#858);
#856=CARTESIAN_POINT('',(-6.525,4.16052158,-4.289830102));
#857=DIRECTION('',(1.0,0.0,0.0));
#858=DIRECTION('',(0.0,0.0,-1.0));
#859=ORIENTED_EDGE('',*,*,#860,.T.);
#860=EDGE_CURVE('NONE',#852,#861,#863,.T.);
#861=VERTEX_POINT('NONE',#862);
#862=CARTESIAN_POINT('',(-6.025,4.16052158,-4.789830102));
#863=LINE('',#864,#865);
#864=CARTESIAN_POINT('',(-6.525,4.16052158,-4.789830102));
#865=VECTOR('',#866,1.0);
#866=DIRECTION('',(1.0,0.0,0.0));
#867=ORIENTED_EDGE('',*,*,#868,.T.);
#868=EDGE_CURVE('NONE',#861,#869,#871,.F.);
#869=VERTEX_POINT('NONE',#870);
#870=CARTESIAN_POINT('',(-6.025,3.66052158,-4.289830102));
#871=CIRCLE('',#872,0.5);
#872=AXIS2_PLACEMENT_3D('',#873,#874,#875);
#873=CARTESIAN_POINT('',(-6.025,4.16052158,-4.289830102));
#874=DIRECTION('',(1.0,0.0,0.0));
#875=DIRECTION('',(0.0,0.0,-1.0));
#876=ORIENTED_EDGE('',*,*,#877,.T.);
#877=EDGE_CURVE('NONE',#869,#850,#878,.F.);
#878=LINE('',#879,#880);
#879=CARTESIAN_POINT('',(-6.525,3.66052158,-4.289830102));
#880=VECTOR('',#881,1.0);
#881=DIRECTION('',(1.0,0.0,0.0));
#882=CYLINDRICAL_SURFACE('',#883,0.5);
#883=AXIS2_PLACEMENT_3D('',#884,#885,#886);
#884=CARTESIAN_POINT('',(-6.525,4.16052158,-4.289830102));
#885=DIRECTION('',(1.0,0.0,0.0));
#886=DIRECTION('',(0.0,0.0,-1.0));
#887=ADVANCED_FACE('NONE',(#888,#922,#956,#990,#1024,#1058,#1092),#1126,.F.);
#888=FACE_BOUND('NONE',#889,.T.);
#889=EDGE_LOOP('',(#890,#900,#908,#916));
#890=ORIENTED_EDGE('',*,*,#891,.T.);
#891=EDGE_CURVE('NONE',#892,#894,#896,.F.);
#892=VERTEX_POINT('NONE',#893);
#893=CARTESIAN_POINT('',(4.5,10.40492158,0.0));
#894=VERTEX_POINT('NONE',#895);
#895=CARTESIAN_POINT('',(4.5,9.90492158,0.0));
#896=LINE('',#897,#898);
#897=CARTESIAN_POINT('',(4.5,3.032021137E-32,0.0));
#898=VECTOR('',#899,1.0);
#899=DIRECTION('',(1.044048462E-32,1.0,0.0));
#900=ORIENTED_EDGE('',*,*,#901,.T.);
#901=EDGE_CURVE('NONE',#894,#902,#904,.T.);
#902=VERTEX_POINT('NONE',#903);
#903=CARTESIAN_POINT('',(5.5,9.90492158,0.0));
#904=LINE('',#905,#906);
#905=CARTESIAN_POINT('',(7.4041,9.90492158,0.0));
#906=VECTOR('',#907,1.0);
#907=DIRECTION('',(1.0,0.0,0.0));
#908=ORIENTED_EDGE('',*,*,#909,.T.);
#909=EDGE_CURVE('NONE',#902,#910,#912,.F.);
#910=VERTEX_POINT('NONE',#911);
#911=CARTESIAN_POINT('',(5.5,10.40492158,-1.734723476E-15));
#912=LINE('',#913,#914);
#913=CARTESIAN_POINT('',(5.5,5.963918027E-32,0.0));
#914=VECTOR('',#915,1.0);
#915=DIRECTION('',(-3.132145385E-32,-1.0,0.0));
#916=ORIENTED_EDGE('',*,*,#917,.T.);
#917=EDGE_CURVE('NONE',#910,#892,#918,.F.);
#918=LINE('',#919,#920);
#919=CARTESIAN_POINT('',(7.4041,10.40492158,0.0));
#920=VECTOR('',#921,1.0);
#921=DIRECTION('',(1.0,0.0,0.0));
#922=FACE_BOUND('NONE',#923,.T.);
#923=EDGE_LOOP('',(#924,#934,#942,#950));
#924=ORIENTED_EDGE('',*,*,#925,.T.);
#925=EDGE_CURVE('NONE',#926,#928,#930,.T.);
#926=VERTEX_POINT('NONE',#927);
#927=CARTESIAN_POINT('',(-7.4041,0.0,0.0));
#928=VERTEX_POINT('NONE',#929);
#929=CARTESIAN_POINT('',(-7.4041,25.381929493,0.0));
#930=LINE('',#931,#932);
#931=CARTESIAN_POINT('',(-7.4041,0.0,0.0));
#932=VECTOR('',#933,1.0);
#933=DIRECTION('',(0.0,1.0,0.0));
#934=ORIENTED_EDGE('',*,*,#935,.T.);
#935=EDGE_CURVE('NONE',#928,#936,#938,.F.);
#936=VERTEX_POINT('NONE',#937);
#937=CARTESIAN_POINT('',(7.4041,25.381929493,0.0));
#938=LINE('',#939,#940);
#939=CARTESIAN_POINT('',(7.4041,25.381929493,0.0));
#940=VECTOR('',#941,1.0);
#941=DIRECTION('',(-1.0,0.0,0.0));
#942=ORIENTED_EDGE('',*,*,#943,.T.);
#943=EDGE_CURVE('NONE',#936,#944,#946,.F.);
#944=VERTEX_POINT('NONE',#945);
#945=CARTESIAN_POINT('',(7.4041,0.0,0.0));
#946=LINE('',#947,#948);
#947=CARTESIAN_POINT('',(7.4041,0.0,0.0));
#948=VECTOR('',#949,1.0);
#949=DIRECTION('',(0.0,1.0,0.0));
#950=ORIENTED_EDGE('',*,*,#951,.T.);
#951=EDGE_CURVE('NONE',#944,#926,#952,.T.);
#952=LINE('',#953,#954);
#953=CARTESIAN_POINT('',(7.4041,0.0,0.0));
#954=VECTOR('',#955,1.0);
#955=DIRECTION('',(-1.0,0.0,0.0));
#956=FACE_BOUND('NONE',#957,.T.);
#957=EDGE_LOOP('',(#958,#968,#976,#984));
#958=ORIENTED_EDGE('',*,*,#959,.T.);
#959=EDGE_CURVE('NONE',#960,#962,#964,.F.);
#960=VERTEX_POINT('NONE',#961);
#961=CARTESIAN_POINT('',(6.025,3.66052158,0.0));
#962=VERTEX_POINT('NONE',#963);
#963=CARTESIAN_POINT('',(6.525,3.66052158,0.0));
#964=LINE('',#965,#966);
#965=CARTESIAN_POINT('',(7.4041,3.66052158,0.0));
#966=VECTOR('',#967,1.0);
#967=DIRECTION('',(-1.0,0.0,0.0));
#968=ORIENTED_EDGE('',*,*,#969,.T.);
#969=EDGE_CURVE('NONE',#962,#970,#972,.T.);
#970=VERTEX_POINT('NONE',#971);
#971=CARTESIAN_POINT('',(6.525,4.66052158,0.0));
#972=LINE('',#973,#974);
#973=CARTESIAN_POINT('',(6.525,0.0,0.0));
#974=VECTOR('',#975,1.0);
#975=DIRECTION('',(0.0,1.0,0.0));
#976=ORIENTED_EDGE('',*,*,#977,.T.);
#977=EDGE_CURVE('NONE',#970,#978,#980,.F.);
#978=VERTEX_POINT('NONE',#979);
#979=CARTESIAN_POINT('',(6.025,4.66052158,0.0));
#980=LINE('',#981,#982);
#981=CARTESIAN_POINT('',(7.4041,4.66052158,0.0));
#982=VECTOR('',#983,1.0);
#983=DIRECTION('',(1.0,0.0,0.0));
#984=ORIENTED_EDGE('',*,*,#985,.T.);
#985=EDGE_CURVE('NONE',#978,#960,#986,.F.);
#986=LINE('',#987,#988);
#987=CARTESIAN_POINT('',(6.025,0.0,0.0));
#988=VECTOR('',#989,1.0);
#989=DIRECTION('',(0.0,1.0,0.0));
#990=FACE_BOUND('NONE',#991,.T.);
#991=EDGE_LOOP('',(#992,#1002,#1010,#1018));
#992=ORIENTED_EDGE('',*,*,#993,.T.);
#993=EDGE_CURVE('NONE',#994,#996,#998,.F.);
#994=VERTEX_POINT('NONE',#995);
#995=CARTESIAN_POINT('',(6.025,15.64932158,0.0));
#996=VERTEX_POINT('NONE',#997);
#997=CARTESIAN_POINT('',(6.525,15.64932158,0.0));
#998=LINE('',#999,#1000);
#999=CARTESIAN_POINT('',(7.4041,15.64932158,0.0));
#1000=VECTOR('',#1001,1.0);
#1001=DIRECTION('',(-1.0,0.0,0.0));
#1002=ORIENTED_EDGE('',*,*,#1003,.T.);
#1003=EDGE_CURVE('NONE',#996,#1004,#1006,.T.);
#1004=VERTEX_POINT('NONE',#1005);
#1005=CARTESIAN_POINT('',(6.525,16.64932158,0.0));
#1006=LINE('',#1007,#1008);
#1007=CARTESIAN_POINT('',(6.525,0.0,0.0));
#1008=VECTOR('',#1009,1.0);
#1009=DIRECTION('',(0.0,1.0,0.0));
#1010=ORIENTED_EDGE('',*,*,#1011,.T.);
#1011=EDGE_CURVE('NONE',#1004,#1012,#1014,.F.);
#1012=VERTEX_POINT('NONE',#1013);
#1013=CARTESIAN_POINT('',(6.025,16.64932158,0.0));
#1014=LINE('',#1015,#1016);
#1015=CARTESIAN_POINT('',(7.4041,16.64932158,0.0));
#1016=VECTOR('',#1017,1.0);
#1017=DIRECTION('',(1.0,0.0,0.0));
#1018=ORIENTED_EDGE('',*,*,#1019,.T.);
#1019=EDGE_CURVE('NONE',#1012,#994,#1020,.F.);
#1020=LINE('',#1021,#1022);
#1021=CARTESIAN_POINT('',(6.025,0.0,0.0));
#1022=VECTOR('',#1023,1.0);
#1023=DIRECTION('',(0.0,1.0,0.0));
#1024=FACE_BOUND('NONE',#1025,.T.);
#1025=EDGE_LOOP('',(#1026,#1036,#1044,#1052));
#1026=ORIENTED_EDGE('',*,*,#1027,.T.);
#1027=EDGE_CURVE('NONE',#1028,#1030,#1032,.T.);
#1028=VERTEX_POINT('NONE',#1029);
#1029=CARTESIAN_POINT('',(-6.025,4.66052158,0.0));
#1030=VERTEX_POINT('NONE',#1031);
#1031=CARTESIAN_POINT('',(-6.525,4.66052158,0.0));
#1032=LINE('',#1033,#1034);
#1033=CARTESIAN_POINT('',(7.4041,4.66052158,0.0));
#1034=VECTOR('',#1035,1.0);
#1035=DIRECTION('',(-1.0,0.0,0.0));
#1036=ORIENTED_EDGE('',*,*,#1037,.T.);
#1037=EDGE_CURVE('NONE',#1030,#1038,#1040,.T.);
#1038=VERTEX_POINT('NONE',#1039);
#1039=CARTESIAN_POINT('',(-6.525,3.66052158,0.0));
#1040=LINE('',#1041,#1042);
#1041=CARTESIAN_POINT('',(-6.525,0.0,0.0));
#1042=VECTOR('',#1043,1.0);
#1043=DIRECTION('',(0.0,-1.0,0.0));
#1044=ORIENTED_EDGE('',*,*,#1045,.T.);
#1045=EDGE_CURVE('NONE',#1038,#1046,#1048,.T.);
#1046=VERTEX_POINT('NONE',#1047);
#1047=CARTESIAN_POINT('',(-6.025,3.66052158,0.0));
#1048=LINE('',#1049,#1050);
#1049=CARTESIAN_POINT('',(7.4041,3.66052158,0.0));
#1050=VECTOR('',#1051,1.0);
#1051=DIRECTION('',(1.0,0.0,0.0));
#1052=ORIENTED_EDGE('',*,*,#1053,.T.);
#1053=EDGE_CURVE('NONE',#1046,#1028,#1054,.F.);
#1054=LINE('',#1055,#1056);
#1055=CARTESIAN_POINT('',(-6.025,0.0,0.0));
#1056=VECTOR('',#1057,1.0);
#1057=DIRECTION('',(0.0,-1.0,0.0));
#1058=FACE_BOUND('NONE',#1059,.T.);
#1059=EDGE_LOOP('',(#1060,#1070,#1078,#1086));
#1060=ORIENTED_EDGE('',*,*,#1061,.T.);
#1061=EDGE_CURVE('NONE',#1062,#1064,#1066,.T.);
#1062=VERTEX_POINT('NONE',#1063);
#1063=CARTESIAN_POINT('',(-6.025,16.64932158,0.0));
#1064=VERTEX_POINT('NONE',#1065);
#1065=CARTESIAN_POINT('',(-6.525,16.64932158,0.0));
#1066=LINE('',#1067,#1068);
#1067=CARTESIAN_POINT('',(7.4041,16.64932158,0.0));
#1068=VECTOR('',#1069,1.0);
#1069=DIRECTION('',(-1.0,0.0,0.0));
#1070=ORIENTED_EDGE('',*,*,#1071,.T.);
#1071=EDGE_CURVE('NONE',#1064,#1072,#1074,.T.);
#1072=VERTEX_POINT('NONE',#1073);
#1073=CARTESIAN_POINT('',(-6.525,15.64932158,0.0));
#1074=LINE('',#1075,#1076);
#1075=CARTESIAN_POINT('',(-6.525,0.0,0.0));
#1076=VECTOR('',#1077,1.0);
#1077=DIRECTION('',(0.0,-1.0,0.0));
#1078=ORIENTED_EDGE('',*,*,#1079,.T.);
#1079=EDGE_CURVE('NONE',#1072,#1080,#1082,.T.);
#1080=VERTEX_POINT('NONE',#1081);
#1081=CARTESIAN_POINT('',(-6.025,15.64932158,0.0));
#1082=LINE('',#1083,#1084);
#1083=CARTESIAN_POINT('',(7.4041,15.64932158,0.0));
#1084=VECTOR('',#1085,1.0);
#1085=DIRECTION('',(1.0,0.0,0.0));
#1086=ORIENTED_EDGE('',*,*,#1087,.T.);
#1087=EDGE_CURVE('NONE',#1080,#1062,#1088,.F.);
#1088=LINE('',#1089,#1090);
#1089=CARTESIAN_POINT('',(-6.025,0.0,0.0));
#1090=VECTOR('',#1091,1.0);
#1091=DIRECTION('',(0.0,-1.0,0.0));
#1092=FACE_BOUND('NONE',#1093,.T.);
#1093=EDGE_LOOP('',(#1094,#1104,#1112,#1120));
#1094=ORIENTED_EDGE('',*,*,#1095,.T.);
#1095=EDGE_CURVE('NONE',#1096,#1098,#1100,.F.);
#1096=VERTEX_POINT('NONE',#1097);
#1097=CARTESIAN_POINT('',(-5.5,9.90492158,-1.734723476E-15));
#1098=VERTEX_POINT('NONE',#1099);
#1099=CARTESIAN_POINT('',(-4.5,9.90492158,-1.734723476E-15));
#1100=LINE('',#1101,#1102);
#1101=CARTESIAN_POINT('',(7.4041,9.90492158,0.0));
#1102=VECTOR('',#1103,1.0);
#1103=DIRECTION('',(-1.0,0.0,0.0));
#1104=ORIENTED_EDGE('',*,*,#1105,.T.);
#1105=EDGE_CURVE('NONE',#1098,#1106,#1108,.F.);
#1106=VERTEX_POINT('NONE',#1107);
#1107=CARTESIAN_POINT('',(-4.5,10.40492158,-1.734723476E-15));
#1108=LINE('',#1109,#1110);
#1109=CARTESIAN_POINT('',(-4.5,3.728537187E-31,0.0));
#1110=VECTOR('',#1111,1.0);
#1111=DIRECTION('',(-3.132145385E-32,-1.0,0.0));
#1112=ORIENTED_EDGE('',*,*,#1113,.T.);
#1113=EDGE_CURVE('NONE',#1106,#1114,#1116,.T.);
#1114=VERTEX_POINT('NONE',#1115);
#1115=CARTESIAN_POINT('',(-5.5,10.40492158,0.0));
#1116=LINE('',#1117,#1118);
#1117=CARTESIAN_POINT('',(7.4041,10.40492158,0.0));
#1118=VECTOR('',#1119,1.0);
#1119=DIRECTION('',(-1.0,0.0,0.0));
#1120=ORIENTED_EDGE('',*,*,#1121,.T.);
#1121=EDGE_CURVE('NONE',#1114,#1096,#1122,.F.);
#1122=LINE('',#1123,#1124);
#1123=CARTESIAN_POINT('',(-5.5,1.347250575E-31,0.0));
#1124=VECTOR('',#1125,1.0);
#1125=DIRECTION('',(1.044048462E-32,1.0,0.0));
#1126=PLANE('',#1127);
#1127=AXIS2_PLACEMENT_3D('',#1128,#1129,#1130);
#1128=CARTESIAN_POINT('',(7.4041,0.0,0.0));
#1129=DIRECTION('',(0.0,0.0,1.0));
#1130=DIRECTION('',(1.0,0.0,0.0));
#1131=ADVANCED_FACE('NONE',(#1132),#1166,.F.);
#1132=FACE_BOUND('NONE',#1133,.T.);
#1133=EDGE_LOOP('',(#1134,#1144,#1152,#1160));
#1134=ORIENTED_EDGE('',*,*,#1135,.T.);
#1135=EDGE_CURVE('NONE',#1136,#1138,#1140,.F.);
#1136=VERTEX_POINT('NONE',#1137);
#1137=CARTESIAN_POINT('',(3.696378337,32.327530543,7.214969898));
#1138=VERTEX_POINT('NONE',#1139);
#1139=CARTESIAN_POINT('',(3.696378337,32.327530543,0.481745791));
#1140=LINE('',#1141,#1142);
#1141=CARTESIAN_POINT('',(3.696378337,32.327530543,0.481745791));
#1142=VECTOR('',#1143,1.0);
#1143=DIRECTION('',(0.0,0.0,1.0));
#1144=ORIENTED_EDGE('',*,*,#1145,.T.);
#1145=EDGE_CURVE('NONE',#1138,#1146,#1148,.F.);
#1146=VERTEX_POINT('NONE',#1147);
#1147=CARTESIAN_POINT('',(-3.696378337,32.327530543,0.481745791));
#1148=LINE('',#1149,#1150);
#1149=CARTESIAN_POINT('',(-3.696378337,32.327530543,0.481745791));
#1150=VECTOR('',#1151,1.0);
#1151=DIRECTION('',(1.0,0.0,-1.246587555E-16));
#1152=ORIENTED_EDGE('',*,*,#1153,.T.);
#1153=EDGE_CURVE('NONE',#1146,#1154,#1156,.F.);
#1154=VERTEX_POINT('NONE',#1155);
#1155=CARTESIAN_POINT('',(-3.696378337,32.327530543,7.214969898));
#1156=LINE('',#1157,#1158);
#1157=CARTESIAN_POINT('',(-3.696378337,32.327530543,0.481745791));
#1158=VECTOR('',#1159,1.0);
#1159=DIRECTION('',(0.0,0.0,-1.0));
#1160=ORIENTED_EDGE('',*,*,#1161,.T.);
#1161=EDGE_CURVE('NONE',#1154,#1136,#1162,.F.);
#1162=LINE('',#1163,#1164);
#1163=CARTESIAN_POINT('',(-3.696378337,32.327530543,7.214969898));
#1164=VECTOR('',#1165,1.0);
#1165=DIRECTION('',(-1.0,0.0,0.0));
#1166=PLANE('',#1167);
#1167=AXIS2_PLACEMENT_3D('',#1168,#1169,#1170);
#1168=CARTESIAN_POINT('',(-7.4141,32.327530543,14.835068331));
#1169=DIRECTION('',(0.0,-1.0,0.0));
#1170=DIRECTION('',(0.0,0.0,-1.0));
#1171=ADVANCED_FACE('NONE',(#1172),#1205,.F.);
#1172=FACE_BOUND('NONE',#1173,.T.);
#1173=EDGE_LOOP('',(#1174,#1182,#1183,#1191,#1199));
#1174=ORIENTED_EDGE('',*,*,#1175,.T.);
#1175=EDGE_CURVE('NONE',#1176,#1154,#1178,.F.);
#1176=VERTEX_POINT('NONE',#1177);
#1177=CARTESIAN_POINT('',(-3.696378337,31.244745536,7.214969898));
#1178=LINE('',#1179,#1180);
#1179=CARTESIAN_POINT('',(-3.696378337,46.697411994,7.214969898));
#1180=VECTOR('',#1181,1.0);
#1181=DIRECTION('',(0.0,-1.0,0.0));
#1182=ORIENTED_EDGE('',*,*,#1153,.F.);
#1183=ORIENTED_EDGE('',*,*,#1184,.T.);
#1184=EDGE_CURVE('NONE',#1146,#1185,#1187,.T.);
#1185=VERTEX_POINT('NONE',#1186);
#1186=CARTESIAN_POINT('',(-3.696378337,25.381929493,0.481745791));
#1187=LINE('',#1188,#1189);
#1188=CARTESIAN_POINT('',(-3.696378337,46.697411994,0.481745791));
#1189=VECTOR('',#1190,1.0);
#1190=DIRECTION('',(0.0,-1.0,0.0));
#1191=ORIENTED_EDGE('',*,*,#1192,.T.);
#1192=EDGE_CURVE('NONE',#1185,#1193,#1195,.T.);
#1193=VERTEX_POINT('NONE',#1194);
#1194=CARTESIAN_POINT('',(-3.696378337,25.381929493,7.214969898));
#1195=LINE('',#1196,#1197);
#1196=CARTESIAN_POINT('',(-3.696378337,25.381929493,0.481745791));
#1197=VECTOR('',#1198,1.0);
#1198=DIRECTION('',(0.0,0.0,1.0));
#1199=ORIENTED_EDGE('',*,*,#1200,.T.);
#1200=EDGE_CURVE('NONE',#1193,#1176,#1201,.F.);
#1201=LINE('',#1202,#1203);
#1202=CARTESIAN_POINT('',(-3.696378337,46.697411994,7.214969898));
#1203=VECTOR('',#1204,1.0);
#1204=DIRECTION('',(0.0,-1.0,0.0));
#1205=PLANE('',#1206);
#1206=AXIS2_PLACEMENT_3D('',#1207,#1208,#1209);
#1207=CARTESIAN_POINT('',(-3.696378337,46.697411994,0.481745791));
#1208=DIRECTION('',(1.0,0.0,0.0));
#1209=DIRECTION('',(0.0,0.0,-1.0));
#1210=ADVANCED_FACE('NONE',(#1211),#1229,.F.);
#1211=FACE_BOUND('NONE',#1212,.T.);
#1212=EDGE_LOOP('',(#1213,#1221,#1222,#1223));
#1213=ORIENTED_EDGE('',*,*,#1214,.T.);
#1214=EDGE_CURVE('NONE',#1215,#1136,#1217,.F.);
#1215=VERTEX_POINT('NONE',#1216);
#1216=CARTESIAN_POINT('',(3.696378337,31.244745536,7.214969898));
#1217=LINE('',#1218,#1219);
#1218=CARTESIAN_POINT('',(3.696378337,46.697411994,7.214969898));
#1219=VECTOR('',#1220,1.0);
#1220=DIRECTION('',(0.0,-1.0,0.0));
#1221=ORIENTED_EDGE('',*,*,#1161,.F.);
#1222=ORIENTED_EDGE('',*,*,#1175,.F.);
#1223=ORIENTED_EDGE('',*,*,#1224,.T.);
#1224=EDGE_CURVE('NONE',#1176,#1215,#1225,.F.);
#1225=LINE('',#1226,#1227);
#1226=CARTESIAN_POINT('',(4.708463619,31.244745536,7.214969898));
#1227=VECTOR('',#1228,1.0);
#1228=DIRECTION('',(-1.0,0.0,0.0));
#1229=PLANE('',#1230);
#1230=AXIS2_PLACEMENT_3D('',#1231,#1232,#1233);
#1231=CARTESIAN_POINT('',(-3.696378337,46.697411994,7.214969898));
#1232=DIRECTION('',(0.0,0.0,-1.0));
#1233=DIRECTION('',(-1.0,0.0,0.0));
#1234=ADVANCED_FACE('NONE',(#1235),#1253,.F.);
#1235=FACE_BOUND('NONE',#1236,.T.);
#1236=EDGE_LOOP('',(#1237,#1238,#1239,#1247));
#1237=ORIENTED_EDGE('',*,*,#1184,.F.);
#1238=ORIENTED_EDGE('',*,*,#1145,.F.);
#1239=ORIENTED_EDGE('',*,*,#1240,.T.);
#1240=EDGE_CURVE('NONE',#1138,#1241,#1243,.T.);
#1241=VERTEX_POINT('NONE',#1242);
#1242=CARTESIAN_POINT('',(3.696378337,25.381929493,0.481745791));
#1243=LINE('',#1244,#1245);
#1244=CARTESIAN_POINT('',(3.696378337,46.697411994,0.481745791));
#1245=VECTOR('',#1246,1.0);
#1246=DIRECTION('',(0.0,-1.0,0.0));
#1247=ORIENTED_EDGE('',*,*,#1248,.T.);
#1248=EDGE_CURVE('NONE',#1241,#1185,#1249,.T.);
#1249=LINE('',#1250,#1251);
#1250=CARTESIAN_POINT('',(-3.696378337,25.381929493,0.481745791));
#1251=VECTOR('',#1252,1.0);
#1252=DIRECTION('',(-1.0,0.0,1.246587555E-16));
#1253=PLANE('',#1254);
#1254=AXIS2_PLACEMENT_3D('',#1255,#1256,#1257);
#1255=CARTESIAN_POINT('',(-3.696378337,46.697411994,0.481745791));
#1256=DIRECTION('',(1.246587555E-16,0.0,1.0));
#1257=DIRECTION('',(1.0,0.0,-1.246587555E-16));
#1258=ADVANCED_FACE('NONE',(#1259),#1332,.F.);
#1259=FACE_BOUND('NONE',#1260,.T.);
#1260=EDGE_LOOP('',(#1261,#1269,#1270,#1278,#1286,#1294,#1300,#1301,#1302,#1310,#1318,#1326));
#1261=ORIENTED_EDGE('',*,*,#1262,.T.);
#1262=EDGE_CURVE('NONE',#1263,#936,#1265,.F.);
#1263=VERTEX_POINT('NONE',#1264);
#1264=CARTESIAN_POINT('',(7.4041,25.381929493,8.214969898));
#1265=LINE('',#1266,#1267);
#1266=CARTESIAN_POINT('',(7.4041,25.381929493,0.0));
#1267=VECTOR('',#1268,1.0);
#1268=DIRECTION('',(0.0,0.0,1.0));
#1269=ORIENTED_EDGE('',*,*,#935,.F.);
#1270=ORIENTED_EDGE('',*,*,#1271,.T.);
#1271=EDGE_CURVE('NONE',#928,#1272,#1274,.T.);
#1272=VERTEX_POINT('NONE',#1273);
#1273=CARTESIAN_POINT('',(-7.4041,25.381929493,8.214969898));
#1274=LINE('',#1275,#1276);
#1275=CARTESIAN_POINT('',(-7.4041,25.381929493,0.0));
#1276=VECTOR('',#1277,1.0);
#1277=DIRECTION('',(0.0,0.0,1.0));
#1278=ORIENTED_EDGE('',*,*,#1279,.T.);
#1279=EDGE_CURVE('NONE',#1272,#1280,#1282,.F.);
#1280=VERTEX_POINT('NONE',#1281);
#1281=CARTESIAN_POINT('',(-4.708463619,25.381929493,8.214969898));
#1282=LINE('',#1283,#1284);
#1283=CARTESIAN_POINT('',(7.4041,25.381929493,8.214969898));
#1284=VECTOR('',#1285,1.0);
#1285=DIRECTION('',(-1.0,0.0,0.0));
#1286=ORIENTED_EDGE('',*,*,#1287,.T.);
#1287=EDGE_CURVE('NONE',#1280,#1288,#1290,.T.);
#1288=VERTEX_POINT('NONE',#1289);
#1289=CARTESIAN_POINT('',(-4.708463619,25.381929493,7.214969898));
#1290=LINE('',#1291,#1292);
#1291=CARTESIAN_POINT('',(-4.708463619,25.381929493,0.0));
#1292=VECTOR('',#1293,1.0);
#1293=DIRECTION('',(0.0,0.0,-1.0));
#1294=ORIENTED_EDGE('',*,*,#1295,.T.);
#1295=EDGE_CURVE('NONE',#1288,#1193,#1296,.F.);
#1296=LINE('',#1297,#1298);
#1297=CARTESIAN_POINT('',(7.4041,25.381929493,7.214969898));
#1298=VECTOR('',#1299,1.0);
#1299=DIRECTION('',(-1.0,0.0,0.0));
#1300=ORIENTED_EDGE('',*,*,#1192,.F.);
#1301=ORIENTED_EDGE('',*,*,#1248,.F.);
#1302=ORIENTED_EDGE('',*,*,#1303,.T.);
#1303=EDGE_CURVE('NONE',#1241,#1304,#1306,.F.);
#1304=VERTEX_POINT('NONE',#1305);
#1305=CARTESIAN_POINT('',(3.696378337,25.381929493,7.214969898));
#1306=LINE('',#1307,#1308);
#1307=CARTESIAN_POINT('',(3.696378337,25.381929493,0.481745791));
#1308=VECTOR('',#1309,1.0);
#1309=DIRECTION('',(0.0,0.0,-1.0));
#1310=ORIENTED_EDGE('',*,*,#1311,.T.);
#1311=EDGE_CURVE('NONE',#1304,#1312,#1314,.F.);
#1312=VERTEX_POINT('NONE',#1313);
#1313=CARTESIAN_POINT('',(4.708463619,25.381929493,7.214969898));
#1314=LINE('',#1315,#1316);
#1315=CARTESIAN_POINT('',(7.4041,25.381929493,7.214969898));
#1316=VECTOR('',#1317,1.0);
#1317=DIRECTION('',(-1.0,0.0,0.0));
#1318=ORIENTED_EDGE('',*,*,#1319,.T.);
#1319=EDGE_CURVE('NONE',#1312,#1320,#1322,.T.);
#1320=VERTEX_POINT('NONE',#1321);
#1321=CARTESIAN_POINT('',(4.708463619,25.381929493,8.214969898));
#1322=LINE('',#1323,#1324);
#1323=CARTESIAN_POINT('',(4.708463619,25.381929493,0.0));
#1324=VECTOR('',#1325,1.0);
#1325=DIRECTION('',(0.0,0.0,1.0));
#1326=ORIENTED_EDGE('',*,*,#1327,.T.);
#1327=EDGE_CURVE('NONE',#1320,#1263,#1328,.F.);
#1328=LINE('',#1329,#1330);
#1329=CARTESIAN_POINT('',(7.4041,25.381929493,8.214969898));
#1330=VECTOR('',#1331,1.0);
#1331=DIRECTION('',(-1.0,0.0,0.0));
#1332=PLANE('',#1333);
#1333=AXIS2_PLACEMENT_3D('',#1334,#1335,#1336);
#1334=CARTESIAN_POINT('',(7.4041,25.381929493,0.0));
#1335=DIRECTION('',(0.0,-1.0,0.0));
#1336=DIRECTION('',(0.0,0.0,-1.0));
#1337=ADVANCED_FACE('NONE',(#1338),#1356,.F.);
#1338=FACE_BOUND('NONE',#1339,.T.);
#1339=EDGE_LOOP('',(#1340,#1341,#1342,#1350));
#1340=ORIENTED_EDGE('',*,*,#1200,.F.);
#1341=ORIENTED_EDGE('',*,*,#1295,.F.);
#1342=ORIENTED_EDGE('',*,*,#1343,.T.);
#1343=EDGE_CURVE('NONE',#1288,#1344,#1346,.F.);
#1344=VERTEX_POINT('NONE',#1345);
#1345=CARTESIAN_POINT('',(-4.708463619,31.244745536,7.214969898));
#1346=LINE('',#1347,#1348);
#1347=CARTESIAN_POINT('',(-4.708463619,19.519113449,7.214969898));
#1348=VECTOR('',#1349,1.0);
#1349=DIRECTION('',(0.0,-1.0,0.0));
#1350=ORIENTED_EDGE('',*,*,#1351,.T.);
#1351=EDGE_CURVE('NONE',#1344,#1176,#1352,.F.);
#1352=LINE('',#1353,#1354);
#1353=CARTESIAN_POINT('',(4.708463619,31.244745536,7.214969898));
#1354=VECTOR('',#1355,1.0);
#1355=DIRECTION('',(-1.0,0.0,0.0));
#1356=PLANE('',#1357);
#1357=AXIS2_PLACEMENT_3D('',#1358,#1359,#1360);
#1358=CARTESIAN_POINT('',(0.0,0.0,7.214969898));
#1359=DIRECTION('',(0.0,0.0,1.0));
#1360=DIRECTION('',(1.0,0.0,0.0));
#1361=ADVANCED_FACE('NONE',(#1362),#1374,.F.);
#1362=FACE_BOUND('NONE',#1363,.T.);
#1363=EDGE_LOOP('',(#1364,#1365,#1366,#1367,#1373));
#1364=ORIENTED_EDGE('',*,*,#1240,.F.);
#1365=ORIENTED_EDGE('',*,*,#1135,.F.);
#1366=ORIENTED_EDGE('',*,*,#1214,.F.);
#1367=ORIENTED_EDGE('',*,*,#1368,.T.);
#1368=EDGE_CURVE('NONE',#1215,#1304,#1369,.T.);
#1369=LINE('',#1370,#1371);
#1370=CARTESIAN_POINT('',(3.696378337,46.697411994,7.214969898));
#1371=VECTOR('',#1372,1.0);
#1372=DIRECTION('',(0.0,-1.0,0.0));
#1373=ORIENTED_EDGE('',*,*,#1303,.F.);
#1374=PLANE('',#1375);
#1375=AXIS2_PLACEMENT_3D('',#1376,#1377,#1378);
#1376=CARTESIAN_POINT('',(3.696378337,46.697411994,0.481745791));
#1377=DIRECTION('',(-1.0,0.0,0.0));
#1378=DIRECTION('',(0.0,0.0,1.0));
#1379=ADVANCED_FACE('NONE',(#1380),#1398,.F.);
#1380=FACE_BOUND('NONE',#1381,.T.);
#1381=EDGE_LOOP('',(#1382,#1383,#1391,#1397));
#1382=ORIENTED_EDGE('',*,*,#1368,.F.);
#1383=ORIENTED_EDGE('',*,*,#1384,.T.);
#1384=EDGE_CURVE('NONE',#1215,#1385,#1387,.F.);
#1385=VERTEX_POINT('NONE',#1386);
#1386=CARTESIAN_POINT('',(4.708463619,31.244745536,7.214969898));
#1387=LINE('',#1388,#1389);
#1388=CARTESIAN_POINT('',(4.708463619,31.244745536,7.214969898));
#1389=VECTOR('',#1390,1.0);
#1390=DIRECTION('',(-1.0,0.0,0.0));
#1391=ORIENTED_EDGE('',*,*,#1392,.T.);
#1392=EDGE_CURVE('NONE',#1385,#1312,#1393,.F.);
#1393=LINE('',#1394,#1395);
#1394=CARTESIAN_POINT('',(4.708463619,19.519113449,7.214969898));
#1395=VECTOR('',#1396,1.0);
#1396=DIRECTION('',(0.0,1.0,0.0));
#1397=ORIENTED_EDGE('',*,*,#1311,.F.);
#1398=PLANE('',#1399);
#1399=AXIS2_PLACEMENT_3D('',#1400,#1401,#1402);
#1400=CARTESIAN_POINT('',(0.0,0.0,7.214969898));
#1401=DIRECTION('',(0.0,0.0,1.0));
#1402=DIRECTION('',(1.0,0.0,0.0));
#1403=ADVANCED_FACE('NONE',(#1404),#1431,.T.);
#1404=FACE_BOUND('NONE',#1405,.T.);
#1405=EDGE_LOOP('',(#1406,#1407,#1408,#1409,#1417,#1425));
#1406=ORIENTED_EDGE('',*,*,#1384,.F.);
#1407=ORIENTED_EDGE('',*,*,#1224,.F.);
#1408=ORIENTED_EDGE('',*,*,#1351,.F.);
#1409=ORIENTED_EDGE('',*,*,#1410,.T.);
#1410=EDGE_CURVE('NONE',#1344,#1411,#1413,.T.);
#1411=VERTEX_POINT('NONE',#1412);
#1412=CARTESIAN_POINT('',(-4.708463619,31.244745536,8.214969898));
#1413=LINE('',#1414,#1415);
#1414=CARTESIAN_POINT('',(-4.708463619,31.244745536,7.214969898));
#1415=VECTOR('',#1416,1.0);
#1416=DIRECTION('',(0.0,0.0,1.0));
#1417=ORIENTED_EDGE('',*,*,#1418,.T.);
#1418=EDGE_CURVE('NONE',#1411,#1419,#1421,.F.);
#1419=VERTEX_POINT('NONE',#1420);
#1420=CARTESIAN_POINT('',(4.708463619,31.244745536,8.214969898));
#1421=LINE('',#1422,#1423);
#1422=CARTESIAN_POINT('',(4.708463619,31.244745536,8.214969898));
#1423=VECTOR('',#1424,1.0);
#1424=DIRECTION('',(-1.0,0.0,0.0));
#1425=ORIENTED_EDGE('',*,*,#1426,.T.);
#1426=EDGE_CURVE('NONE',#1419,#1385,#1427,.F.);
#1427=LINE('',#1428,#1429);
#1428=CARTESIAN_POINT('',(4.708463619,31.244745536,7.214969898));
#1429=VECTOR('',#1430,1.0);
#1430=DIRECTION('',(0.0,0.0,1.0));
#1431=PLANE('',#1432);
#1432=AXIS2_PLACEMENT_3D('',#1433,#1434,#1435);
#1433=CARTESIAN_POINT('',(3.696378337,31.244745536,7.214969898));
#1434=DIRECTION('',(0.0,1.0,0.0));
#1435=DIRECTION('',(0.0,0.0,1.0));
#1436=ADVANCED_FACE('NONE',(#1437),#1455,.F.);
#1437=FACE_BOUND('NONE',#1438,.T.);
#1438=EDGE_LOOP('',(#1439,#1447,#1448,#1449));
#1439=ORIENTED_EDGE('',*,*,#1440,.T.);
#1440=EDGE_CURVE('NONE',#1441,#944,#1443,.T.);
#1441=VERTEX_POINT('NONE',#1442);
#1442=CARTESIAN_POINT('',(7.4041,0.0,8.214969898));
#1443=LINE('',#1444,#1445);
#1444=CARTESIAN_POINT('',(7.4041,0.0,0.0));
#1445=VECTOR('',#1446,1.0);
#1446=DIRECTION('',(0.0,0.0,-1.0));
#1447=ORIENTED_EDGE('',*,*,#943,.F.);
#1448=ORIENTED_EDGE('',*,*,#1262,.F.);
#1449=ORIENTED_EDGE('',*,*,#1450,.T.);
#1450=EDGE_CURVE('NONE',#1263,#1441,#1451,.T.);
#1451=LINE('',#1452,#1453);
#1452=CARTESIAN_POINT('',(7.4041,0.0,8.214969898));
#1453=VECTOR('',#1454,1.0);
#1454=DIRECTION('',(0.0,-1.0,0.0));
#1455=PLANE('',#1456);
#1456=AXIS2_PLACEMENT_3D('',#1457,#1458,#1459);
#1457=CARTESIAN_POINT('',(7.4041,0.0,0.0));
#1458=DIRECTION('',(-1.0,0.0,0.0));
#1459=DIRECTION('',(0.0,0.0,1.0));
#1460=ADVANCED_FACE('NONE',(#1461),#1479,.T.);
#1461=FACE_BOUND('NONE',#1462,.T.);
#1462=EDGE_LOOP('',(#1463,#1464,#1465,#1473));
#1463=ORIENTED_EDGE('',*,*,#1271,.F.);
#1464=ORIENTED_EDGE('',*,*,#925,.F.);
#1465=ORIENTED_EDGE('',*,*,#1466,.T.);
#1466=EDGE_CURVE('NONE',#926,#1467,#1469,.F.);
#1467=VERTEX_POINT('NONE',#1468);
#1468=CARTESIAN_POINT('',(-7.4041,0.0,8.214969898));
#1469=LINE('',#1470,#1471);
#1470=CARTESIAN_POINT('',(-7.4041,0.0,0.0));
#1471=VECTOR('',#1472,1.0);
#1472=DIRECTION('',(0.0,0.0,-1.0));
#1473=ORIENTED_EDGE('',*,*,#1474,.T.);
#1474=EDGE_CURVE('NONE',#1467,#1272,#1475,.F.);
#1475=LINE('',#1476,#1477);
#1476=CARTESIAN_POINT('',(-7.4041,0.0,8.214969898));
#1477=VECTOR('',#1478,1.0);
#1478=DIRECTION('',(0.0,-1.0,0.0));
#1479=PLANE('',#1480);
#1480=AXIS2_PLACEMENT_3D('',#1481,#1482,#1483);
#1481=CARTESIAN_POINT('',(-7.4041,0.0,0.0));
#1482=DIRECTION('',(-1.0,0.0,0.0));
#1483=DIRECTION('',(0.0,0.0,1.0));
#1484=ADVANCED_FACE('NONE',(#1485),#1510,.T.);
#1485=FACE_BOUND('NONE',#1486,.T.);
#1486=EDGE_LOOP('',(#1487,#1488,#1494,#1495,#1496,#1502,#1503,#1504));
#1487=ORIENTED_EDGE('',*,*,#1418,.F.);
#1488=ORIENTED_EDGE('',*,*,#1489,.T.);
#1489=EDGE_CURVE('NONE',#1411,#1280,#1490,.T.);
#1490=LINE('',#1491,#1492);
#1491=CARTESIAN_POINT('',(-4.708463619,19.519113449,8.214969898));
#1492=VECTOR('',#1493,1.0);
#1493=DIRECTION('',(0.0,-1.0,0.0));
#1494=ORIENTED_EDGE('',*,*,#1279,.F.);
#1495=ORIENTED_EDGE('',*,*,#1474,.F.);
#1496=ORIENTED_EDGE('',*,*,#1497,.T.);
#1497=EDGE_CURVE('NONE',#1467,#1441,#1498,.F.);
#1498=LINE('',#1499,#1500);
#1499=CARTESIAN_POINT('',(7.4041,0.0,8.214969898));
#1500=VECTOR('',#1501,1.0);
#1501=DIRECTION('',(-1.0,0.0,0.0));
#1502=ORIENTED_EDGE('',*,*,#1450,.F.);
#1503=ORIENTED_EDGE('',*,*,#1327,.F.);
#1504=ORIENTED_EDGE('',*,*,#1505,.T.);
#1505=EDGE_CURVE('NONE',#1320,#1419,#1506,.T.);
#1506=LINE('',#1507,#1508);
#1507=CARTESIAN_POINT('',(4.708463619,19.519113449,8.214969898));
#1508=VECTOR('',#1509,1.0);
#1509=DIRECTION('',(0.0,1.0,0.0));
#1510=PLANE('',#1511);
#1511=AXIS2_PLACEMENT_3D('',#1512,#1513,#1514);
#1512=CARTESIAN_POINT('',(0.625333336,26.152249699,8.214969898));
#1513=DIRECTION('',(0.0,0.0,1.0));
#1514=DIRECTION('',(1.0,0.0,0.0));
#1515=ADVANCED_FACE('NONE',(#1516),#1522,.T.);
#1516=FACE_BOUND('NONE',#1517,.T.);
#1517=EDGE_LOOP('',(#1518,#1519,#1520,#1521));
#1518=ORIENTED_EDGE('',*,*,#1287,.F.);
#1519=ORIENTED_EDGE('',*,*,#1489,.F.);
#1520=ORIENTED_EDGE('',*,*,#1410,.F.);
#1521=ORIENTED_EDGE('',*,*,#1343,.F.);
#1522=PLANE('',#1523);
#1523=AXIS2_PLACEMENT_3D('',#1524,#1525,#1526);
#1524=CARTESIAN_POINT('',(-4.708463619,19.519113449,7.214969898));
#1525=DIRECTION('',(-1.0,0.0,0.0));
#1526=DIRECTION('',(0.0,0.0,1.0));
#1527=ADVANCED_FACE('NONE',(#1528),#1534,.T.);
#1528=FACE_BOUND('NONE',#1529,.T.);
#1529=EDGE_LOOP('',(#1530,#1531,#1532,#1533));
#1530=ORIENTED_EDGE('',*,*,#1319,.F.);
#1531=ORIENTED_EDGE('',*,*,#1392,.F.);
#1532=ORIENTED_EDGE('',*,*,#1426,.F.);
#1533=ORIENTED_EDGE('',*,*,#1505,.F.);
#1534=PLANE('',#1535);
#1535=AXIS2_PLACEMENT_3D('',#1536,#1537,#1538);
#1536=CARTESIAN_POINT('',(4.708463619,19.519113449,7.214969898));
#1537=DIRECTION('',(1.0,0.0,0.0));
#1538=DIRECTION('',(0.0,0.0,-1.0));
#1539=ADVANCED_FACE('NONE',(#1540),#1546,.F.);
#1540=FACE_BOUND('NONE',#1541,.T.);
#1541=EDGE_LOOP('',(#1542,#1543,#1544,#1545));
#1542=ORIENTED_EDGE('',*,*,#1466,.F.);
#1543=ORIENTED_EDGE('',*,*,#951,.F.);
#1544=ORIENTED_EDGE('',*,*,#1440,.F.);
#1545=ORIENTED_EDGE('',*,*,#1497,.F.);
#1546=PLANE('',#1547);
#1547=AXIS2_PLACEMENT_3D('',#1548,#1549,#1550);
#1548=CARTESIAN_POINT('',(7.4041,0.0,0.0));
#1549=DIRECTION('',(0.0,1.0,0.0));
#1550=DIRECTION('',(0.0,0.0,1.0));
#1551=ADVANCED_FACE('NONE',(#1552),#1577,.F.);
#1552=FACE_BOUND('NONE',#1553,.T.);
#1553=EDGE_LOOP('',(#1554,#1562,#1563,#1571));
#1554=ORIENTED_EDGE('',*,*,#1555,.T.);
#1555=EDGE_CURVE('NONE',#1556,#962,#1558,.F.);
#1556=VERTEX_POINT('NONE',#1557);
#1557=CARTESIAN_POINT('',(6.525,3.66052158,-4.289830102));
#1558=LINE('',#1559,#1560);
#1559=CARTESIAN_POINT('',(6.525,3.66052158,7.714969898));
#1560=VECTOR('',#1561,1.0);
#1561=DIRECTION('',(0.0,0.0,-1.0));
#1562=ORIENTED_EDGE('',*,*,#959,.F.);
#1563=ORIENTED_EDGE('',*,*,#1564,.T.);
#1564=EDGE_CURVE('NONE',#960,#1565,#1567,.T.);
#1565=VERTEX_POINT('NONE',#1566);
#1566=CARTESIAN_POINT('',(6.025,3.66052158,-4.289830102));
#1567=LINE('',#1568,#1569);
#1568=CARTESIAN_POINT('',(6.025,3.66052158,7.714969898));
#1569=VECTOR('',#1570,1.0);
#1570=DIRECTION('',(0.0,0.0,-1.0));
#1571=ORIENTED_EDGE('',*,*,#1572,.T.);
#1572=EDGE_CURVE('NONE',#1565,#1556,#1573,.F.);
#1573=LINE('',#1574,#1575);
#1574=CARTESIAN_POINT('',(6.525,3.66052158,-4.289830102));
#1575=VECTOR('',#1576,1.0);
#1576=DIRECTION('',(-1.0,0.0,0.0));
#1577=PLANE('',#1578);
#1578=AXIS2_PLACEMENT_3D('',#1579,#1580,#1581);
#1579=CARTESIAN_POINT('',(6.525,3.66052158,7.714969898));
#1580=DIRECTION('',(0.0,1.0,0.0));
#1581=DIRECTION('',(0.0,0.0,1.0));
#1582=ADVANCED_FACE('NONE',(#1583),#1608,.F.);
#1583=FACE_BOUND('NONE',#1584,.T.);
#1584=EDGE_LOOP('',(#1585,#1593,#1594,#1602));
#1585=ORIENTED_EDGE('',*,*,#1586,.T.);
#1586=EDGE_CURVE('NONE',#1587,#978,#1589,.T.);
#1587=VERTEX_POINT('NONE',#1588);
#1588=CARTESIAN_POINT('',(6.025,4.66052158,-4.289830102));
#1589=LINE('',#1590,#1591);
#1590=CARTESIAN_POINT('',(6.025,4.66052158,7.714969898));
#1591=VECTOR('',#1592,1.0);
#1592=DIRECTION('',(0.0,-2.890049773E-16,1.0));
#1593=ORIENTED_EDGE('',*,*,#977,.F.);
#1594=ORIENTED_EDGE('',*,*,#1595,.T.);
#1595=EDGE_CURVE('NONE',#970,#1596,#1598,.F.);
#1596=VERTEX_POINT('NONE',#1597);
#1597=CARTESIAN_POINT('',(6.525,4.66052158,-4.289830102));
#1598=LINE('',#1599,#1600);
#1599=CARTESIAN_POINT('',(6.525,4.66052158,7.714969898));
#1600=VECTOR('',#1601,1.0);
#1601=DIRECTION('',(0.0,-2.890049773E-16,1.0));
#1602=ORIENTED_EDGE('',*,*,#1603,.T.);
#1603=EDGE_CURVE('NONE',#1596,#1587,#1604,.T.);
#1604=LINE('',#1605,#1606);
#1605=CARTESIAN_POINT('',(6.525,4.66052158,-4.289830102));
#1606=VECTOR('',#1607,1.0);
#1607=DIRECTION('',(-1.0,0.0,0.0));
#1608=PLANE('',#1609);
#1609=AXIS2_PLACEMENT_3D('',#1610,#1611,#1612);
#1610=CARTESIAN_POINT('',(6.525,4.66052158,7.714969898));
#1611=DIRECTION('',(0.0,-1.0,-2.890049773E-16));
#1612=DIRECTION('',(0.0,2.890049773E-16,-1.0));
#1613=ADVANCED_FACE('NONE',(#1614),#1626,.T.);
#1614=FACE_BOUND('NONE',#1615,.T.);
#1615=EDGE_LOOP('',(#1616,#1617,#1618,#1625));
#1616=ORIENTED_EDGE('',*,*,#969,.F.);
#1617=ORIENTED_EDGE('',*,*,#1555,.F.);
#1618=ORIENTED_EDGE('',*,*,#1619,.T.);
#1619=EDGE_CURVE('NONE',#1556,#1596,#1620,.T.);
#1620=CIRCLE('',#1621,0.5);
#1621=AXIS2_PLACEMENT_3D('',#1622,#1623,#1624);
#1622=CARTESIAN_POINT('',(6.525,4.16052158,-4.289830102));
#1623=DIRECTION('',(1.0,0.0,0.0));
#1624=DIRECTION('',(0.0,0.0,-1.0));
#1625=ORIENTED_EDGE('',*,*,#1595,.F.);
#1626=PLANE('',#1627);
#1627=AXIS2_PLACEMENT_3D('',#1628,#1629,#1630);
#1628=CARTESIAN_POINT('',(6.525,4.16052158,7.714969898));
#1629=DIRECTION('',(1.0,0.0,0.0));
#1630=DIRECTION('',(0.0,0.0,-1.0));
#1631=ADVANCED_FACE('NONE',(#1632),#1644,.F.);
#1632=FACE_BOUND('NONE',#1633,.T.);
#1633=EDGE_LOOP('',(#1634,#1635,#1636,#1637));
#1634=ORIENTED_EDGE('',*,*,#1564,.F.);
#1635=ORIENTED_EDGE('',*,*,#985,.F.);
#1636=ORIENTED_EDGE('',*,*,#1586,.F.);
#1637=ORIENTED_EDGE('',*,*,#1638,.T.);
#1638=EDGE_CURVE('NONE',#1587,#1565,#1639,.F.);
#1639=CIRCLE('',#1640,0.5);
#1640=AXIS2_PLACEMENT_3D('',#1641,#1642,#1643);
#1641=CARTESIAN_POINT('',(6.025,4.16052158,-4.289830102));
#1642=DIRECTION('',(1.0,0.0,0.0));
#1643=DIRECTION('',(0.0,0.0,-1.0));
#1644=PLANE('',#1645);
#1645=AXIS2_PLACEMENT_3D('',#1646,#1647,#1648);
#1646=CARTESIAN_POINT('',(6.025,4.16052158,7.714969898));
#1647=DIRECTION('',(1.0,0.0,0.0));
#1648=DIRECTION('',(0.0,0.0,-1.0));
#1649=ADVANCED_FACE('NONE',(#1650),#1656,.T.);
#1650=FACE_BOUND('NONE',#1651,.T.);
#1651=EDGE_LOOP('',(#1652,#1653,#1654,#1655));
#1652=ORIENTED_EDGE('',*,*,#1638,.F.);
#1653=ORIENTED_EDGE('',*,*,#1603,.F.);
#1654=ORIENTED_EDGE('',*,*,#1619,.F.);
#1655=ORIENTED_EDGE('',*,*,#1572,.F.);
#1656=CYLINDRICAL_SURFACE('',#1657,0.5);
#1657=AXIS2_PLACEMENT_3D('',#1658,#1659,#1660);
#1658=CARTESIAN_POINT('',(6.525,4.16052158,-4.289830102));
#1659=DIRECTION('',(-1.0,0.0,0.0));
#1660=DIRECTION('',(0.0,0.0,1.0));
#1661=ADVANCED_FACE('NONE',(#1662),#1687,.F.);
#1662=FACE_BOUND('NONE',#1663,.T.);
#1663=EDGE_LOOP('',(#1664,#1672,#1673,#1681));
#1664=ORIENTED_EDGE('',*,*,#1665,.T.);
#1665=EDGE_CURVE('NONE',#1666,#996,#1668,.F.);
#1666=VERTEX_POINT('NONE',#1667);
#1667=CARTESIAN_POINT('',(6.525,15.64932158,-4.289830102));
#1668=LINE('',#1669,#1670);
#1669=CARTESIAN_POINT('',(6.525,15.64932158,7.714969898));
#1670=VECTOR('',#1671,1.0);
#1671=DIRECTION('',(0.0,0.0,-1.0));
#1672=ORIENTED_EDGE('',*,*,#993,.F.);
#1673=ORIENTED_EDGE('',*,*,#1674,.T.);
#1674=EDGE_CURVE('NONE',#994,#1675,#1677,.T.);
#1675=VERTEX_POINT('NONE',#1676);
#1676=CARTESIAN_POINT('',(6.025,15.64932158,-4.289830102));
#1677=LINE('',#1678,#1679);
#1678=CARTESIAN_POINT('',(6.025,15.64932158,7.714969898));
#1679=VECTOR('',#1680,1.0);
#1680=DIRECTION('',(0.0,0.0,-1.0));
#1681=ORIENTED_EDGE('',*,*,#1682,.T.);
#1682=EDGE_CURVE('NONE',#1675,#1666,#1683,.F.);
#1683=LINE('',#1684,#1685);
#1684=CARTESIAN_POINT('',(6.525,15.64932158,-4.289830102));
#1685=VECTOR('',#1686,1.0);
#1686=DIRECTION('',(-1.0,0.0,0.0));
#1687=PLANE('',#1688);
#1688=AXIS2_PLACEMENT_3D('',#1689,#1690,#1691);
#1689=CARTESIAN_POINT('',(6.525,15.64932158,7.714969898));
#1690=DIRECTION('',(0.0,1.0,0.0));
#1691=DIRECTION('',(0.0,0.0,1.0));
#1692=ADVANCED_FACE('NONE',(#1693),#1718,.F.);
#1693=FACE_BOUND('NONE',#1694,.T.);
#1694=EDGE_LOOP('',(#1695,#1703,#1704,#1712));
#1695=ORIENTED_EDGE('',*,*,#1696,.T.);
#1696=EDGE_CURVE('NONE',#1697,#1012,#1699,.T.);
#1697=VERTEX_POINT('NONE',#1698);
#1698=CARTESIAN_POINT('',(6.025,16.64932158,-4.289830102));
#1699=LINE('',#1700,#1701);
#1700=CARTESIAN_POINT('',(6.025,16.64932158,7.714969898));
#1701=VECTOR('',#1702,1.0);
#1702=DIRECTION('',(0.0,-2.890049773E-16,1.0));
#1703=ORIENTED_EDGE('',*,*,#1011,.F.);
#1704=ORIENTED_EDGE('',*,*,#1705,.T.);
#1705=EDGE_CURVE('NONE',#1004,#1706,#1708,.F.);
#1706=VERTEX_POINT('NONE',#1707);
#1707=CARTESIAN_POINT('',(6.525,16.64932158,-4.289830102));
#1708=LINE('',#1709,#1710);
#1709=CARTESIAN_POINT('',(6.525,16.64932158,7.714969898));
#1710=VECTOR('',#1711,1.0);
#1711=DIRECTION('',(0.0,-2.890049773E-16,1.0));
#1712=ORIENTED_EDGE('',*,*,#1713,.T.);
#1713=EDGE_CURVE('NONE',#1706,#1697,#1714,.T.);
#1714=LINE('',#1715,#1716);
#1715=CARTESIAN_POINT('',(6.525,16.64932158,-4.289830102));
#1716=VECTOR('',#1717,1.0);
#1717=DIRECTION('',(-1.0,0.0,0.0));
#1718=PLANE('',#1719);
#1719=AXIS2_PLACEMENT_3D('',#1720,#1721,#1722);
#1720=CARTESIAN_POINT('',(6.525,16.64932158,7.714969898));
#1721=DIRECTION('',(0.0,-1.0,-2.890049773E-16));
#1722=DIRECTION('',(0.0,2.890049773E-16,-1.0));
#1723=ADVANCED_FACE('NONE',(#1724),#1736,.T.);
#1724=FACE_BOUND('NONE',#1725,.T.);
#1725=EDGE_LOOP('',(#1726,#1727,#1728,#1735));
#1726=ORIENTED_EDGE('',*,*,#1003,.F.);
#1727=ORIENTED_EDGE('',*,*,#1665,.F.);
#1728=ORIENTED_EDGE('',*,*,#1729,.T.);
#1729=EDGE_CURVE('NONE',#1666,#1706,#1730,.T.);
#1730=CIRCLE('',#1731,0.5);
#1731=AXIS2_PLACEMENT_3D('',#1732,#1733,#1734);
#1732=CARTESIAN_POINT('',(6.525,16.14932158,-4.289830102));
#1733=DIRECTION('',(1.0,0.0,0.0));
#1734=DIRECTION('',(0.0,0.0,-1.0));
#1735=ORIENTED_EDGE('',*,*,#1705,.F.);
#1736=PLANE('',#1737);
#1737=AXIS2_PLACEMENT_3D('',#1738,#1739,#1740);
#1738=CARTESIAN_POINT('',(6.525,16.14932158,7.714969898));
#1739=DIRECTION('',(1.0,0.0,0.0));
#1740=DIRECTION('',(0.0,0.0,-1.0));
#1741=ADVANCED_FACE('NONE',(#1742),#1754,.F.);
#1742=FACE_BOUND('NONE',#1743,.T.);
#1743=EDGE_LOOP('',(#1744,#1745,#1746,#1747));
#1744=ORIENTED_EDGE('',*,*,#1674,.F.);
#1745=ORIENTED_EDGE('',*,*,#1019,.F.);
#1746=ORIENTED_EDGE('',*,*,#1696,.F.);
#1747=ORIENTED_EDGE('',*,*,#1748,.T.);
#1748=EDGE_CURVE('NONE',#1697,#1675,#1749,.F.);
#1749=CIRCLE('',#1750,0.5);
#1750=AXIS2_PLACEMENT_3D('',#1751,#1752,#1753);
#1751=CARTESIAN_POINT('',(6.025,16.14932158,-4.289830102));
#1752=DIRECTION('',(1.0,0.0,0.0));
#1753=DIRECTION('',(0.0,0.0,-1.0));
#1754=PLANE('',#1755);
#1755=AXIS2_PLACEMENT_3D('',#1756,#1757,#1758);
#1756=CARTESIAN_POINT('',(6.025,16.14932158,7.714969898));
#1757=DIRECTION('',(1.0,0.0,0.0));
#1758=DIRECTION('',(0.0,0.0,-1.0));
#1759=ADVANCED_FACE('NONE',(#1760),#1766,.T.);
#1760=FACE_BOUND('NONE',#1761,.T.);
#1761=EDGE_LOOP('',(#1762,#1763,#1764,#1765));
#1762=ORIENTED_EDGE('',*,*,#1748,.F.);
#1763=ORIENTED_EDGE('',*,*,#1713,.F.);
#1764=ORIENTED_EDGE('',*,*,#1729,.F.);
#1765=ORIENTED_EDGE('',*,*,#1682,.F.);
#1766=CYLINDRICAL_SURFACE('',#1767,0.5);
#1767=AXIS2_PLACEMENT_3D('',#1768,#1769,#1770);
#1768=CARTESIAN_POINT('',(6.525,16.14932158,-4.289830102));
#1769=DIRECTION('',(-1.0,0.0,0.0));
#1770=DIRECTION('',(0.0,0.0,1.0));
#1771=ADVANCED_FACE('NONE',(#1772),#1797,.T.);
#1772=FACE_BOUND('NONE',#1773,.T.);
#1773=EDGE_LOOP('',(#1774,#1775,#1783,#1791));
#1774=ORIENTED_EDGE('',*,*,#1027,.F.);
#1775=ORIENTED_EDGE('',*,*,#1776,.T.);
#1776=EDGE_CURVE('NONE',#1028,#1777,#1779,.F.);
#1777=VERTEX_POINT('NONE',#1778);
#1778=CARTESIAN_POINT('',(-6.025,4.66052158,-4.289830102));
#1779=LINE('',#1780,#1781);
#1780=CARTESIAN_POINT('',(-6.025,4.66052158,7.714969898));
#1781=VECTOR('',#1782,1.0);
#1782=DIRECTION('',(0.0,-2.890049773E-16,1.0));
#1783=ORIENTED_EDGE('',*,*,#1784,.T.);
#1784=EDGE_CURVE('NONE',#1777,#1785,#1787,.F.);
#1785=VERTEX_POINT('NONE',#1786);
#1786=CARTESIAN_POINT('',(-6.525,4.66052158,-4.289830102));
#1787=LINE('',#1788,#1789);
#1788=CARTESIAN_POINT('',(-6.525,4.66052158,-4.289830102));
#1789=VECTOR('',#1790,1.0);
#1790=DIRECTION('',(1.0,0.0,0.0));
#1791=ORIENTED_EDGE('',*,*,#1792,.T.);
#1792=EDGE_CURVE('NONE',#1785,#1030,#1793,.T.);
#1793=LINE('',#1794,#1795);
#1794=CARTESIAN_POINT('',(-6.525,4.66052158,7.714969898));
#1795=VECTOR('',#1796,1.0);
#1796=DIRECTION('',(0.0,-2.890049773E-16,1.0));
#1797=PLANE('',#1798);
#1798=AXIS2_PLACEMENT_3D('',#1799,#1800,#1801);
#1799=CARTESIAN_POINT('',(-6.525,4.66052158,7.714969898));
#1800=DIRECTION('',(0.0,1.0,2.890049773E-16));
#1801=DIRECTION('',(0.0,-2.890049773E-16,1.0));
#1802=ADVANCED_FACE('NONE',(#1803),#1819,.T.);
#1803=FACE_BOUND('NONE',#1804,.T.);
#1804=EDGE_LOOP('',(#1805,#1806,#1812,#1813));
#1805=ORIENTED_EDGE('',*,*,#1045,.F.);
#1806=ORIENTED_EDGE('',*,*,#1807,.T.);
#1807=EDGE_CURVE('NONE',#1038,#850,#1808,.T.);
#1808=LINE('',#1809,#1810);
#1809=CARTESIAN_POINT('',(-6.525,3.66052158,7.714969898));
#1810=VECTOR('',#1811,1.0);
#1811=DIRECTION('',(0.0,0.0,-1.0));
#1812=ORIENTED_EDGE('',*,*,#877,.F.);
#1813=ORIENTED_EDGE('',*,*,#1814,.T.);
#1814=EDGE_CURVE('NONE',#869,#1046,#1815,.F.);
#1815=LINE('',#1816,#1817);
#1816=CARTESIAN_POINT('',(-6.025,3.66052158,7.714969898));
#1817=VECTOR('',#1818,1.0);
#1818=DIRECTION('',(0.0,0.0,-1.0));
#1819=PLANE('',#1820);
#1820=AXIS2_PLACEMENT_3D('',#1821,#1822,#1823);
#1821=CARTESIAN_POINT('',(-6.525,3.66052158,7.714969898));
#1822=DIRECTION('',(0.0,-1.0,0.0));
#1823=DIRECTION('',(0.0,0.0,-1.0));
#1824=ADVANCED_FACE('NONE',(#1825),#1838,.T.);
#1825=FACE_BOUND('NONE',#1826,.T.);
#1826=EDGE_LOOP('',(#1827,#1828,#1829,#1836,#1837));
#1827=ORIENTED_EDGE('',*,*,#1037,.F.);
#1828=ORIENTED_EDGE('',*,*,#1792,.F.);
#1829=ORIENTED_EDGE('',*,*,#1830,.T.);
#1830=EDGE_CURVE('NONE',#1785,#852,#1831,.F.);
#1831=CIRCLE('',#1832,0.5);
#1832=AXIS2_PLACEMENT_3D('',#1833,#1834,#1835);
#1833=CARTESIAN_POINT('',(-6.525,4.16052158,-4.289830102));
#1834=DIRECTION('',(1.0,0.0,0.0));
#1835=DIRECTION('',(0.0,0.0,-1.0));
#1836=ORIENTED_EDGE('',*,*,#849,.F.);
#1837=ORIENTED_EDGE('',*,*,#1807,.F.);
#1838=PLANE('',#1839);
#1839=AXIS2_PLACEMENT_3D('',#1840,#1841,#1842);
#1840=CARTESIAN_POINT('',(-6.525,4.16052158,7.714969898));
#1841=DIRECTION('',(-1.0,0.0,0.0));
#1842=DIRECTION('',(0.0,0.0,-1.0));
#1843=ADVANCED_FACE('NONE',(#1844),#1857,.F.);
#1844=FACE_BOUND('NONE',#1845,.T.);
#1845=EDGE_LOOP('',(#1846,#1847,#1848,#1849,#1850));
#1846=ORIENTED_EDGE('',*,*,#1776,.F.);
#1847=ORIENTED_EDGE('',*,*,#1053,.F.);
#1848=ORIENTED_EDGE('',*,*,#1814,.F.);
#1849=ORIENTED_EDGE('',*,*,#868,.F.);
#1850=ORIENTED_EDGE('',*,*,#1851,.T.);
#1851=EDGE_CURVE('NONE',#861,#1777,#1852,.T.);
#1852=CIRCLE('',#1853,0.5);
#1853=AXIS2_PLACEMENT_3D('',#1854,#1855,#1856);
#1854=CARTESIAN_POINT('',(-6.025,4.16052158,-4.289830102));
#1855=DIRECTION('',(1.0,0.0,0.0));
#1856=DIRECTION('',(0.0,0.0,-1.0));
#1857=PLANE('',#1858);
#1858=AXIS2_PLACEMENT_3D('',#1859,#1860,#1861);
#1859=CARTESIAN_POINT('',(-6.025,4.16052158,7.714969898));
#1860=DIRECTION('',(-1.0,0.0,0.0));
#1861=DIRECTION('',(0.0,0.0,-1.0));
#1862=ADVANCED_FACE('NONE',(#1863),#1869,.T.);
#1863=FACE_BOUND('NONE',#1864,.T.);
#1864=EDGE_LOOP('',(#1865,#1866,#1867,#1868));
#1865=ORIENTED_EDGE('',*,*,#860,.F.);
#1866=ORIENTED_EDGE('',*,*,#1830,.F.);
#1867=ORIENTED_EDGE('',*,*,#1784,.F.);
#1868=ORIENTED_EDGE('',*,*,#1851,.F.);
#1869=CYLINDRICAL_SURFACE('',#1870,0.5);
#1870=AXIS2_PLACEMENT_3D('',#1871,#1872,#1873);
#1871=CARTESIAN_POINT('',(-6.525,4.16052158,-4.289830102));
#1872=DIRECTION('',(1.0,0.0,0.0));
#1873=DIRECTION('',(0.0,0.0,-1.0));
#1874=ADVANCED_FACE('NONE',(#1875),#1900,.T.);
#1875=FACE_BOUND('NONE',#1876,.T.);
#1876=EDGE_LOOP('',(#1877,#1878,#1886,#1894));
#1877=ORIENTED_EDGE('',*,*,#1061,.F.);
#1878=ORIENTED_EDGE('',*,*,#1879,.T.);
#1879=EDGE_CURVE('NONE',#1062,#1880,#1882,.F.);
#1880=VERTEX_POINT('NONE',#1881);
#1881=CARTESIAN_POINT('',(-6.025,16.64932158,-4.289830102));
#1882=LINE('',#1883,#1884);
#1883=CARTESIAN_POINT('',(-6.025,16.64932158,7.714969898));
#1884=VECTOR('',#1885,1.0);
#1885=DIRECTION('',(0.0,-2.890049773E-16,1.0));
#1886=ORIENTED_EDGE('',*,*,#1887,.T.);
#1887=EDGE_CURVE('NONE',#1880,#1888,#1890,.F.);
#1888=VERTEX_POINT('NONE',#1889);
#1889=CARTESIAN_POINT('',(-6.525,16.64932158,-4.289830102));
#1890=LINE('',#1891,#1892);
#1891=CARTESIAN_POINT('',(-6.525,16.64932158,-4.289830102));
#1892=VECTOR('',#1893,1.0);
#1893=DIRECTION('',(1.0,0.0,0.0));
#1894=ORIENTED_EDGE('',*,*,#1895,.T.);
#1895=EDGE_CURVE('NONE',#1888,#1064,#1896,.T.);
#1896=LINE('',#1897,#1898);
#1897=CARTESIAN_POINT('',(-6.525,16.64932158,7.714969898));
#1898=VECTOR('',#1899,1.0);
#1899=DIRECTION('',(0.0,-2.890049773E-16,1.0));
#1900=PLANE('',#1901);
#1901=AXIS2_PLACEMENT_3D('',#1902,#1903,#1904);
#1902=CARTESIAN_POINT('',(-6.525,16.64932158,7.714969898));
#1903=DIRECTION('',(0.0,1.0,2.890049773E-16));
#1904=DIRECTION('',(0.0,-2.890049773E-16,1.0));
#1905=ADVANCED_FACE('NONE',(#1906),#1922,.T.);
#1906=FACE_BOUND('NONE',#1907,.T.);
#1907=EDGE_LOOP('',(#1908,#1909,#1915,#1916));
#1908=ORIENTED_EDGE('',*,*,#1079,.F.);
#1909=ORIENTED_EDGE('',*,*,#1910,.T.);
#1910=EDGE_CURVE('NONE',#1072,#808,#1911,.T.);
#1911=LINE('',#1912,#1913);
#1912=CARTESIAN_POINT('',(-6.525,15.64932158,7.714969898));
#1913=VECTOR('',#1914,1.0);
#1914=DIRECTION('',(0.0,0.0,-1.0));
#1915=ORIENTED_EDGE('',*,*,#835,.F.);
#1916=ORIENTED_EDGE('',*,*,#1917,.T.);
#1917=EDGE_CURVE('NONE',#827,#1080,#1918,.F.);
#1918=LINE('',#1919,#1920);
#1919=CARTESIAN_POINT('',(-6.025,15.64932158,7.714969898));
#1920=VECTOR('',#1921,1.0);
#1921=DIRECTION('',(0.0,0.0,-1.0));
#1922=PLANE('',#1923);
#1923=AXIS2_PLACEMENT_3D('',#1924,#1925,#1926);
#1924=CARTESIAN_POINT('',(-6.525,15.64932158,7.714969898));
#1925=DIRECTION('',(0.0,-1.0,0.0));
#1926=DIRECTION('',(0.0,0.0,-1.0));
#1927=ADVANCED_FACE('NONE',(#1928),#1941,.T.);
#1928=FACE_BOUND('NONE',#1929,.T.);
#1929=EDGE_LOOP('',(#1930,#1931,#1932,#1939,#1940));
#1930=ORIENTED_EDGE('',*,*,#1071,.F.);
#1931=ORIENTED_EDGE('',*,*,#1895,.F.);
#1932=ORIENTED_EDGE('',*,*,#1933,.T.);
#1933=EDGE_CURVE('NONE',#1888,#810,#1934,.F.);
#1934=CIRCLE('',#1935,0.5);
#1935=AXIS2_PLACEMENT_3D('',#1936,#1937,#1938);
#1936=CARTESIAN_POINT('',(-6.525,16.14932158,-4.289830102));
#1937=DIRECTION('',(1.0,0.0,0.0));
#1938=DIRECTION('',(0.0,0.0,-1.0));
#1939=ORIENTED_EDGE('',*,*,#807,.F.);
#1940=ORIENTED_EDGE('',*,*,#1910,.F.);
#1941=PLANE('',#1942);
#1942=AXIS2_PLACEMENT_3D('',#1943,#1944,#1945);
#1943=CARTESIAN_POINT('',(-6.525,16.14932158,7.714969898));
#1944=DIRECTION('',(-1.0,0.0,0.0));
#1945=DIRECTION('',(0.0,0.0,-1.0));
#1946=ADVANCED_FACE('NONE',(#1947),#1960,.F.);
#1947=FACE_BOUND('NONE',#1948,.T.);
#1948=EDGE_LOOP('',(#1949,#1950,#1951,#1952,#1953));
#1949=ORIENTED_EDGE('',*,*,#1879,.F.);
#1950=ORIENTED_EDGE('',*,*,#1087,.F.);
#1951=ORIENTED_EDGE('',*,*,#1917,.F.);
#1952=ORIENTED_EDGE('',*,*,#826,.F.);
#1953=ORIENTED_EDGE('',*,*,#1954,.T.);
#1954=EDGE_CURVE('NONE',#819,#1880,#1955,.T.);
#1955=CIRCLE('',#1956,0.5);
#1956=AXIS2_PLACEMENT_3D('',#1957,#1958,#1959);
#1957=CARTESIAN_POINT('',(-6.025,16.14932158,-4.289830102));
#1958=DIRECTION('',(1.0,0.0,0.0));
#1959=DIRECTION('',(0.0,0.0,-1.0));
#1960=PLANE('',#1961);
#1961=AXIS2_PLACEMENT_3D('',#1962,#1963,#1964);
#1962=CARTESIAN_POINT('',(-6.025,16.14932158,7.714969898));
#1963=DIRECTION('',(-1.0,0.0,0.0));
#1964=DIRECTION('',(0.0,0.0,-1.0));
#1965=ADVANCED_FACE('NONE',(#1966),#1972,.T.);
#1966=FACE_BOUND('NONE',#1967,.T.);
#1967=EDGE_LOOP('',(#1968,#1969,#1970,#1971));
#1968=ORIENTED_EDGE('',*,*,#818,.F.);
#1969=ORIENTED_EDGE('',*,*,#1933,.F.);
#1970=ORIENTED_EDGE('',*,*,#1887,.F.);
#1971=ORIENTED_EDGE('',*,*,#1954,.F.);
#1972=CYLINDRICAL_SURFACE('',#1973,0.5);
#1973=AXIS2_PLACEMENT_3D('',#1974,#1975,#1976);
#1974=CARTESIAN_POINT('',(-6.525,16.14932158,-4.289830102));
#1975=DIRECTION('',(1.0,0.0,0.0));
#1976=DIRECTION('',(0.0,0.0,-1.0));
#1977=ADVANCED_FACE('NONE',(#1978),#2003,.F.);
#1978=FACE_BOUND('NONE',#1979,.T.);
#1979=EDGE_LOOP('',(#1980,#1988,#1989,#1997));
#1980=ORIENTED_EDGE('',*,*,#1981,.T.);
#1981=EDGE_CURVE('NONE',#1982,#1106,#1984,.T.);
#1982=VERTEX_POINT('NONE',#1983);
#1983=CARTESIAN_POINT('',(-4.5,10.40492158,-4.289830102));
#1984=LINE('',#1985,#1986);
#1985=CARTESIAN_POINT('',(-4.5,10.40492158,-4.289830102));
#1986=VECTOR('',#1987,1.0);
#1987=DIRECTION('',(-2.16753733E-16,-1.445024887E-16,1.0));
#1988=ORIENTED_EDGE('',*,*,#1105,.F.);
#1989=ORIENTED_EDGE('',*,*,#1990,.T.);
#1990=EDGE_CURVE('NONE',#1098,#1991,#1993,.F.);
#1991=VERTEX_POINT('NONE',#1992);
#1992=CARTESIAN_POINT('',(-4.5,9.90492158,-4.289830102));
#1993=LINE('',#1994,#1995);
#1994=CARTESIAN_POINT('',(-4.5,9.90492158,-4.289830102));
#1995=VECTOR('',#1996,1.0);
#1996=DIRECTION('',(-2.16753733E-16,-1.445024887E-16,1.0));
#1997=ORIENTED_EDGE('',*,*,#1998,.T.);
#1998=EDGE_CURVE('NONE',#1991,#1982,#1999,.T.);
#1999=LINE('',#2000,#2001);
#2000=CARTESIAN_POINT('',(-4.5,9.90492158,-4.289830102));
#2001=VECTOR('',#2002,1.0);
#2002=DIRECTION('',(0.0,1.0,1.445024887E-16));
#2003=PLANE('',#2004);
#2004=AXIS2_PLACEMENT_3D('',#2005,#2006,#2007);
#2005=CARTESIAN_POINT('',(-4.5,9.90492158,-4.289830102));
#2006=DIRECTION('',(-1.0,3.132145385E-32,-2.16753733E-16));
#2007=DIRECTION('',(-2.16753733E-16,0.0,1.0));
#2008=ADVANCED_FACE('NONE',(#2009),#2034,.F.);
#2009=FACE_BOUND('NONE',#2010,.T.);
#2010=EDGE_LOOP('',(#2011,#2019,#2020,#2028));
#2011=ORIENTED_EDGE('',*,*,#2012,.T.);
#2012=EDGE_CURVE('NONE',#2013,#1096,#2015,.F.);
#2013=VERTEX_POINT('NONE',#2014);
#2014=CARTESIAN_POINT('',(-5.5,9.90492158,-4.289830102));
#2015=LINE('',#2016,#2017);
#2016=CARTESIAN_POINT('',(-5.5,9.90492158,-4.289830102));
#2017=VECTOR('',#2018,1.0);
#2018=DIRECTION('',(7.225124433E-17,1.445024887E-16,-1.0));
#2019=ORIENTED_EDGE('',*,*,#1121,.F.);
#2020=ORIENTED_EDGE('',*,*,#2021,.T.);
#2021=EDGE_CURVE('NONE',#1114,#2022,#2024,.T.);
#2022=VERTEX_POINT('NONE',#2023);
#2023=CARTESIAN_POINT('',(-5.5,10.40492158,-4.289830102));
#2024=LINE('',#2025,#2026);
#2025=CARTESIAN_POINT('',(-5.5,10.40492158,-4.289830102));
#2026=VECTOR('',#2027,1.0);
#2027=DIRECTION('',(7.225124433E-17,1.445024887E-16,-1.0));
#2028=ORIENTED_EDGE('',*,*,#2029,.T.);
#2029=EDGE_CURVE('NONE',#2022,#2013,#2030,.F.);
#2030=LINE('',#2031,#2032);
#2031=CARTESIAN_POINT('',(-5.5,9.90492158,-4.289830102));
#2032=VECTOR('',#2033,1.0);
#2033=DIRECTION('',(0.0,1.0,1.445024887E-16));
#2034=PLANE('',#2035);
#2035=AXIS2_PLACEMENT_3D('',#2036,#2037,#2038);
#2036=CARTESIAN_POINT('',(-5.5,9.90492158,-4.289830102));
#2037=DIRECTION('',(1.0,-1.044048462E-32,7.225124433E-17));
#2038=DIRECTION('',(7.225124433E-17,0.0,-1.0));
#2039=ADVANCED_FACE('NONE',(#2040),#2052,.F.);
#2040=FACE_BOUND('NONE',#2041,.T.);
#2041=EDGE_LOOP('',(#2042,#2043,#2044,#2045));
#2042=ORIENTED_EDGE('',*,*,#1990,.F.);
#2043=ORIENTED_EDGE('',*,*,#1095,.F.);
#2044=ORIENTED_EDGE('',*,*,#2012,.F.);
#2045=ORIENTED_EDGE('',*,*,#2046,.T.);
#2046=EDGE_CURVE('NONE',#2013,#1991,#2047,.T.);
#2047=CIRCLE('',#2048,0.5);
#2048=AXIS2_PLACEMENT_3D('',#2049,#2050,#2051);
#2049=CARTESIAN_POINT('',(-5.0,9.90492158,-4.289830102));
#2050=DIRECTION('',(0.0,-1.0,-1.445024887E-16));
#2051=DIRECTION('',(0.0,-1.445024887E-16,1.0));
#2052=PLANE('',#2053);
#2053=AXIS2_PLACEMENT_3D('',#2054,#2055,#2056);
#2054=CARTESIAN_POINT('',(-5.0,9.90492158,-4.289830102));
#2055=DIRECTION('',(0.0,1.0,1.445024887E-16));
#2056=DIRECTION('',(0.0,-1.445024887E-16,1.0));
#2057=ADVANCED_FACE('NONE',(#2058),#2070,.T.);
#2058=FACE_BOUND('NONE',#2059,.T.);
#2059=EDGE_LOOP('',(#2060,#2061,#2062,#2069));
#2060=ORIENTED_EDGE('',*,*,#1113,.F.);
#2061=ORIENTED_EDGE('',*,*,#1981,.F.);
#2062=ORIENTED_EDGE('',*,*,#2063,.T.);
#2063=EDGE_CURVE('NONE',#1982,#2022,#2064,.F.);
#2064=CIRCLE('',#2065,0.5);
#2065=AXIS2_PLACEMENT_3D('',#2066,#2067,#2068);
#2066=CARTESIAN_POINT('',(-5.0,10.40492158,-4.289830102));
#2067=DIRECTION('',(0.0,-1.0,-1.445024887E-16));
#2068=DIRECTION('',(0.0,-1.445024887E-16,1.0));
#2069=ORIENTED_EDGE('',*,*,#2021,.F.);
#2070=PLANE('',#2071);
#2071=AXIS2_PLACEMENT_3D('',#2072,#2073,#2074);
#2072=CARTESIAN_POINT('',(-5.0,10.40492158,-4.289830102));
#2073=DIRECTION('',(0.0,1.0,1.445024887E-16));
#2074=DIRECTION('',(0.0,-1.445024887E-16,1.0));
#2075=ADVANCED_FACE('NONE',(#2076),#2082,.T.);
#2076=FACE_BOUND('NONE',#2077,.T.);
#2077=EDGE_LOOP('',(#2078,#2079,#2080,#2081));
#2078=ORIENTED_EDGE('',*,*,#2063,.F.);
#2079=ORIENTED_EDGE('',*,*,#1998,.F.);
#2080=ORIENTED_EDGE('',*,*,#2046,.F.);
#2081=ORIENTED_EDGE('',*,*,#2029,.F.);
#2082=CYLINDRICAL_SURFACE('',#2083,0.5);
#2083=AXIS2_PLACEMENT_3D('',#2084,#2085,#2086);
#2084=CARTESIAN_POINT('',(-5.0,9.90492158,-4.289830102));
#2085=DIRECTION('',(0.0,1.0,1.445024887E-16));
#2086=DIRECTION('',(0.0,-1.445024887E-16,1.0));
#2087=ADVANCED_FACE('NONE',(#2088),#2113,.F.);
#2088=FACE_BOUND('NONE',#2089,.T.);
#2089=EDGE_LOOP('',(#2090,#2098,#2099,#2107));
#2090=ORIENTED_EDGE('',*,*,#2091,.T.);
#2091=EDGE_CURVE('NONE',#2092,#910,#2094,.T.);
#2092=VERTEX_POINT('NONE',#2093);
#2093=CARTESIAN_POINT('',(5.5,10.40492158,-4.289830102));
#2094=LINE('',#2095,#2096);
#2095=CARTESIAN_POINT('',(5.5,10.40492158,-4.289830102));
#2096=VECTOR('',#2097,1.0);
#2097=DIRECTION('',(-2.16753733E-16,-1.445024887E-16,1.0));
#2098=ORIENTED_EDGE('',*,*,#909,.F.);
#2099=ORIENTED_EDGE('',*,*,#2100,.T.);
#2100=EDGE_CURVE('NONE',#902,#2101,#2103,.F.);
#2101=VERTEX_POINT('NONE',#2102);
#2102=CARTESIAN_POINT('',(5.5,9.90492158,-4.289830102));
#2103=LINE('',#2104,#2105);
#2104=CARTESIAN_POINT('',(5.5,9.90492158,-4.289830102));
#2105=VECTOR('',#2106,1.0);
#2106=DIRECTION('',(-2.16753733E-16,-1.445024887E-16,1.0));
#2107=ORIENTED_EDGE('',*,*,#2108,.T.);
#2108=EDGE_CURVE('NONE',#2101,#2092,#2109,.T.);
#2109=LINE('',#2110,#2111);
#2110=CARTESIAN_POINT('',(5.5,9.90492158,-4.289830102));
#2111=VECTOR('',#2112,1.0);
#2112=DIRECTION('',(0.0,1.0,1.445024887E-16));
#2113=PLANE('',#2114);
#2114=AXIS2_PLACEMENT_3D('',#2115,#2116,#2117);
#2115=CARTESIAN_POINT('',(5.5,9.90492158,-4.289830102));
#2116=DIRECTION('',(-1.0,3.132145385E-32,-2.16753733E-16));
#2117=DIRECTION('',(-2.16753733E-16,0.0,1.0));
#2118=ADVANCED_FACE('NONE',(#2119),#2144,.F.);
#2119=FACE_BOUND('NONE',#2120,.T.);
#2120=EDGE_LOOP('',(#2121,#2129,#2130,#2138));
#2121=ORIENTED_EDGE('',*,*,#2122,.T.);
#2122=EDGE_CURVE('NONE',#2123,#894,#2125,.F.);
#2123=VERTEX_POINT('NONE',#2124);
#2124=CARTESIAN_POINT('',(4.5,9.90492158,-4.289830102));
#2125=LINE('',#2126,#2127);
#2126=CARTESIAN_POINT('',(4.5,9.90492158,-4.289830102));
#2127=VECTOR('',#2128,1.0);
#2128=DIRECTION('',(7.225124433E-17,1.445024887E-16,-1.0));
#2129=ORIENTED_EDGE('',*,*,#891,.F.);
#2130=ORIENTED_EDGE('',*,*,#2131,.T.);
#2131=EDGE_CURVE('NONE',#892,#2132,#2134,.T.);
#2132=VERTEX_POINT('NONE',#2133);
#2133=CARTESIAN_POINT('',(4.5,10.40492158,-4.289830102));
#2134=LINE('',#2135,#2136);
#2135=CARTESIAN_POINT('',(4.5,10.40492158,-4.289830102));
#2136=VECTOR('',#2137,1.0);
#2137=DIRECTION('',(7.225124433E-17,1.445024887E-16,-1.0));
#2138=ORIENTED_EDGE('',*,*,#2139,.T.);
#2139=EDGE_CURVE('NONE',#2132,#2123,#2140,.F.);
#2140=LINE('',#2141,#2142);
#2141=CARTESIAN_POINT('',(4.5,9.90492158,-4.289830102));
#2142=VECTOR('',#2143,1.0);
#2143=DIRECTION('',(0.0,1.0,1.445024887E-16));
#2144=PLANE('',#2145);
#2145=AXIS2_PLACEMENT_3D('',#2146,#2147,#2148);
#2146=CARTESIAN_POINT('',(4.5,9.90492158,-4.289830102));
#2147=DIRECTION('',(1.0,-1.044048462E-32,7.225124433E-17));
#2148=DIRECTION('',(7.225124433E-17,0.0,-1.0));
#2149=ADVANCED_FACE('NONE',(#2150),#2162,.T.);
#2150=FACE_BOUND('NONE',#2151,.T.);
#2151=EDGE_LOOP('',(#2152,#2153,#2154,#2161));
#2152=ORIENTED_EDGE('',*,*,#901,.F.);
#2153=ORIENTED_EDGE('',*,*,#2122,.F.);
#2154=ORIENTED_EDGE('',*,*,#2155,.T.);
#2155=EDGE_CURVE('NONE',#2123,#2101,#2156,.T.);
#2156=CIRCLE('',#2157,0.5);
#2157=AXIS2_PLACEMENT_3D('',#2158,#2159,#2160);
#2158=CARTESIAN_POINT('',(5.0,9.90492158,-4.289830102));
#2159=DIRECTION('',(0.0,-1.0,-1.445024887E-16));
#2160=DIRECTION('',(0.0,1.445024887E-16,-1.0));
#2161=ORIENTED_EDGE('',*,*,#2100,.F.);
#2162=PLANE('',#2163);
#2163=AXIS2_PLACEMENT_3D('',#2164,#2165,#2166);
#2164=CARTESIAN_POINT('',(5.0,9.90492158,-4.289830102));
#2165=DIRECTION('',(0.0,-1.0,-1.445024887E-16));
#2166=DIRECTION('',(0.0,1.445024887E-16,-1.0));
#2167=ADVANCED_FACE('NONE',(#2168),#2180,.F.);
#2168=FACE_BOUND('NONE',#2169,.T.);
#2169=EDGE_LOOP('',(#2170,#2171,#2172,#2173));
#2170=ORIENTED_EDGE('',*,*,#2131,.F.);
#2171=ORIENTED_EDGE('',*,*,#917,.F.);
#2172=ORIENTED_EDGE('',*,*,#2091,.F.);
#2173=ORIENTED_EDGE('',*,*,#2174,.T.);
#2174=EDGE_CURVE('NONE',#2092,#2132,#2175,.F.);
#2175=CIRCLE('',#2176,0.5);
#2176=AXIS2_PLACEMENT_3D('',#2177,#2178,#2179);
#2177=CARTESIAN_POINT('',(5.0,10.40492158,-4.289830102));
#2178=DIRECTION('',(0.0,-1.0,-1.445024887E-16));
#2179=DIRECTION('',(0.0,1.445024887E-16,-1.0));
#2180=PLANE('',#2181);
#2181=AXIS2_PLACEMENT_3D('',#2182,#2183,#2184);
#2182=CARTESIAN_POINT('',(5.0,10.40492158,-4.289830102));
#2183=DIRECTION('',(0.0,-1.0,-1.445024887E-16));
#2184=DIRECTION('',(0.0,1.445024887E-16,-1.0));
#2185=ADVANCED_FACE('NONE',(#2186),#2192,.T.);
#2186=FACE_BOUND('NONE',#2187,.T.);
#2187=EDGE_LOOP('',(#2188,#2189,#2190,#2191));
#2188=ORIENTED_EDGE('',*,*,#2174,.F.);
#2189=ORIENTED_EDGE('',*,*,#2108,.F.);
#2190=ORIENTED_EDGE('',*,*,#2155,.F.);
#2191=ORIENTED_EDGE('',*,*,#2139,.F.);
#2192=CYLINDRICAL_SURFACE('',#2193,0.5);
#2193=AXIS2_PLACEMENT_3D('',#2194,#2195,#2196);
#2194=CARTESIAN_POINT('',(5.0,9.90492158,-4.289830102));
#2195=DIRECTION('',(0.0,1.0,1.445024887E-16));
#2196=DIRECTION('',(0.0,-1.445024887E-16,1.0));
#2197=AXIS2_PLACEMENT_3D('',#2198,#2199,#2200);
#2198=CARTESIAN_POINT('',(0.0,0.0,0.0));
#2199=DIRECTION('',(0.0,0.0,1.0));
#2200=DIRECTION('',(1.0,0.0,0.0));
#2201=(GEOMETRIC_REPRESENTATION_CONTEXT(3)GLOBAL_UNCERTAINTY_ASSIGNED_CONTEXT((#2205))GLOBAL_UNIT_ASSIGNED_CONTEXT((#2202,#2203,#2204))REPRESENTATION_CONTEXT('',''));
#2202=(LENGTH_UNIT()NAMED_UNIT(*)SI_UNIT(.MILLI.,.METRE.));
#2203=(NAMED_UNIT(*)PLANE_ANGLE_UNIT()SI_UNIT($,.RADIAN.));
#2204=(NAMED_UNIT(*)SI_UNIT($,.STERADIAN.)SOLID_ANGLE_UNIT());
#2205=UNCERTAINTY_MEASURE_WITH_UNIT(LENGTH_MEASURE(1.0E-07),#2202,'','maximum tolerance');
#2206=ADVANCED_BREP_SHAPE_REPRESENTATION('',(#9,#801,#2197),#2201);
#2207=SHAPE_DEFINITION_REPRESENTATION(#8,#2206);
#2208=PRODUCT_RELATED_PRODUCT_CATEGORY('part',$,(#4));
#2209=STYLED_ITEM('',(#2210),#9);
#2210=PRESENTATION_STYLE_ASSIGNMENT((#2211));
#2211=SURFACE_STYLE_USAGE(.BOTH.,#2212);
#2212=SURFACE_SIDE_STYLE('',(#2213));
#2213=SURFACE_STYLE_FILL_AREA(#2214);
#2214=FILL_AREA_STYLE('',(#2216));
#2215=DRAUGHTING_PRE_DEFINED_COLOUR('white');
#2216=FILL_AREA_STYLE_COLOUR('',#2215);
#2217=STYLED_ITEM('',(#2218),#801);
#2218=PRESENTATION_STYLE_ASSIGNMENT((#2219));
#2219=SURFACE_STYLE_USAGE(.BOTH.,#2220);
#2220=SURFACE_SIDE_STYLE('',(#2221));
#2221=SURFACE_STYLE_FILL_AREA(#2222);
#2222=FILL_AREA_STYLE('',(#2224));
#2223=COLOUR_RGB('',0.34117648,0.839215696,0.411764711);
#2224=FILL_AREA_STYLE_COLOUR('',#2223);
#2225=OVER_RIDING_STYLED_ITEM('',(#2226),#803,#2217);
#2226=PRESENTATION_STYLE_ASSIGNMENT((#2227));
#2227=SURFACE_STYLE_USAGE(.BOTH.,#2228);
#2228=SURFACE_SIDE_STYLE('',(#2229));
#2229=SURFACE_STYLE_FILL_AREA(#2230);
#2230=FILL_AREA_STYLE('',(#2231));
#2231=FILL_AREA_STYLE_COLOUR('',#2215);
#2232=OVER_RIDING_STYLED_ITEM('',(#2233),#845,#2217);
#2233=PRESENTATION_STYLE_ASSIGNMENT((#2234));
#2234=SURFACE_STYLE_USAGE(.BOTH.,#2235);
#2235=SURFACE_SIDE_STYLE('',(#2236));
#2236=SURFACE_STYLE_FILL_AREA(#2237);
#2237=FILL_AREA_STYLE('',(#2238));
#2238=FILL_AREA_STYLE_COLOUR('',#2215);
#2239=OVER_RIDING_STYLED_ITEM('',(#2240),#887,#2217);
#2240=PRESENTATION_STYLE_ASSIGNMENT((#2241));
#2241=SURFACE_STYLE_USAGE(.BOTH.,#2242);
#2242=SURFACE_SIDE_STYLE('',(#2243));
#2243=SURFACE_STYLE_FILL_AREA(#2244);
#2244=FILL_AREA_STYLE('',(#2246));
#2245=COLOUR_RGB('',0.34117648,0.839215696,0.411764711);
#2246=FILL_AREA_STYLE_COLOUR('',#2245);
#2247=OVER_RIDING_STYLED_ITEM('',(#2248),#1131,#2217);
#2248=PRESENTATION_STYLE_ASSIGNMENT((#2249));
#2249=SURFACE_STYLE_USAGE(.BOTH.,#2250);
#2250=SURFACE_SIDE_STYLE('',(#2251));
#2251=SURFACE_STYLE_FILL_AREA(#2252);
#2252=FILL_AREA_STYLE('',(#2254));
#2253=COLOUR_RGB('',0.34117648,0.839215696,0.411764711);
#2254=FILL_AREA_STYLE_COLOUR('',#2253);
#2255=OVER_RIDING_STYLED_ITEM('',(#2256),#1171,#2217);
#2256=PRESENTATION_STYLE_ASSIGNMENT((#2257));
#2257=SURFACE_STYLE_USAGE(.BOTH.,#2258);
#2258=SURFACE_SIDE_STYLE('',(#2259));
#2259=SURFACE_STYLE_FILL_AREA(#2260);
#2260=FILL_AREA_STYLE('',(#2262));
#2261=COLOUR_RGB('',0.34117648,0.839215696,0.411764711);
#2262=FILL_AREA_STYLE_COLOUR('',#2261);
#2263=OVER_RIDING_STYLED_ITEM('',(#2264),#1210,#2217);
#2264=PRESENTATION_STYLE_ASSIGNMENT((#2265));
#2265=SURFACE_STYLE_USAGE(.BOTH.,#2266);
#2266=SURFACE_SIDE_STYLE('',(#2267));
#2267=SURFACE_STYLE_FILL_AREA(#2268);
#2268=FILL_AREA_STYLE('',(#2270));
#2269=COLOUR_RGB('',0.34117648,0.839215696,0.411764711);
#2270=FILL_AREA_STYLE_COLOUR('',#2269);
#2271=OVER_RIDING_STYLED_ITEM('',(#2272),#1234,#2217);
#2272=PRESENTATION_STYLE_ASSIGNMENT((#2273));
#2273=SURFACE_STYLE_USAGE(.BOTH.,#2274);
#2274=SURFACE_SIDE_STYLE('',(#2275));
#2275=SURFACE_STYLE_FILL_AREA(#2276);
#2276=FILL_AREA_STYLE('',(#2278));
#2277=COLOUR_RGB('',0.34117648,0.839215696,0.411764711);
#2278=FILL_AREA_STYLE_COLOUR('',#2277);
#2279=OVER_RIDING_STYLED_ITEM('',(#2280),#1258,#2217);
#2280=PRESENTATION_STYLE_ASSIGNMENT((#2281));
#2281=SURFACE_STYLE_USAGE(.BOTH.,#2282);
#2282=SURFACE_SIDE_STYLE('',(#2283));
#2283=SURFACE_STYLE_FILL_AREA(#2284);
#2284=FILL_AREA_STYLE('',(#2286));
#2285=COLOUR_RGB('',0.34117648,0.839215696,0.411764711);
#2286=FILL_AREA_STYLE_COLOUR('',#2285);
#2287=OVER_RIDING_STYLED_ITEM('',(#2288),#1337,#2217);
#2288=PRESENTATION_STYLE_ASSIGNMENT((#2289));
#2289=SURFACE_STYLE_USAGE(.BOTH.,#2290);
#2290=SURFACE_SIDE_STYLE('',(#2291));
#2291=SURFACE_STYLE_FILL_AREA(#2292);
#2292=FILL_AREA_STYLE('',(#2294));
#2293=COLOUR_RGB('',0.34117648,0.839215696,0.411764711);
#2294=FILL_AREA_STYLE_COLOUR('',#2293);
#2295=OVER_RIDING_STYLED_ITEM('',(#2296),#1361,#2217);
#2296=PRESENTATION_STYLE_ASSIGNMENT((#2297));
#2297=SURFACE_STYLE_USAGE(.BOTH.,#2298);
#2298=SURFACE_SIDE_STYLE('',(#2299));
#2299=SURFACE_STYLE_FILL_AREA(#2300);
#2300=FILL_AREA_STYLE('',(#2302));
#2301=COLOUR_RGB('',0.34117648,0.839215696,0.411764711);
#2302=FILL_AREA_STYLE_COLOUR('',#2301);
#2303=OVER_RIDING_STYLED_ITEM('',(#2304),#1379,#2217);
#2304=PRESENTATION_STYLE_ASSIGNMENT((#2305));
#2305=SURFACE_STYLE_USAGE(.BOTH.,#2306);
#2306=SURFACE_SIDE_STYLE('',(#2307));
#2307=SURFACE_STYLE_FILL_AREA(#2308);
#2308=FILL_AREA_STYLE('',(#2310));
#2309=COLOUR_RGB('',0.34117648,0.839215696,0.411764711);
#2310=FILL_AREA_STYLE_COLOUR('',#2309);
#2311=OVER_RIDING_STYLED_ITEM('',(#2312),#1403,#2217);
#2312=PRESENTATION_STYLE_ASSIGNMENT((#2313));
#2313=SURFACE_STYLE_USAGE(.BOTH.,#2314);
#2314=SURFACE_SIDE_STYLE('',(#2315));
#2315=SURFACE_STYLE_FILL_AREA(#2316);
#2316=FILL_AREA_STYLE('',(#2318));
#2317=COLOUR_RGB('',0.34117648,0.839215696,0.411764711);
#2318=FILL_AREA_STYLE_COLOUR('',#2317);
#2319=OVER_RIDING_STYLED_ITEM('',(#2320),#1436,#2217);
#2320=PRESENTATION_STYLE_ASSIGNMENT((#2321));
#2321=SURFACE_STYLE_USAGE(.BOTH.,#2322);
#2322=SURFACE_SIDE_STYLE('',(#2323));
#2323=SURFACE_STYLE_FILL_AREA(#2324);
#2324=FILL_AREA_STYLE('',(#2326));
#2325=COLOUR_RGB('',0.34117648,0.839215696,0.411764711);
#2326=FILL_AREA_STYLE_COLOUR('',#2325);
#2327=OVER_RIDING_STYLED_ITEM('',(#2328),#1460,#2217);
#2328=PRESENTATION_STYLE_ASSIGNMENT((#2329));
#2329=SURFACE_STYLE_USAGE(.BOTH.,#2330);
#2330=SURFACE_SIDE_STYLE('',(#2331));
#2331=SURFACE_STYLE_FILL_AREA(#2332);
#2332=FILL_AREA_STYLE('',(#2334));
#2333=COLOUR_RGB('',0.34117648,0.839215696,0.411764711);
#2334=FILL_AREA_STYLE_COLOUR('',#2333);
#2335=OVER_RIDING_STYLED_ITEM('',(#2336),#1484,#2217);
#2336=PRESENTATION_STYLE_ASSIGNMENT((#2337));
#2337=SURFACE_STYLE_USAGE(.BOTH.,#2338);
#2338=SURFACE_SIDE_STYLE('',(#2339));
#2339=SURFACE_STYLE_FILL_AREA(#2340);
#2340=FILL_AREA_STYLE('',(#2342));
#2341=COLOUR_RGB('',0.34117648,0.839215696,0.411764711);
#2342=FILL_AREA_STYLE_COLOUR('',#2341);
#2343=OVER_RIDING_STYLED_ITEM('',(#2344),#1515,#2217);
#2344=PRESENTATION_STYLE_ASSIGNMENT((#2345));
#2345=SURFACE_STYLE_USAGE(.BOTH.,#2346);
#2346=SURFACE_SIDE_STYLE('',(#2347));
#2347=SURFACE_STYLE_FILL_AREA(#2348);
#2348=FILL_AREA_STYLE('',(#2350));
#2349=COLOUR_RGB('',0.34117648,0.839215696,0.411764711);
#2350=FILL_AREA_STYLE_COLOUR('',#2349);
#2351=OVER_RIDING_STYLED_ITEM('',(#2352),#1527,#2217);
#2352=PRESENTATION_STYLE_ASSIGNMENT((#2353));
#2353=SURFACE_STYLE_USAGE(.BOTH.,#2354);
#2354=SURFACE_SIDE_STYLE('',(#2355));
#2355=SURFACE_STYLE_FILL_AREA(#2356);
#2356=FILL_AREA_STYLE('',(#2358));
#2357=COLOUR_RGB('',0.34117648,0.839215696,0.411764711);
#2358=FILL_AREA_STYLE_COLOUR('',#2357);
#2359=OVER_RIDING_STYLED_ITEM('',(#2360),#1539,#2217);
#2360=PRESENTATION_STYLE_ASSIGNMENT((#2361));
#2361=SURFACE_STYLE_USAGE(.BOTH.,#2362);
#2362=SURFACE_SIDE_STYLE('',(#2363));
#2363=SURFACE_STYLE_FILL_AREA(#2364);
#2364=FILL_AREA_STYLE('',(#2366));
#2365=COLOUR_RGB('',0.34117648,0.839215696,0.411764711);
#2366=FILL_AREA_STYLE_COLOUR('',#2365);
#2367=OVER_RIDING_STYLED_ITEM('',(#2368),#1551,#2217);
#2368=PRESENTATION_STYLE_ASSIGNMENT((#2369));
#2369=SURFACE_STYLE_USAGE(.BOTH.,#2370);
#2370=SURFACE_SIDE_STYLE('',(#2371));
#2371=SURFACE_STYLE_FILL_AREA(#2372);
#2372=FILL_AREA_STYLE('',(#2373));
#2373=FILL_AREA_STYLE_COLOUR('',#2215);
#2374=OVER_RIDING_STYLED_ITEM('',(#2375),#1582,#2217);
#2375=PRESENTATION_STYLE_ASSIGNMENT((#2376));
#2376=SURFACE_STYLE_USAGE(.BOTH.,#2377);
#2377=SURFACE_SIDE_STYLE('',(#2378));
#2378=SURFACE_STYLE_FILL_AREA(#2379);
#2379=FILL_AREA_STYLE('',(#2380));
#2380=FILL_AREA_STYLE_COLOUR('',#2215);
#2381=OVER_RIDING_STYLED_ITEM('',(#2382),#1613,#2217);
#2382=PRESENTATION_STYLE_ASSIGNMENT((#2383));
#2383=SURFACE_STYLE_USAGE(.BOTH.,#2384);
#2384=SURFACE_SIDE_STYLE('',(#2385));
#2385=SURFACE_STYLE_FILL_AREA(#2386);
#2386=FILL_AREA_STYLE('',(#2387));
#2387=FILL_AREA_STYLE_COLOUR('',#2215);
#2388=OVER_RIDING_STYLED_ITEM('',(#2389),#1631,#2217);
#2389=PRESENTATION_STYLE_ASSIGNMENT((#2390));
#2390=SURFACE_STYLE_USAGE(.BOTH.,#2391);
#2391=SURFACE_SIDE_STYLE('',(#2392));
#2392=SURFACE_STYLE_FILL_AREA(#2393);
#2393=FILL_AREA_STYLE('',(#2394));
#2394=FILL_AREA_STYLE_COLOUR('',#2215);
#2395=OVER_RIDING_STYLED_ITEM('',(#2396),#1649,#2217);
#2396=PRESENTATION_STYLE_ASSIGNMENT((#2397));
#2397=SURFACE_STYLE_USAGE(.BOTH.,#2398);
#2398=SURFACE_SIDE_STYLE('',(#2399));
#2399=SURFACE_STYLE_FILL_AREA(#2400);
#2400=FILL_AREA_STYLE('',(#2401));
#2401=FILL_AREA_STYLE_COLOUR('',#2215);
#2402=OVER_RIDING_STYLED_ITEM('',(#2403),#1661,#2217);
#2403=PRESENTATION_STYLE_ASSIGNMENT((#2404));
#2404=SURFACE_STYLE_USAGE(.BOTH.,#2405);
#2405=SURFACE_SIDE_STYLE('',(#2406));
#2406=SURFACE_STYLE_FILL_AREA(#2407);
#2407=FILL_AREA_STYLE('',(#2408));
#2408=FILL_AREA_STYLE_COLOUR('',#2215);
#2409=OVER_RIDING_STYLED_ITEM('',(#2410),#1692,#2217);
#2410=PRESENTATION_STYLE_ASSIGNMENT((#2411));
#2411=SURFACE_STYLE_USAGE(.BOTH.,#2412);
#2412=SURFACE_SIDE_STYLE('',(#2413));
#2413=SURFACE_STYLE_FILL_AREA(#2414);
#2414=FILL_AREA_STYLE('',(#2415));
#2415=FILL_AREA_STYLE_COLOUR('',#2215);
#2416=OVER_RIDING_STYLED_ITEM('',(#2417),#1723,#2217);
#2417=PRESENTATION_STYLE_ASSIGNMENT((#2418));
#2418=SURFACE_STYLE_USAGE(.BOTH.,#2419);
#2419=SURFACE_SIDE_STYLE('',(#2420));
#2420=SURFACE_STYLE_FILL_AREA(#2421);
#2421=FILL_AREA_STYLE('',(#2422));
#2422=FILL_AREA_STYLE_COLOUR('',#2215);
#2423=OVER_RIDING_STYLED_ITEM('',(#2424),#1741,#2217);
#2424=PRESENTATION_STYLE_ASSIGNMENT((#2425));
#2425=SURFACE_STYLE_USAGE(.BOTH.,#2426);
#2426=SURFACE_SIDE_STYLE('',(#2427));
#2427=SURFACE_STYLE_FILL_AREA(#2428);
#2428=FILL_AREA_STYLE('',(#2429));
#2429=FILL_AREA_STYLE_COLOUR('',#2215);
#2430=OVER_RIDING_STYLED_ITEM('',(#2431),#1759,#2217);
#2431=PRESENTATION_STYLE_ASSIGNMENT((#2432));
#2432=SURFACE_STYLE_USAGE(.BOTH.,#2433);
#2433=SURFACE_SIDE_STYLE('',(#2434));
#2434=SURFACE_STYLE_FILL_AREA(#2435);
#2435=FILL_AREA_STYLE('',(#2436));
#2436=FILL_AREA_STYLE_COLOUR('',#2215);
#2437=OVER_RIDING_STYLED_ITEM('',(#2438),#1771,#2217);
#2438=PRESENTATION_STYLE_ASSIGNMENT((#2439));
#2439=SURFACE_STYLE_USAGE(.BOTH.,#2440);
#2440=SURFACE_SIDE_STYLE('',(#2441));
#2441=SURFACE_STYLE_FILL_AREA(#2442);
#2442=FILL_AREA_STYLE('',(#2443));
#2443=FILL_AREA_STYLE_COLOUR('',#2215);
#2444=OVER_RIDING_STYLED_ITEM('',(#2445),#1802,#2217);
#2445=PRESENTATION_STYLE_ASSIGNMENT((#2446));
#2446=SURFACE_STYLE_USAGE(.BOTH.,#2447);
#2447=SURFACE_SIDE_STYLE('',(#2448));
#2448=SURFACE_STYLE_FILL_AREA(#2449);
#2449=FILL_AREA_STYLE('',(#2450));
#2450=FILL_AREA_STYLE_COLOUR('',#2215);
#2451=OVER_RIDING_STYLED_ITEM('',(#2452),#1824,#2217);
#2452=PRESENTATION_STYLE_ASSIGNMENT((#2453));
#2453=SURFACE_STYLE_USAGE(.BOTH.,#2454);
#2454=SURFACE_SIDE_STYLE('',(#2455));
#2455=SURFACE_STYLE_FILL_AREA(#2456);
#2456=FILL_AREA_STYLE('',(#2457));
#2457=FILL_AREA_STYLE_COLOUR('',#2215);
#2458=OVER_RIDING_STYLED_ITEM('',(#2459),#1843,#2217);
#2459=PRESENTATION_STYLE_ASSIGNMENT((#2460));
#2460=SURFACE_STYLE_USAGE(.BOTH.,#2461);
#2461=SURFACE_SIDE_STYLE('',(#2462));
#2462=SURFACE_STYLE_FILL_AREA(#2463);
#2463=FILL_AREA_STYLE('',(#2464));
#2464=FILL_AREA_STYLE_COLOUR('',#2215);
#2465=OVER_RIDING_STYLED_ITEM('',(#2466),#1862,#2217);
#2466=PRESENTATION_STYLE_ASSIGNMENT((#2467));
#2467=SURFACE_STYLE_USAGE(.BOTH.,#2468);
#2468=SURFACE_SIDE_STYLE('',(#2469));
#2469=SURFACE_STYLE_FILL_AREA(#2470);
#2470=FILL_AREA_STYLE('',(#2471));
#2471=FILL_AREA_STYLE_COLOUR('',#2215);
#2472=OVER_RIDING_STYLED_ITEM('',(#2473),#1874,#2217);
#2473=PRESENTATION_STYLE_ASSIGNMENT((#2474));
#2474=SURFACE_STYLE_USAGE(.BOTH.,#2475);
#2475=SURFACE_SIDE_STYLE('',(#2476));
#2476=SURFACE_STYLE_FILL_AREA(#2477);
#2477=FILL_AREA_STYLE('',(#2478));
#2478=FILL_AREA_STYLE_COLOUR('',#2215);
#2479=OVER_RIDING_STYLED_ITEM('',(#2480),#1905,#2217);
#2480=PRESENTATION_STYLE_ASSIGNMENT((#2481));
#2481=SURFACE_STYLE_USAGE(.BOTH.,#2482);
#2482=SURFACE_SIDE_STYLE('',(#2483));
#2483=SURFACE_STYLE_FILL_AREA(#2484);
#2484=FILL_AREA_STYLE('',(#2485));
#2485=FILL_AREA_STYLE_COLOUR('',#2215);
#2486=OVER_RIDING_STYLED_ITEM('',(#2487),#1927,#2217);
#2487=PRESENTATION_STYLE_ASSIGNMENT((#2488));
#2488=SURFACE_STYLE_USAGE(.BOTH.,#2489);
#2489=SURFACE_SIDE_STYLE('',(#2490));
#2490=SURFACE_STYLE_FILL_AREA(#2491);
#2491=FILL_AREA_STYLE('',(#2492));
#2492=FILL_AREA_STYLE_COLOUR('',#2215);
#2493=OVER_RIDING_STYLED_ITEM('',(#2494),#1946,#2217);
#2494=PRESENTATION_STYLE_ASSIGNMENT((#2495));
#2495=SURFACE_STYLE_USAGE(.BOTH.,#2496);
#2496=SURFACE_SIDE_STYLE('',(#2497));
#2497=SURFACE_STYLE_FILL_AREA(#2498);
#2498=FILL_AREA_STYLE('',(#2499));
#2499=FILL_AREA_STYLE_COLOUR('',#2215);
#2500=OVER_RIDING_STYLED_ITEM('',(#2501),#1965,#2217);
#2501=PRESENTATION_STYLE_ASSIGNMENT((#2502));
#2502=SURFACE_STYLE_USAGE(.BOTH.,#2503);
#2503=SURFACE_SIDE_STYLE('',(#2504));
#2504=SURFACE_STYLE_FILL_AREA(#2505);
#2505=FILL_AREA_STYLE('',(#2506));
#2506=FILL_AREA_STYLE_COLOUR('',#2215);
#2507=OVER_RIDING_STYLED_ITEM('',(#2508),#1977,#2217);
#2508=PRESENTATION_STYLE_ASSIGNMENT((#2509));
#2509=SURFACE_STYLE_USAGE(.BOTH.,#2510);
#2510=SURFACE_SIDE_STYLE('',(#2511));
#2511=SURFACE_STYLE_FILL_AREA(#2512);
#2512=FILL_AREA_STYLE('',(#2513));
#2513=FILL_AREA_STYLE_COLOUR('',#2215);
#2514=OVER_RIDING_STYLED_ITEM('',(#2515),#2008,#2217);
#2515=PRESENTATION_STYLE_ASSIGNMENT((#2516));
#2516=SURFACE_STYLE_USAGE(.BOTH.,#2517);
#2517=SURFACE_SIDE_STYLE('',(#2518));
#2518=SURFACE_STYLE_FILL_AREA(#2519);
#2519=FILL_AREA_STYLE('',(#2520));
#2520=FILL_AREA_STYLE_COLOUR('',#2215);
#2521=OVER_RIDING_STYLED_ITEM('',(#2522),#2039,#2217);
#2522=PRESENTATION_STYLE_ASSIGNMENT((#2523));
#2523=SURFACE_STYLE_USAGE(.BOTH.,#2524);
#2524=SURFACE_SIDE_STYLE('',(#2525));
#2525=SURFACE_STYLE_FILL_AREA(#2526);
#2526=FILL_AREA_STYLE('',(#2527));
#2527=FILL_AREA_STYLE_COLOUR('',#2215);
#2528=OVER_RIDING_STYLED_ITEM('',(#2529),#2057,#2217);
#2529=PRESENTATION_STYLE_ASSIGNMENT((#2530));
#2530=SURFACE_STYLE_USAGE(.BOTH.,#2531);
#2531=SURFACE_SIDE_STYLE('',(#2532));
#2532=SURFACE_STYLE_FILL_AREA(#2533);
#2533=FILL_AREA_STYLE('',(#2534));
#2534=FILL_AREA_STYLE_COLOUR('',#2215);
#2535=OVER_RIDING_STYLED_ITEM('',(#2536),#2075,#2217);
#2536=PRESENTATION_STYLE_ASSIGNMENT((#2537));
#2537=SURFACE_STYLE_USAGE(.BOTH.,#2538);
#2538=SURFACE_SIDE_STYLE('',(#2539));
#2539=SURFACE_STYLE_FILL_AREA(#2540);
#2540=FILL_AREA_STYLE('',(#2541));
#2541=FILL_AREA_STYLE_COLOUR('',#2215);
#2542=OVER_RIDING_STYLED_ITEM('',(#2543),#2087,#2217);
#2543=PRESENTATION_STYLE_ASSIGNMENT((#2544));
#2544=SURFACE_STYLE_USAGE(.BOTH.,#2545);
#2545=SURFACE_SIDE_STYLE('',(#2546));
#2546=SURFACE_STYLE_FILL_AREA(#2547);
#2547=FILL_AREA_STYLE('',(#2548));
#2548=FILL_AREA_STYLE_COLOUR('',#2215);
#2549=OVER_RIDING_STYLED_ITEM('',(#2550),#2118,#2217);
#2550=PRESENTATION_STYLE_ASSIGNMENT((#2551));
#2551=SURFACE_STYLE_USAGE(.BOTH.,#2552);
#2552=SURFACE_SIDE_STYLE('',(#2553));
#2553=SURFACE_STYLE_FILL_AREA(#2554);
#2554=FILL_AREA_STYLE('',(#2555));
#2555=FILL_AREA_STYLE_COLOUR('',#2215);
#2556=OVER_RIDING_STYLED_ITEM('',(#2557),#2149,#2217);
#2557=PRESENTATION_STYLE_ASSIGNMENT((#2558));
#2558=SURFACE_STYLE_USAGE(.BOTH.,#2559);
#2559=SURFACE_SIDE_STYLE('',(#2560));
#2560=SURFACE_STYLE_FILL_AREA(#2561);
#2561=FILL_AREA_STYLE('',(#2562));
#2562=FILL_AREA_STYLE_COLOUR('',#2215);
#2563=OVER_RIDING_STYLED_ITEM('',(#2564),#2167,#2217);
#2564=PRESENTATION_STYLE_ASSIGNMENT((#2565));
#2565=SURFACE_STYLE_USAGE(.BOTH.,#2566);
#2566=SURFACE_SIDE_STYLE('',(#2567));
#2567=SURFACE_STYLE_FILL_AREA(#2568);
#2568=FILL_AREA_STYLE('',(#2569));
#2569=FILL_AREA_STYLE_COLOUR('',#2215);
#2570=OVER_RIDING_STYLED_ITEM('',(#2571),#2185,#2217);
#2571=PRESENTATION_STYLE_ASSIGNMENT((#2572));
#2572=SURFACE_STYLE_USAGE(.BOTH.,#2573);
#2573=SURFACE_SIDE_STYLE('',(#2574));
#2574=SURFACE_STYLE_FILL_AREA(#2575);
#2575=FILL_AREA_STYLE('',(#2576));
#2576=FILL_AREA_STYLE_COLOUR('',#2215);
#2577=MECHANICAL_DESIGN_GEOMETRIC_PRESENTATION_REPRESENTATION('',(#2209,#2217,#2225,#2232,#2239,#2247,#2255,#2263,#2271,#2279,#2287,#2295,#2303,#2311,#2319,#2327,#2335,#2343,#2351,#2359,#2367,#2374,#2381,#2388,#2395,#2402,#2409,#2416,#2423,#2430,#2437,#2444,#2451,#2458,#2465,#2472,#2479,#2486,#2493,#2500,#2507,#2514,#2521,#2528,#2535,#2542,#2549,#2556,#2563,#2570),#2201);
ENDSEC;
END-ISO-10303-21;
