ISO-10303-21;
HEADER;
FILE_DESCRIPTION (( 'STEP AP214' ),
    '1' );
FILE_NAME ('NE182UEEP6AMP.STEP',
    '2026-05-16T12:31:18',
    ( '' ),
    ( '' ),
    'SwSTEP 2.0',
    'SolidWorks 2025',
    '' );
FILE_SCHEMA (( 'AUTOMOTIVE_DESIGN' ));
ENDSEC;

DATA;
#1 = EDGE_CURVE ( 'NONE', #1620, #1854, #2498, .T. ) ;
#2 = CARTESIAN_POINT ( 'NONE',  ( -6.524999999999999467, 16.14932157995130879, -4.289830102251443122 ) ) ;
#3 = CARTESIAN_POINT ( 'NONE',  ( -6.025000000000000355, 4.160521579951309334, -4.289830102251443122 ) ) ;
#4 = DIRECTION ( 'NONE',  ( -0.000000000000000000, -1.000000000000000000, -1.445024886692662264E-16 ) ) ;
#5 = AXIS2_PLACEMENT_3D ( 'NONE', #960, #1218, #2128 ) ;
#6 = ORIENTED_EDGE ( 'NONE', *, *, #1435, .T. ) ;
#7 = DIRECTION ( 'NONE',  ( 0.000000000000000000, 0.000000000000000000, -1.000000000000000000 ) ) ;
#8 = COLOUR_RGB ( '',1.000000000000000000, 1.000000000000000000, 1.000000000000000000 ) ;
#9 = ORIENTED_EDGE ( 'NONE', *, *, #626, .F. ) ;
#10 = PRESENTATION_STYLE_ASSIGNMENT (( #41 ) ) ;
#11 = FACE_OUTER_BOUND ( 'NONE', #610, .T. ) ;
#12 = CARTESIAN_POINT ( 'NONE',  ( -6.524999999999999467, 4.660521579951313775, -4.289830102251443122 ) ) ;
#13 = CARTESIAN_POINT ( 'NONE',  ( -5.499999999999999112, 9.904921579951311728, -4.289830102251445787 ) ) ;
#14 = COLOUR_RGB ( '',0.3411764705882353033, 0.8392156862745098200, 0.4117647058823529216 ) ;
#15 = COLOUR_RGB ( '',0.3411764705882353033, 0.8392156862745098200, 0.4117647058823529216 ) ;
#16 = DIRECTION ( 'NONE',  ( 0.000000000000000000, 0.000000000000000000, 1.000000000000000000 ) ) ;
#17 = DIRECTION ( 'NONE',  ( -1.000000000000000000, 0.000000000000000000, 0.000000000000000000 ) ) ;
#18 =( GEOMETRIC_REPRESENTATION_CONTEXT ( 3 ) GLOBAL_UNCERTAINTY_ASSIGNED_CONTEXT ( ( #901 ) ) GLOBAL_UNIT_ASSIGNED_CONTEXT ( ( #127, #393, #1485 ) ) REPRESENTATION_CONTEXT ( 'NONE', 'WORKASPACE' ) );
#19 = FACE_OUTER_BOUND ( 'NONE', #1984, .T. ) ;
#20 = EDGE_LOOP ( 'NONE', ( #2202, #760, #1120, #1903 ) ) ;
#21 = MECHANICAL_DESIGN_GEOMETRIC_PRESENTATION_REPRESENTATION (  '', ( #400 ), #2699 ) ;
#22 = PRESENTATION_STYLE_ASSIGNMENT (( #1143 ) ) ;
#23 = VECTOR ( 'NONE', #2243, 1000.000000000000000 ) ;
#24 = VERTEX_POINT ( 'NONE', #1522 ) ;
#25 = CARTESIAN_POINT ( 'NONE',  ( 6.524999999999999467, 4.160521579951309334, 7.714969897748558125 ) ) ;
#26 = ORIENTED_EDGE ( 'NONE', *, *, #1879, .F. ) ;
#27 = MECHANICAL_DESIGN_GEOMETRIC_PRESENTATION_REPRESENTATION (  '', ( #2453 ), #416 ) ;
#28 = PRODUCT_RELATED_PRODUCT_CATEGORY ( 'part', '', ( #2360 ) ) ;
#29 = FACE_OUTER_BOUND ( 'NONE', #2594, .T. ) ;
#30 = PRESENTATION_STYLE_ASSIGNMENT (( #2795 ) ) ;
#31 = CARTESIAN_POINT ( 'NONE',  ( -4.708463619067515538, 31.24474553631273466, 7.214969897748558125 ) ) ;
#32 = UNCERTAINTY_MEASURE_WITH_UNIT (LENGTH_MEASURE( 1.000000000000000082E-05 ), #2807, 'distance_accuracy_value', 'NONE');
#33 = SURFACE_STYLE_FILL_AREA ( #1443 ) ;
#34 = DIRECTION ( 'NONE',  ( 0.000000000000000000, -1.000000000000000000, -1.445024886692662264E-16 ) ) ;
#36 = SURFACE_SIDE_STYLE ('',( #2753 ) ) ;
#35 = CARTESIAN_POINT ( 'NONE',  ( -6.524999999999999467, 3.660521579951307558, -4.289830102251443122 ) ) ;
#37 = VERTEX_POINT ( 'NONE', #1979 ) ;
#38 = EDGE_CURVE ( 'NONE', #1118, #1896, #2252, .T. ) ;
#39 = CARTESIAN_POINT ( 'NONE',  ( 6.524999999999999467, 15.64932157995130702, -4.289830102251443122 ) ) ;
#40 = ORIENTED_EDGE ( 'NONE', *, *, #612, .F. ) ;
#41 = SURFACE_STYLE_USAGE ( .BOTH. , #2803 ) ;
#42 = CARTESIAN_POINT ( 'NONE',  ( 6.524999999999999467, 16.14932157995130879, 7.714969897748558125 ) ) ;
#43 = VERTEX_POINT ( 'NONE', #1760 ) ;
#44 = LINE ( 'NONE', #993, #2188 ) ;
#45 = SURFACE_STYLE_FILL_AREA ( #783 ) ;
#46 = VERTEX_POINT ( 'NONE', #198 ) ;
#47 = DIRECTION ( 'NONE',  ( 1.000000000000000000, 0.000000000000000000, 0.000000000000000000 ) ) ;
#48 = LINE ( 'NONE', #1932, #1728 ) ;
#49 = ORIENTED_EDGE ( 'NONE', *, *, #286, .F. ) ;
#50 = PLANE ( 'NONE',  #1528 ) ;
#51 =( NAMED_UNIT ( * ) PLANE_ANGLE_UNIT ( ) SI_UNIT ( $, .RADIAN. ) );
#52 = DIRECTION ( 'NONE',  ( 0.000000000000000000, -1.000000000000000000, 0.000000000000000000 ) ) ;
#53 = EDGE_CURVE ( 'NONE', #1012, #1531, #446, .T. ) ;
#54 = ORIENTED_EDGE ( 'NONE', *, *, #1340, .T. ) ;
#55 = SURFACE_STYLE_USAGE ( .BOTH. , #2094 ) ;
#56 = CARTESIAN_POINT ( 'NONE',  ( -1.859999999999999654, 41.08860207386216956, 7.007438142951595061 ) ) ;
#57 = AXIS2_PLACEMENT_3D ( 'NONE', #2906, #1750, #432 ) ;
#58 = UNCERTAINTY_MEASURE_WITH_UNIT (LENGTH_MEASURE( 1.000000000000000082E-05 ), #2629, 'distance_accuracy_value', 'NONE');
#59 = MECHANICAL_DESIGN_GEOMETRIC_PRESENTATION_REPRESENTATION (  '', ( #1384 ), #636 ) ;
#60 = CARTESIAN_POINT ( 'NONE',  ( 0.000000000000000000, 41.83146668853288475, 8.962178420968406556 ) ) ;
#61 = EDGE_CURVE ( 'NONE', #1265, #37, #2196, .T. ) ;
#63 = CARTESIAN_POINT ( 'NONE',  ( -6.524999999999999467, 16.14932157995130879, -4.289830102251443122 ) ) ;
#62 = DIRECTION ( 'NONE',  ( -1.000000000000000000, 0.000000000000000000, 0.000000000000000000 ) ) ;
#64 =( GEOMETRIC_REPRESENTATION_CONTEXT ( 3 ) GLOBAL_UNCERTAINTY_ASSIGNED_CONTEXT ( ( #1422 ) ) GLOBAL_UNIT_ASSIGNED_CONTEXT ( ( #1171, #80, #1906 ) ) REPRESENTATION_CONTEXT ( 'NONE', 'WORKASPACE' ) );
#65 = PRESENTATION_LAYER_ASSIGNMENT (  '', '', ( #1722 ) ) ;
#66 = EDGE_LOOP ( 'NONE', ( #2862, #347, #389, #777 ) ) ;
#67 = AXIS2_PLACEMENT_3D ( 'NONE', #2614, #2651, #2631 ) ;
#68 = MECHANICAL_DESIGN_GEOMETRIC_PRESENTATION_REPRESENTATION (  '', ( #1108 ), #2446 ) ;
#69 = SURFACE_SIDE_STYLE ('',( #1687 ) ) ;
#70 = ORIENTED_EDGE ( 'NONE', *, *, #2864, .F. ) ;
#71 = VECTOR ( 'NONE', #849, 1000.000000000000000 ) ;
#72 =( NAMED_UNIT ( * ) PLANE_ANGLE_UNIT ( ) SI_UNIT ( $, .RADIAN. ) );
#73 = VECTOR ( 'NONE', #241, 1000.000000000000000 ) ;
#74 = CARTESIAN_POINT ( 'NONE',  ( 6.524999999999999467, 16.64932157995131234, 7.714969897748558125 ) ) ;
#75 = ORIENTED_EDGE ( 'NONE', *, *, #1419, .T. ) ;
#76 = ADVANCED_FACE ( 'NONE', ( #169 ), #2480, .T. ) ;
#77 = DIRECTION ( 'NONE',  ( -0.000000000000000000, -2.890049773385324036E-16, 1.000000000000000000 ) ) ;
#78 = CARTESIAN_POINT ( 'NONE',  ( -6.524999999999999467, 15.64932157995131057, 7.714969897748558125 ) ) ;
#79 = AXIS2_PLACEMENT_3D ( 'NONE', #485, #1380, #707 ) ;
#80 =( NAMED_UNIT ( * ) PLANE_ANGLE_UNIT ( ) SI_UNIT ( $, .RADIAN. ) );
#81 = FACE_OUTER_BOUND ( 'NONE', #1933, .T. ) ;
#82 = CARTESIAN_POINT ( 'NONE',  ( -6.524999999999999467, 3.660521579951309334, 7.714969897748558125 ) ) ;
#83 = ORIENTED_EDGE ( 'NONE', *, *, #649, .T. ) ;
#84 = DIRECTION ( 'NONE',  ( 0.000000000000000000, 1.000000000000000000, 0.000000000000000000 ) ) ;
#85 = DIRECTION ( 'NONE',  ( 0.000000000000000000, 0.000000000000000000, -1.000000000000000000 ) ) ;
#86 = ORIENTED_EDGE ( 'NONE', *, *, #758, .F. ) ;
#87 = FACE_OUTER_BOUND ( 'NONE', #1510, .T. ) ;
#88 = CARTESIAN_POINT ( 'NONE',  ( 7.404099999999999682, 15.64932157995131057, 0.000000000000000000 ) ) ;
#89 = CARTESIAN_POINT ( 'NONE',  ( 0.000000000000000000, 26.15224969871037430, 3.756396417407844801 ) ) ;
#90 = EDGE_LOOP ( 'NONE', ( #2285, #1526, #122, #2165 ) ) ;
#91 =( LENGTH_UNIT ( ) NAMED_UNIT ( * ) SI_UNIT ( .MILLI., .METRE. ) );
#92 =( NAMED_UNIT ( * ) PLANE_ANGLE_UNIT ( ) SI_UNIT ( $, .RADIAN. ) );
#93 = DIRECTION ( 'NONE',  ( 0.000000000000000000, -1.000000000000000000, 0.000000000000000000 ) ) ;
#94 = FACE_BOUND ( 'NONE', #2338, .T. ) ;
#95 = LINE ( 'NONE', #1008, #2902 ) ;
#96 = EDGE_LOOP ( 'NONE', ( #1418, #2181, #710, #374 ) ) ;
#97 = EDGE_CURVE ( 'NONE', #2434, #731, #186, .T. ) ;
#98 =( LENGTH_UNIT ( ) NAMED_UNIT ( * ) SI_UNIT ( .MILLI., .METRE. ) );
#99 = VERTEX_POINT ( 'NONE', #1315 ) ;
#100 = DIRECTION ( 'NONE',  ( -0.000000000000000000, 0.000000000000000000, 1.000000000000000000 ) ) ;
#101 = DIRECTION ( 'NONE',  ( -0.000000000000000000, -1.000000000000000000, -0.000000000000000000 ) ) ;
#102 = AXIS2_PLACEMENT_3D ( 'NONE', #1121, #884, #212 ) ;
#103 = ORIENTED_EDGE ( 'NONE', *, *, #2171, .F. ) ;
#104 = PRESENTATION_STYLE_ASSIGNMENT (( #333 ) ) ;
#105 = CARTESIAN_POINT ( 'NONE',  ( 6.524999999999999467, 15.64932157995130702, -4.289830102251443122 ) ) ;
#106 = STYLED_ITEM ( 'NONE', ( #2562 ), #2499 ) ;
#107 = CARTESIAN_POINT ( 'NONE',  ( 7.404099999999999682, 15.64932157995131057, 0.000000000000000000 ) ) ;
#109 = LINE ( 'NONE', #1471, #976 ) ;
#108 =( NAMED_UNIT ( * ) SI_UNIT ( $, .STERADIAN. ) SOLID_ANGLE_UNIT ( ) );
#110 = ORIENTED_EDGE ( 'NONE', *, *, #886, .T. ) ;
#111 = FACE_OUTER_BOUND ( 'NONE', #871, .T. ) ;
#112 = PLANE ( 'NONE',  #2014 ) ;
#113 = MECHANICAL_DESIGN_GEOMETRIC_PRESENTATION_REPRESENTATION (  '', ( #2689 ), #2154 ) ;
#114 = EDGE_CURVE ( 'NONE', #2678, #1734, #2004, .T. ) ;
#115 = ORIENTED_EDGE ( 'NONE', *, *, #1432, .T. ) ;
#116 =( NAMED_UNIT ( * ) SI_UNIT ( $, .STERADIAN. ) SOLID_ANGLE_UNIT ( ) );
#117 =( GEOMETRIC_REPRESENTATION_CONTEXT ( 3 ) GLOBAL_UNCERTAINTY_ASSIGNED_CONTEXT ( ( #216 ) ) GLOBAL_UNIT_ASSIGNED_CONTEXT ( ( #2152, #2527, #1225 ) ) REPRESENTATION_CONTEXT ( 'NONE', 'WORKASPACE' ) );
#118 = PRESENTATION_LAYER_ASSIGNMENT (  '', '', ( #1066 ) ) ;
#119 = ADVANCED_FACE ( 'NONE', ( #1792 ), #2719, .F. ) ;
#120 = CARTESIAN_POINT ( 'NONE',  ( -4.500000000000000000, 3.728537187450380341E-31, 0.000000000000000000 ) ) ;
#121 = MECHANICAL_DESIGN_GEOMETRIC_PRESENTATION_REPRESENTATION (  '', ( #1157 ), #365 ) ;
#122 = ORIENTED_EDGE ( 'NONE', *, *, #2916, .F. ) ;
#123 = AXIS2_PLACEMENT_3D ( 'NONE', #903, #17, #2945 ) ;
#124 = STYLED_ITEM ( 'NONE', ( #2899 ), #955 ) ;
#125 = CARTESIAN_POINT ( 'NONE',  ( -3.696378337327010044, 46.69741199371047458, 0.4817457909815919814 ) ) ;
#126 = PRODUCT_DEFINITION ( 'UNKNOWN', '', #928, #2539 ) ;
#127 =( LENGTH_UNIT ( ) NAMED_UNIT ( * ) SI_UNIT ( .MILLI., .METRE. ) );
#128 = CARTESIAN_POINT ( 'NONE',  ( -3.696378337327010044, 36.69795410227509080, 0.4817457909815919814 ) ) ;
#130 = SURFACE_STYLE_FILL_AREA ( #1953 ) ;
#129 =( LENGTH_UNIT ( ) NAMED_UNIT ( * ) SI_UNIT ( .MILLI., .METRE. ) );
#131 = CIRCLE ( 'NONE', #1779, 0.5000000000000022204 ) ;
#132 = ORIENTED_EDGE ( 'NONE', *, *, #2772, .T. ) ;
#133 = DIRECTION ( 'NONE',  ( -1.000000000000000000, 0.000000000000000000, 0.000000000000000000 ) ) ;
#134 = CARTESIAN_POINT ( 'NONE',  ( -6.025000000000000355, 0.000000000000000000, 0.000000000000000000 ) ) ;
#135 = ORIENTED_EDGE ( 'NONE', *, *, #1967, .F. ) ;
#136 = PLANE ( 'NONE',  #2052 ) ;
#137 = EDGE_CURVE ( 'NONE', #342, #1734, #2325, .T. ) ;
#138 = CARTESIAN_POINT ( 'NONE',  ( 4.708463619067515538, 25.38192949279104127, 0.000000000000000000 ) ) ;
#139 = CARTESIAN_POINT ( 'NONE',  ( -6.025000000000000355, 16.14932157995130879, 7.714969897748558125 ) ) ;
#140 = ORIENTED_EDGE ( 'NONE', *, *, #880, .T. ) ;
#141 = ADVANCED_FACE ( 'NONE', ( #295 ), #50, .F. ) ;
#142 =( NAMED_UNIT ( * ) SI_UNIT ( $, .STERADIAN. ) SOLID_ANGLE_UNIT ( ) );
#143 = CARTESIAN_POINT ( 'NONE',  ( 7.404099999999999682, 10.40492157995131173, 0.000000000000000000 ) ) ;
#144 = ADVANCED_FACE ( 'NONE', ( #2272 ), #248, .F. ) ;
#145 =( NAMED_UNIT ( * ) SI_UNIT ( $, .STERADIAN. ) SOLID_ANGLE_UNIT ( ) );
#146 = SURFACE_SIDE_STYLE ('',( #1263 ) ) ;
#147 = CARTESIAN_POINT ( 'NONE',  ( -1.859999999999999654, 41.08860207386216956, 7.007438142951595061 ) ) ;
#148 = VERTEX_POINT ( 'NONE', #2639 ) ;
#149 = CARTESIAN_POINT ( 'NONE',  ( 0.000000000000000000, 45.02077977371821760, 6.534185233536998538 ) ) ;
#150 = ORIENTED_EDGE ( 'NONE', *, *, #1887, .F. ) ;
#151 = DIRECTION ( 'NONE',  ( 0.000000000000000000, 0.000000000000000000, -1.000000000000000000 ) ) ;
#152 = DIRECTION ( 'NONE',  ( 1.000000000000000000, -0.000000000000000000, -0.000000000000000000 ) ) ;
#153 = DIRECTION ( 'NONE',  ( 0.000000000000000000, 0.000000000000000000, 1.000000000000000000 ) ) ;
#154 = ORIENTED_EDGE ( 'NONE', *, *, #2388, .F. ) ;
#155 = LINE ( 'NONE', #616, #1283 ) ;
#156 = AXIS2_PLACEMENT_3D ( 'NONE', #351, #1243, #1061 ) ;
#157 = DIRECTION ( 'NONE',  ( 0.000000000000000000, 1.445024886692662264E-16, -1.000000000000000000 ) ) ;
#158 = DIRECTION ( 'NONE',  ( 0.000000000000000000, 0.000000000000000000, 1.000000000000000000 ) ) ;
#159 =( LENGTH_UNIT ( ) NAMED_UNIT ( * ) SI_UNIT ( .MILLI., .METRE. ) );
#160 = SURFACE_STYLE_USAGE ( .BOTH. , #588 ) ;
#161 = COLOUR_RGB ( '',1.000000000000000000, 1.000000000000000000, 1.000000000000000000 ) ;
#162 = VERTEX_POINT ( 'NONE', #2622 ) ;
#163 = CARTESIAN_POINT ( 'NONE',  ( 3.696378337327010044, 32.32753054294656891, 0.4817457909815910377 ) ) ;
#164 = VECTOR ( 'NONE', #420, 1000.000000000000000 ) ;
#165 = ORIENTED_EDGE ( 'NONE', *, *, #1419, .F. ) ;
#166 = CARTESIAN_POINT ( 'NONE',  ( -3.696378337327010044, 31.24474553631273466, 7.214969897748558125 ) ) ;
#167 = ORIENTED_EDGE ( 'NONE', *, *, #1077, .T. ) ;
#168 = COLOUR_RGB ( '',1.000000000000000000, 1.000000000000000000, 1.000000000000000000 ) ;
#169 = FACE_OUTER_BOUND ( 'NONE', #1836, .T. ) ;
#170 = STYLED_ITEM ( 'NONE', ( #1612 ), #1507 ) ;
#171 =( GEOMETRIC_REPRESENTATION_CONTEXT ( 3 ) GLOBAL_UNCERTAINTY_ASSIGNED_CONTEXT ( ( #2139 ) ) GLOBAL_UNIT_ASSIGNED_CONTEXT ( ( #2198, #1607, #2759 ) ) REPRESENTATION_CONTEXT ( 'NONE', 'WORKASPACE' ) );
#172 = DIRECTION ( 'NONE',  ( 0.000000000000000000, 1.000000000000000000, 1.445024886692662264E-16 ) ) ;
#173 = CARTESIAN_POINT ( 'NONE',  ( 7.404099999999999682, 25.38192949279104127, 7.214969897748558125 ) ) ;
#174 = VECTOR ( 'NONE', #1342, 1000.000000000000000 ) ;
#175 = MECHANICAL_DESIGN_GEOMETRIC_PRESENTATION_REPRESENTATION (  '', ( #2164 ), #1348 ) ;
#176 = ADVANCED_FACE ( 'NONE', ( #87 ), #2170, .T. ) ;
#177 =( NAMED_UNIT ( * ) PLANE_ANGLE_UNIT ( ) SI_UNIT ( $, .RADIAN. ) );
#178 = PRESENTATION_STYLE_ASSIGNMENT (( #2652 ) ) ;
#179 = VECTOR ( 'NONE', #2953, 1000.000000000000000 ) ;
#180 = PLANE ( 'NONE',  #2161 ) ;
#181 = ORIENTED_EDGE ( 'NONE', *, *, #1804, .T. ) ;
#182 = PRESENTATION_STYLE_ASSIGNMENT (( #1310 ) ) ;
#183 = CARTESIAN_POINT ( 'NONE',  ( -6.524999999999999467, 3.660521579951307558, -4.289830102251443122 ) ) ;
#184 = ORIENTED_EDGE ( 'NONE', *, *, #1109, .F. ) ;
#185 = EDGE_CURVE ( 'NONE', #342, #2955, #1935, .T. ) ;
#186 = LINE ( 'NONE', #865, #2881 ) ;
#187 = DIRECTION ( 'NONE',  ( 0.000000000000000000, 0.000000000000000000, -1.000000000000000000 ) ) ;
#188 = DIRECTION ( 'NONE',  ( 0.000000000000000000, -1.000000000000000000, -0.000000000000000000 ) ) ;
#189 = CARTESIAN_POINT ( 'NONE',  ( 6.524999999999999467, 4.660521579951312887, 0.000000000000000000 ) ) ;
#190 = CARTESIAN_POINT ( 'NONE',  ( 0.000000000000000000, 0.000000000000000000, 0.000000000000000000 ) ) ;
#191 = ORIENTED_EDGE ( 'NONE', *, *, #1691, .T. ) ;
#192 = DIRECTION ( 'NONE',  ( 0.000000000000000000, 0.000000000000000000, 1.000000000000000000 ) ) ;
#193 = CARTESIAN_POINT ( 'NONE',  ( -3.696378337327010044, 32.32753054294656891, 0.4817457909815919814 ) ) ;
#194 = ADVANCED_FACE ( 'NONE', ( #1453 ), #136, .T. ) ;
#195 = VERTEX_POINT ( 'NONE', #1947 ) ;
#196 = DIRECTION ( 'NONE',  ( 1.000000000000000000, 0.000000000000000000, 0.000000000000000000 ) ) ;
#197 = CARTESIAN_POINT ( 'NONE',  ( 0.000000000000000000, 46.02901423290583693, 5.381917280179719931 ) ) ;
#198 = CARTESIAN_POINT ( 'NONE',  ( -1.923875957837599460, 36.69795410227509080, 2.439940086393481700 ) ) ;
#199 = CARTESIAN_POINT ( 'NONE',  ( -6.025000000000000355, 3.660521579951309334, 0.000000000000000000 ) ) ;
#200 = FACE_OUTER_BOUND ( 'NONE', #1950, .T. ) ;
#201 = PRESENTATION_STYLE_ASSIGNMENT (( #1275 ) ) ;
#202 = FILL_AREA_STYLE ('',( #2909 ) ) ;
#203 = ORIENTED_EDGE ( 'NONE', *, *, #628, .F. ) ;
#204 = DIRECTION ( 'NONE',  ( 0.000000000000000000, 0.000000000000000000, -1.000000000000000000 ) ) ;
#205 = VECTOR ( 'NONE', #2153, 1000.000000000000000 ) ;
#206 = ORIENTED_EDGE ( 'NONE', *, *, #137, .F. ) ;
#207 = MECHANICAL_DESIGN_GEOMETRIC_PRESENTATION_REPRESENTATION (  '', ( #2774 ), #1332 ) ;
#208 = DIRECTION ( 'NONE',  ( 0.000000000000000000, 0.000000000000000000, -1.000000000000000000 ) ) ;
#209 = DIRECTION ( 'NONE',  ( 0.000000000000000000, -2.890049773385324036E-16, 1.000000000000000000 ) ) ;
#210 = DIRECTION ( 'NONE',  ( 0.000000000000000000, 0.000000000000000000, -1.000000000000000000 ) ) ;
#211 = ADVANCED_FACE ( 'NONE', ( #2867 ), #2608, .F. ) ;
#212 = DIRECTION ( 'NONE',  ( 0.000000000000000000, 2.890049773385324529E-16, -1.000000000000000000 ) ) ;
#213 = AXIS2_PLACEMENT_3D ( 'NONE', #2353, #2600, #2334 ) ;
#214 = PRESENTATION_LAYER_ASSIGNMENT (  '', '', ( #2286 ) ) ;
#215 = SURFACE_STYLE_FILL_AREA ( #2265 ) ;
#216 = UNCERTAINTY_MEASURE_WITH_UNIT (LENGTH_MEASURE( 1.000000000000000082E-05 ), #2152, 'distance_accuracy_value', 'NONE');
#217 = CIRCLE ( 'NONE', #2650, 0.5000000000000022204 ) ;
#218 = ORIENTED_EDGE ( 'NONE', *, *, #537, .T. ) ;
#219 = CARTESIAN_POINT ( 'NONE',  ( 0.000000000000000000, 36.69795410227509080, 7.214969897748558125 ) ) ;
#220 = VECTOR ( 'NONE', #2681, 1000.000000000000000 ) ;
#221 =( NAMED_UNIT ( * ) SI_UNIT ( $, .STERADIAN. ) SOLID_ANGLE_UNIT ( ) );
#222 = DIRECTION ( 'NONE',  ( -0.000000000000000000, -1.000000000000000000, -0.000000000000000000 ) ) ;
#223 = ORIENTED_EDGE ( 'NONE', *, *, #1559, .T. ) ;
#224 = CYLINDRICAL_SURFACE ( 'NONE', #1347, 0.5000000000000022204 ) ;
#225 = VERTEX_POINT ( 'NONE', #1914 ) ;
#226 = EDGE_CURVE ( 'NONE', #1785, #361, #1665, .T. ) ;
#227 = FILL_AREA_STYLE ('',( #641 ) ) ;
#228 = LINE ( 'NONE', #2525, #927 ) ;
#229 = EDGE_CURVE ( 'NONE', #2870, #2857, #2853, .T. ) ;
#230 = FACE_OUTER_BOUND ( 'NONE', #2948, .T. ) ;
#231 = LINE ( 'NONE', #2697, #2199 ) ;
#232 = FACE_OUTER_BOUND ( 'NONE', #2901, .T. ) ;
#233 = FACE_OUTER_BOUND ( 'NONE', #551, .T. ) ;
#234 = ORIENTED_EDGE ( 'NONE', *, *, #1631, .F. ) ;
#235 = VERTEX_POINT ( 'NONE', #2392 ) ;
#236 = CARTESIAN_POINT ( 'NONE',  ( 3.696378337327010044, 25.38192949279104127, 0.4817457909815910377 ) ) ;
#237 = FACE_OUTER_BOUND ( 'NONE', #1338, .T. ) ;
#238 = SURFACE_SIDE_STYLE ('',( #215 ) ) ;
#239 = UNCERTAINTY_MEASURE_WITH_UNIT (LENGTH_MEASURE( 1.000000000000000082E-05 ), #1009, 'distance_accuracy_value', 'NONE');
#240 = LINE ( 'NONE', #427, #1721 ) ;
#241 = DIRECTION ( 'NONE',  ( -0.000000000000000000, -2.890049773385324036E-16, 1.000000000000000000 ) ) ;
#242 = FILL_AREA_STYLE_COLOUR ( '', #15 ) ;
#243 = COLOUR_RGB ( '',0.3411764705882353033, 0.8392156862745098200, 0.4117647058823529216 ) ;
#244 = ORIENTED_EDGE ( 'NONE', *, *, #2231, .F. ) ;
#245 = DIRECTION ( 'NONE',  ( -0.000000000000000000, -1.000000000000000000, -0.000000000000000000 ) ) ;
#246 = AXIS2_PLACEMENT_3D ( 'NONE', #2575, #1385, #1838 ) ;
#247 = ORIENTED_EDGE ( 'NONE', *, *, #1031, .T. ) ;
#248 = PLANE ( 'NONE',  #2833 ) ;
#249 =( LENGTH_UNIT ( ) NAMED_UNIT ( * ) SI_UNIT ( .MILLI., .METRE. ) );
#250 = CARTESIAN_POINT ( 'NONE',  ( -1.923875957837599460, 48.03483042909734024, 2.439940086393482144 ) ) ;
#251 = CARTESIAN_POINT ( 'NONE',  ( -4.499999999999998224, 10.40492157995131173, -4.289830102251445787 ) ) ;
#252 = AXIS2_PLACEMENT_3D ( 'NONE', #834, #1516, #356 ) ;
#253 = VECTOR ( 'NONE', #566, 1000.000000000000000 ) ;
#254 = CARTESIAN_POINT ( 'NONE',  ( 5.500000000000000888, 9.904921579951311728, -4.289830102251444011 ) ) ;
#255 = CARTESIAN_POINT ( 'NONE',  ( 0.000000000000000000, 26.15224969871037430, 5.381917280179719931 ) ) ;
#256 = MECHANICAL_DESIGN_GEOMETRIC_PRESENTATION_REPRESENTATION (  '', ( #1197 ), #2938 ) ;
#257 = ADVANCED_FACE ( 'NONE', ( #362 ), #1161, .T. ) ;
#258 = VECTOR ( 'NONE', #2337, 1000.000000000000000 ) ;
#259 = SURFACE_STYLE_USAGE ( .BOTH. , #2115 ) ;
#260 = SURFACE_STYLE_FILL_AREA ( #2268 ) ;
#261 = CARTESIAN_POINT ( 'NONE',  ( -1.923875957837599460, 36.69795410227509080, 2.439940086393482144 ) ) ;
#262 = MECHANICAL_DESIGN_GEOMETRIC_PRESENTATION_REPRESENTATION (  '', ( #596 ), #171 ) ;
#263 = ORIENTED_EDGE ( 'NONE', *, *, #590, .F. ) ;
#264 = ADVANCED_FACE ( 'NONE', ( #19 ), #996, .T. ) ;
#265 = PRESENTATION_LAYER_ASSIGNMENT (  '', '', ( #1071 ) ) ;
#266 = VECTOR ( 'NONE', #1717, 1000.000000000000000 ) ;
#267 = LINE ( 'NONE', #2016, #982 ) ;
#268 = ORIENTED_EDGE ( 'NONE', *, *, #2266, .F. ) ;
#269 = EDGE_CURVE ( 'NONE', #1537, #235, #1023, .T. ) ;
#270 = MECHANICAL_DESIGN_GEOMETRIC_PRESENTATION_REPRESENTATION (  '', ( #2481 ), #1735 ) ;
#271 = EDGE_CURVE ( 'NONE', #1468, #2765, #276, .T. ) ;
#272 = ORIENTED_EDGE ( 'NONE', *, *, #2409, .T. ) ;
#273 = CARTESIAN_POINT ( 'NONE',  ( 1.923875957837599460, 41.83146668853288475, 2.439940086393481700 ) ) ;
#274 = CARTESIAN_POINT ( 'NONE',  ( -6.025000000000000355, 16.14932157995130879, -4.789830102251444899 ) ) ;
#276 = LINE ( 'NONE', #82, #836 ) ;
#275 = CARTESIAN_POINT ( 'NONE',  ( 3.696378337327010044, 46.69741199371047458, 7.214969897748558125 ) ) ;
#277 = ORIENTED_EDGE ( 'NONE', *, *, #2036, .F. ) ;
#278 = CARTESIAN_POINT ( 'NONE',  ( -6.524999999999999467, 16.64932157995131234, 7.714969897748558125 ) ) ;
#279 = EDGE_CURVE ( 'NONE', #2671, #1208, #756, .T. ) ;
#280 = UNCERTAINTY_MEASURE_WITH_UNIT (LENGTH_MEASURE( 1.000000000000000082E-05 ), #129, 'distance_accuracy_value', 'NONE');
#281 = EDGE_LOOP ( 'NONE', ( #1324, #1381, #223, #1083 ) ) ;
#282 = APPLICATION_CONTEXT ( 'automotive_design' ) ;
#283 = SURFACE_STYLE_USAGE ( .BOTH. , #712 ) ;
#284 = PLANE ( 'NONE',  #1158 ) ;
#285 = EDGE_LOOP ( 'NONE', ( #1819, #700, #2130, #1028, #1999 ) ) ;
#286 = EDGE_CURVE ( 'NONE', #1574, #1882, #1398, .T. ) ;
#287 = FILL_AREA_STYLE_COLOUR ( '', #2628 ) ;
#288 = LINE ( 'NONE', #107, #581 ) ;
#289 = LINE ( 'NONE', #1659, #2169 ) ;
#290 = ORIENTED_EDGE ( 'NONE', *, *, #2093, .F. ) ;
#291 = SURFACE_SIDE_STYLE ('',( #2320 ) ) ;
#292 =( LENGTH_UNIT ( ) NAMED_UNIT ( * ) SI_UNIT ( .MILLI., .METRE. ) );
#293 = ORIENTED_EDGE ( 'NONE', *, *, #486, .F. ) ;
#294 = PRODUCT_DEFINITION_SHAPE ( 'NONE', 'NONE',  #126 ) ;
#295 = FACE_OUTER_BOUND ( 'NONE', #2755, .T. ) ;
#296 = STYLED_ITEM ( 'NONE', ( #1272 ), #2369 ) ;
#297 = MECHANICAL_DESIGN_GEOMETRIC_PRESENTATION_REPRESENTATION (  '', ( #106 ), #724 ) ;
#298 = LINE ( 'NONE', #1195, #984 ) ;
#299 = VERTEX_POINT ( 'NONE', #1174 ) ;
#300 = EDGE_CURVE ( 'NONE', #1506, #425, #2083, .T. ) ;
#301 = FACE_OUTER_BOUND ( 'NONE', #2540, .T. ) ;
#302 = CARTESIAN_POINT ( 'NONE',  ( 3.696378337327010044, 46.69741199371047458, 7.214969897748558125 ) ) ;
#303 = VECTOR ( 'NONE', #2466, 1000.000000000000000 ) ;
#304 = UNCERTAINTY_MEASURE_WITH_UNIT (LENGTH_MEASURE( 1.000000000000000082E-05 ), #2922, 'distance_accuracy_value', 'NONE');
#305 = STYLED_ITEM ( 'NONE', ( #2524 ), #144 ) ;
#306 = CARTESIAN_POINT ( 'NONE',  ( -3.696378337327010044, 32.32753054294656891, 7.214969897748558125 ) ) ;
#307 = CARTESIAN_POINT ( 'NONE',  ( -6.524999999999999467, 4.660521579951310223, 7.714969897748558125 ) ) ;
#309 =( NAMED_UNIT ( * ) PLANE_ANGLE_UNIT ( ) SI_UNIT ( $, .RADIAN. ) );
#308 = DIRECTION ( 'NONE',  ( -0.000000000000000000, -1.000000000000000000, -0.000000000000000000 ) ) ;
#310 = PRESENTATION_LAYER_ASSIGNMENT (  '', '', ( #2689 ) ) ;
#311 = VECTOR ( 'NONE', #2569, 1000.000000000000000 ) ;
#312 = ORIENTED_EDGE ( 'NONE', *, *, #736, .F. ) ;
#313 = DIRECTION ( 'NONE',  ( 1.000000000000000000, 0.000000000000000000, 0.000000000000000000 ) ) ;
#314 = VERTEX_POINT ( 'NONE', #962 ) ;
#315 = CIRCLE ( 'NONE', #2894, 0.5000000000000004441 ) ;
#316 = STYLED_ITEM ( 'NONE', ( #2075 ), #714 ) ;
#317 = CARTESIAN_POINT ( 'NONE',  ( 6.524999999999999467, 3.660521579951309334, 7.714969897748558125 ) ) ;
#318 = VECTOR ( 'NONE', #608, 1000.000000000000000 ) ;
#319 = ORIENTED_EDGE ( 'NONE', *, *, #229, .T. ) ;
#320 = LINE ( 'NONE', #1613, #720 ) ;
#321 = CARTESIAN_POINT ( 'NONE',  ( 6.025000000000000355, 4.660521579951313775, -4.289830102251443122 ) ) ;
#322 = ADVANCED_FACE ( 'NONE', ( #1862 ), #2781, .T. ) ;
#323 = CIRCLE ( 'NONE', #413, 1.152267953357278829 ) ;
#324 = CYLINDRICAL_SURFACE ( 'NONE', #2342, 0.5000000000000022204 ) ;
#325 = DIRECTION ( 'NONE',  ( 0.000000000000000000, 0.000000000000000000, -1.000000000000000000 ) ) ;
#326 = CYLINDRICAL_SURFACE ( 'NONE', #646, 1.625520862771874908 ) ;
#327 = ORIENTED_EDGE ( 'NONE', *, *, #2394, .F. ) ;
#328 = DIRECTION ( 'NONE',  ( 0.000000000000000000, 0.000000000000000000, -1.000000000000000000 ) ) ;
#329 = EDGE_LOOP ( 'NONE', ( #1714, #150, #1449, #415 ) ) ;
#330 = SURFACE_STYLE_USAGE ( .BOTH. , #536 ) ;
#331 = CARTESIAN_POINT ( 'NONE',  ( 1.923875957837599460, 41.83146668853288475, 2.439940086393480811 ) ) ;
#332 = ORIENTED_EDGE ( 'NONE', *, *, #799, .F. ) ;
#333 = SURFACE_STYLE_USAGE ( .BOTH. , #2366 ) ;
#334 = CARTESIAN_POINT ( 'NONE',  ( -1.859999999999999654, 49.19862535933381054, 7.007438142951595061 ) ) ;
#335 = EDGE_CURVE ( 'NONE', #579, #1931, #847, .T. ) ;
#336 = DIRECTION ( 'NONE',  ( -4.456370296023766298E-17, 0.000000000000000000, -1.000000000000000000 ) ) ;
#337 = CARTESIAN_POINT ( 'NONE',  ( -6.524999999999999467, 16.64932157995131234, -4.289830102251443122 ) ) ;
#338 = CARTESIAN_POINT ( 'NONE',  ( 6.524999999999999467, 4.660521579951313775, -4.289830102251443122 ) ) ;
#339 = VERTEX_POINT ( 'NONE', #1276 ) ;
#340 = CARTESIAN_POINT ( 'NONE',  ( 6.025000000000000355, 4.160521579951309334, -4.289830102251443122 ) ) ;
#341 = CARTESIAN_POINT ( 'NONE',  ( 4.499999999999999112, 10.40492157995131173, 0.000000000000000000 ) ) ;
#342 = VERTEX_POINT ( 'NONE', #2861 ) ;
#343 = CARTESIAN_POINT ( 'NONE',  ( -4.999999999999998224, 9.904921579951311728, -4.289830102251445787 ) ) ;
#344 = VECTOR ( 'NONE', #1005, 1000.000000000000000 ) ;
#345 = DIRECTION ( 'NONE',  ( 0.000000000000000000, 0.000000000000000000, -1.000000000000000000 ) ) ;
#346 = COLOUR_RGB ( '',1.000000000000000000, 1.000000000000000000, 1.000000000000000000 ) ;
#347 = ORIENTED_EDGE ( 'NONE', *, *, #271, .T. ) ;
#348 = SURFACE_STYLE_FILL_AREA ( #2399 ) ;
#349 = SURFACE_STYLE_USAGE ( .BOTH. , #1706 ) ;
#350 = CARTESIAN_POINT ( 'NONE',  ( 3.696378337327010044, 36.69795410227509080, 7.214969897748558125 ) ) ;
#351 = CARTESIAN_POINT ( 'NONE',  ( 7.404099999999999682, 0.000000000000000000, 0.000000000000000000 ) ) ;
#353 = CARTESIAN_POINT ( 'NONE',  ( 7.404099999999999682, 9.904921579951311728, 0.000000000000000000 ) ) ;
#352 = FACE_OUTER_BOUND ( 'NONE', #2958, .T. ) ;
#354 = ADVANCED_FACE ( 'NONE', ( #2876 ), #2143, .F. ) ;
#355 = VERTEX_POINT ( 'NONE', #605 ) ;
#356 = DIRECTION ( 'NONE',  ( 0.000000000000000000, 0.000000000000000000, -1.000000000000000000 ) ) ;
#357 = LINE ( 'NONE', #134, #742 ) ;
#358 = CIRCLE ( 'NONE', #1527, 1.625520862771874908 ) ;
#359 = AXIS2_PLACEMENT_3D ( 'NONE', #2070, #1832, #708 ) ;
#360 = EDGE_CURVE ( 'NONE', #2917, #895, #109, .T. ) ;
#361 = VERTEX_POINT ( 'NONE', #2386 ) ;
#362 = FACE_OUTER_BOUND ( 'NONE', #2800, .T. ) ;
#363 = DIRECTION ( 'NONE',  ( 1.000000000000000000, 0.000000000000000000, -0.000000000000000000 ) ) ;
#364 = DIRECTION ( 'NONE',  ( 0.000000000000000000, 0.000000000000000000, -1.000000000000000000 ) ) ;
#365 =( GEOMETRIC_REPRESENTATION_CONTEXT ( 3 ) GLOBAL_UNCERTAINTY_ASSIGNED_CONTEXT ( ( #1125 ) ) GLOBAL_UNIT_ASSIGNED_CONTEXT ( ( #771, #2132, #1649 ) ) REPRESENTATION_CONTEXT ( 'NONE', 'WORKASPACE' ) );
#366 =( GEOMETRIC_REPRESENTATION_CONTEXT ( 3 ) GLOBAL_UNCERTAINTY_ASSIGNED_CONTEXT ( ( #32 ) ) GLOBAL_UNIT_ASSIGNED_CONTEXT ( ( #2807, #1216, #2185 ) ) REPRESENTATION_CONTEXT ( 'NONE', 'WORKASPACE' ) );
#367 = ORIENTED_EDGE ( 'NONE', *, *, #886, .F. ) ;
#368 = VECTOR ( 'NONE', #2714, 1000.000000000000000 ) ;
#369 = DIRECTION ( 'NONE',  ( 0.000000000000000000, 0.000000000000000000, -1.000000000000000000 ) ) ;
#370 = LINE ( 'NONE', #2173, #2015 ) ;
#371 = FILL_AREA_STYLE_COLOUR ( '', #1230 ) ;
#372 = FILL_AREA_STYLE_COLOUR ( '', #168 ) ;
#373 = VECTOR ( 'NONE', #1409, 1000.000000000000000 ) ;
#374 = ORIENTED_EDGE ( 'NONE', *, *, #2394, .T. ) ;
#375 = SURFACE_SIDE_STYLE ('',( #1944 ) ) ;
#376 = LINE ( 'NONE', #1079, #220 ) ;
#377 = EDGE_LOOP ( 'NONE', ( #1104, #798 ) ) ;
#378 = EDGE_CURVE ( 'NONE', #1213, #1931, #2187, .T. ) ;
#379 = ORIENTED_EDGE ( 'NONE', *, *, #445, .T. ) ;
#380 = LINE ( 'NONE', #105, #2593 ) ;
#381 = SURFACE_SIDE_STYLE ('',( #2416 ) ) ;
#382 = EDGE_LOOP ( 'NONE', ( #103, #933, #2404, #749 ) ) ;
#383 = DIRECTION ( 'NONE',  ( 0.000000000000000000, 0.000000000000000000, -1.000000000000000000 ) ) ;
#384 = ORIENTED_EDGE ( 'NONE', *, *, #1761, .F. ) ;
#385 = DIRECTION ( 'NONE',  ( 0.000000000000000000, 0.000000000000000000, -1.000000000000000000 ) ) ;
#386 = CARTESIAN_POINT ( 'NONE',  ( -4.708463619067515538, 31.24474553631273466, 7.214969897748558125 ) ) ;
#387 = EDGE_LOOP ( 'NONE', ( #2621, #2584, #2104, #606 ) ) ;
#388 = ADVANCED_FACE ( 'NONE', ( #1264 ), #2177, .T. ) ;
#389 = ORIENTED_EDGE ( 'NONE', *, *, #1789, .T. ) ;
#390 =( GEOMETRIC_REPRESENTATION_CONTEXT ( 3 ) GLOBAL_UNCERTAINTY_ASSIGNED_CONTEXT ( ( #2278 ) ) GLOBAL_UNIT_ASSIGNED_CONTEXT ( ( #630, #587, #2615 ) ) REPRESENTATION_CONTEXT ( 'NONE', 'WORKASPACE' ) );
#391 = DIRECTION ( 'NONE',  ( 0.000000000000000000, 0.000000000000000000, -1.000000000000000000 ) ) ;
#392 = EDGE_CURVE ( 'NONE', #2564, #1854, #1811, .T. ) ;
#393 =( NAMED_UNIT ( * ) PLANE_ANGLE_UNIT ( ) SI_UNIT ( $, .RADIAN. ) );
#394 = DIRECTION ( 'NONE',  ( -1.000000000000000000, 0.000000000000000000, 0.000000000000000000 ) ) ;
#395 = VERTEX_POINT ( 'NONE', #1798 ) ;
#396 = FILL_AREA_STYLE ('',( #2166 ) ) ;
#397 = CARTESIAN_POINT ( 'NONE',  ( 4.384555346178517612E-16, 41.83146668853288475, 8.962178420968406556 ) ) ;
#398 = EDGE_LOOP ( 'NONE', ( #2229, #1428, #2306, #669 ) ) ;
#399 = MANIFOLD_SOLID_BREP ( 'Move Face1', #2530 ) ;
#400 = STYLED_ITEM ( 'NONE', ( #402 ), #862 ) ;
#401 = CARTESIAN_POINT ( 'NONE',  ( 7.404099999999999682, 3.660521579951309334, 0.000000000000000000 ) ) ;
#402 = PRESENTATION_STYLE_ASSIGNMENT (( #877 ) ) ;
#403 = PRESENTATION_LAYER_ASSIGNMENT (  '', '', ( #1197 ) ) ;
#404 =( NAMED_UNIT ( * ) SI_UNIT ( $, .STERADIAN. ) SOLID_ANGLE_UNIT ( ) );
#405 = MECHANICAL_DESIGN_GEOMETRIC_PRESENTATION_REPRESENTATION (  '', ( #2286 ), #2892 ) ;
#406 = AXIS2_PLACEMENT_3D ( 'NONE', #1273, #814, #764 ) ;
#407 = DIRECTION ( 'NONE',  ( -0.000000000000000000, 1.000000000000000000, 1.445024886692662511E-16 ) ) ;
#408 = VECTOR ( 'NONE', #2102, 1000.000000000000000 ) ;
#409 = DIRECTION ( 'NONE',  ( 1.000000000000000000, 0.000000000000000000, -0.000000000000000000 ) ) ;
#410 = EDGE_CURVE ( 'NONE', #1227, #535, #411, .T. ) ;
#411 = LINE ( 'NONE', #1087, #1868 ) ;
#412 = ORIENTED_EDGE ( 'NONE', *, *, #537, .F. ) ;
#413 = AXIS2_PLACEMENT_3D ( 'NONE', #1907, #308, #767 ) ;
#414 = CARTESIAN_POINT ( 'NONE',  ( 0.000000000000000000, 45.02077977371821760, 4.229649326822441324 ) ) ;
#415 = ORIENTED_EDGE ( 'NONE', *, *, #1834, .T. ) ;
#416 =( GEOMETRIC_REPRESENTATION_CONTEXT ( 3 ) GLOBAL_UNCERTAINTY_ASSIGNED_CONTEXT ( ( #1165 ) ) GLOBAL_UNIT_ASSIGNED_CONTEXT ( ( #1355, #624, #1117 ) ) REPRESENTATION_CONTEXT ( 'NONE', 'WORKASPACE' ) );
#417 = ADVANCED_FACE ( 'NONE', ( #230 ), #2693, .F. ) ;
#418 = ORIENTED_EDGE ( 'NONE', *, *, #2279, .T. ) ;
#419 = ADVANCED_FACE ( 'NONE', ( #2676 ), #180, .T. ) ;
#420 = DIRECTION ( 'NONE',  ( -0.000000000000000000, -1.000000000000000000, -0.000000000000000000 ) ) ;
#421 = PLANE ( 'NONE',  #963 ) ;
#422 = LINE ( 'NONE', #2212, #2695 ) ;
#423 = DIRECTION ( 'NONE',  ( 0.000000000000000000, 0.000000000000000000, 1.000000000000000000 ) ) ;
#424 =( LENGTH_UNIT ( ) NAMED_UNIT ( * ) SI_UNIT ( .MILLI., .METRE. ) );
#425 = VERTEX_POINT ( 'NONE', #1393 ) ;
#426 = EDGE_CURVE ( 'NONE', #1506, #1220, #2502, .T. ) ;
#427 = CARTESIAN_POINT ( 'NONE',  ( -7.404099999999999682, 25.38192949279104127, 0.000000000000000000 ) ) ;
#428 = CARTESIAN_POINT ( 'NONE',  ( -5.499999999999999112, 9.904921579951311728, -4.289830102251445787 ) ) ;
#429 = ORIENTED_EDGE ( 'NONE', *, *, #2658, .T. ) ;
#430 = ADVANCED_FACE ( 'NONE', ( #2550, #2796 ), #528, .F. ) ;
#431 = ORIENTED_EDGE ( 'NONE', *, *, #2871, .T. ) ;
#432 = DIRECTION ( 'NONE',  ( 0.000000000000000000, 0.000000000000000000, 1.000000000000000000 ) ) ;
#433 = PLANE ( 'NONE',  #1442 ) ;
#434 = COLOUR_RGB ( '',0.3411764705882353033, 0.8392156862745098200, 0.4117647058823529216 ) ;
#435 =( NAMED_UNIT ( * ) PLANE_ANGLE_UNIT ( ) SI_UNIT ( $, .RADIAN. ) );
#436 = PRESENTATION_LAYER_ASSIGNMENT (  '', '', ( #1056 ) ) ;
#437 = EDGE_LOOP ( 'NONE', ( #682, #6, #40, #2742 ) ) ;
#438 = DIRECTION ( 'NONE',  ( 0.000000000000000000, 0.000000000000000000, -1.000000000000000000 ) ) ;
#439 = STYLED_ITEM ( 'NONE', ( #2546 ), #2475 ) ;
#440 = LINE ( 'NONE', #2725, #23 ) ;
#441 = EDGE_CURVE ( 'NONE', #763, #569, #751, .T. ) ;
#442 = ORIENTED_EDGE ( 'NONE', *, *, #570, .F. ) ;
#443 = VECTOR ( 'NONE', #152, 1000.000000000000000 ) ;
#444 = SURFACE_STYLE_FILL_AREA ( #1805 ) ;
#445 = EDGE_CURVE ( 'NONE', #2206, #2671, #1856, .T. ) ;
#446 = CIRCLE ( 'NONE', #57, 0.5000000000000004441 ) ;
#447 = ORIENTED_EDGE ( 'NONE', *, *, #1262, .F. ) ;
#448 = ORIENTED_EDGE ( 'NONE', *, *, #1887, .T. ) ;
#449 = MECHANICAL_DESIGN_GEOMETRIC_PRESENTATION_REPRESENTATION (  '', ( #2778 ), #2884 ) ;
#450 = EDGE_CURVE ( 'NONE', #1334, #225, #1421, .T. ) ;
#451 = CARTESIAN_POINT ( 'NONE',  ( 0.000000000000000000, 36.69795410227509080, 7.305793238017319169 ) ) ;
#452 = SURFACE_STYLE_USAGE ( .BOTH. , #2688 ) ;
#453 = MECHANICAL_DESIGN_GEOMETRIC_PRESENTATION_REPRESENTATION (  '', ( #2395 ), #64 ) ;
#454 = AXIS2_PLACEMENT_3D ( 'NONE', #1289, #2429, #2223 ) ;
#455 = STYLED_ITEM ( 'NONE', ( #2469 ), #1436 ) ;
#456 = AXIS2_PLACEMENT_3D ( 'NONE', #255, #733, #1155 ) ;
#457 = UNCERTAINTY_MEASURE_WITH_UNIT (LENGTH_MEASURE( 1.000000000000000082E-05 ), #2799, 'distance_accuracy_value', 'NONE');
#458 =( GEOMETRIC_REPRESENTATION_CONTEXT ( 3 ) GLOBAL_UNCERTAINTY_ASSIGNED_CONTEXT ( ( #2723 ) ) GLOBAL_UNIT_ASSIGNED_CONTEXT ( ( #2641, #2660, #2408 ) ) REPRESENTATION_CONTEXT ( 'NONE', 'WORKASPACE' ) );
#459 = AXIS2_PLACEMENT_3D ( 'NONE', #998, #1686, #2304 ) ;
#460 = CARTESIAN_POINT ( 'NONE',  ( 4.708463619067515538, 31.24474553631273466, 7.214969897748558125 ) ) ;
#461 = CIRCLE ( 'NONE', #2653, 0.5000000000000004441 ) ;
#462 = DIRECTION ( 'NONE',  ( -1.000000000000000000, -0.000000000000000000, -0.000000000000000000 ) ) ;
#463 = FILL_AREA_STYLE ('',( #2300 ) ) ;
#464 = VERTEX_POINT ( 'NONE', #2332 ) ;
#465 = STYLED_ITEM ( 'NONE', ( #2336 ), #2875 ) ;
#466 = ORIENTED_EDGE ( 'NONE', *, *, #410, .T. ) ;
#467 = CARTESIAN_POINT ( 'NONE',  ( 4.708463619067515538, 25.38192949279104127, 8.214969897748558125 ) ) ;
#468 = SURFACE_STYLE_FILL_AREA ( #512 ) ;
#469 = DIRECTION ( 'NONE',  ( 0.000000000000000000, 1.000000000000000000, 0.000000000000000000 ) ) ;
#470 = LINE ( 'NONE', #2460, #593 ) ;
#471 = LINE ( 'NONE', #2518, #73 ) ;
#472 = DIRECTION ( 'NONE',  ( -0.000000000000000000, -0.000000000000000000, -1.000000000000000000 ) ) ;
#473 = ORIENTED_EDGE ( 'NONE', *, *, #1593, .T. ) ;
#474 = EDGE_LOOP ( 'NONE', ( #1806, #2645, #2029, #563 ) ) ;
#475 =( NAMED_UNIT ( * ) SI_UNIT ( $, .STERADIAN. ) SOLID_ANGLE_UNIT ( ) );
#476 =( LENGTH_UNIT ( ) NAMED_UNIT ( * ) SI_UNIT ( .MILLI., .METRE. ) );
#477 = LINE ( 'NONE', #1373, #2792 ) ;
#478 = EDGE_CURVE ( 'NONE', #1057, #1976, #2112, .T. ) ;
#479 = CARTESIAN_POINT ( 'NONE',  ( 7.404099999999999682, 0.000000000000000000, 0.000000000000000000 ) ) ;
#480 = DIRECTION ( 'NONE',  ( -0.000000000000000000, -1.000000000000000000, -0.000000000000000000 ) ) ;
#481 = DIRECTION ( 'NONE',  ( 0.000000000000000000, 0.000000000000000000, -1.000000000000000000 ) ) ;
#482 = EDGE_CURVE ( 'NONE', #1399, #1909, #1026, .T. ) ;
#483 = UNCERTAINTY_MEASURE_WITH_UNIT (LENGTH_MEASURE( 1.000000000000000082E-05 ), #893, 'distance_accuracy_value', 'NONE');
#484 = DIRECTION ( 'NONE',  ( -0.000000000000000000, -1.000000000000000000, -0.000000000000000000 ) ) ;
#485 = CARTESIAN_POINT ( 'NONE',  ( 4.500000000000000000, 9.904921579951311728, -4.289830102251444899 ) ) ;
#486 = EDGE_CURVE ( 'NONE', #2013, #425, #2067, .T. ) ;
#487 = COLOUR_RGB ( '',1.000000000000000000, 1.000000000000000000, 1.000000000000000000 ) ;
#488 = ORIENTED_EDGE ( 'NONE', *, *, #2253, .F. ) ;
#489 = EDGE_CURVE ( 'NONE', #162, #1506, #2775, .T. ) ;
#490 =( NAMED_UNIT ( * ) PLANE_ANGLE_UNIT ( ) SI_UNIT ( $, .RADIAN. ) );
#491 = EDGE_LOOP ( 'NONE', ( #1247, #1076, #2760, #1742, #1704 ) ) ;
#492 =( LENGTH_UNIT ( ) NAMED_UNIT ( * ) SI_UNIT ( .MILLI., .METRE. ) );
#493 = SURFACE_STYLE_USAGE ( .BOTH. , #2771 ) ;
#494 = ORIENTED_EDGE ( 'NONE', *, *, #1435, .F. ) ;
#495 = PLANE ( 'NONE',  #639 ) ;
#496 = DIRECTION ( 'NONE',  ( -1.000000000000000000, 0.000000000000000000, 0.000000000000000000 ) ) ;
#497 = DIRECTION ( 'NONE',  ( 0.000000000000000000, 0.000000000000000000, -1.000000000000000000 ) ) ;
#498 = VECTOR ( 'NONE', #1916, 1000.000000000000000 ) ;
#499 = MECHANICAL_DESIGN_GEOMETRIC_PRESENTATION_REPRESENTATION (  '', ( #1625 ), #1821 ) ;
#500 = ADVANCED_FACE ( 'NONE', ( #2277 ), #2762, .T. ) ;
#501 = DIRECTION ( 'NONE',  ( -0.000000000000000000, -1.000000000000000000, -0.000000000000000000 ) ) ;
#502 = DIRECTION ( 'NONE',  ( -0.000000000000000000, 1.000000000000000000, 1.445024886692662511E-16 ) ) ;
#503 = PRESENTATION_LAYER_ASSIGNMENT (  '', '', ( #1390 ) ) ;
#504 = VECTOR ( 'NONE', #690, 1000.000000000000000 ) ;
#505 = ORIENTED_EDGE ( 'NONE', *, *, #1138, .T. ) ;
#506 = VECTOR ( 'NONE', #462, 1000.000000000000000 ) ;
#507 = AXIS2_PLACEMENT_3D ( 'NONE', #769, #84, #2878 ) ;
#508 = VERTEX_POINT ( 'NONE', #274 ) ;
#509 = FILL_AREA_STYLE_COLOUR ( '', #1482 ) ;
#510 = VECTOR ( 'NONE', #2069, 1000.000000000000000 ) ;
#511 = LINE ( 'NONE', #1404, #776 ) ;
#512 = FILL_AREA_STYLE ('',( #1595 ) ) ;
#513 = EDGE_LOOP ( 'NONE', ( #2168, #2303, #1661, #2447 ) ) ;
#514 = DIRECTION ( 'NONE',  ( 0.000000000000000000, -1.000000000000000000, 0.000000000000000000 ) ) ;
#515 = CARTESIAN_POINT ( 'NONE',  ( -5.499999999999999112, 9.904921579951311728, -4.289830102251445787 ) ) ;
#516 = UNCERTAINTY_MEASURE_WITH_UNIT (LENGTH_MEASURE( 1.000000000000000082E-05 ), #899, 'distance_accuracy_value', 'NONE');
#517 = CARTESIAN_POINT ( 'NONE',  ( -4.499999999999998224, 9.904921579951311728, -4.289830102251445787 ) ) ;
#518 = VERTEX_POINT ( 'NONE', #31 ) ;
#519 =( NAMED_UNIT ( * ) SI_UNIT ( $, .STERADIAN. ) SOLID_ANGLE_UNIT ( ) );
#520 = SURFACE_STYLE_USAGE ( .BOTH. , #2559 ) ;
#521 = UNCERTAINTY_MEASURE_WITH_UNIT (LENGTH_MEASURE( 1.000000000000000082E-05 ), #1890, 'distance_accuracy_value', 'NONE');
#522 = ADVANCED_FACE ( 'NONE', ( #1842 ), #718, .F. ) ;
#523 = ORIENTED_EDGE ( 'NONE', *, *, #97, .F. ) ;
#524 =( NAMED_UNIT ( * ) SI_UNIT ( $, .STERADIAN. ) SOLID_ANGLE_UNIT ( ) );
#525 = CARTESIAN_POINT ( 'NONE',  ( -6.524999999999999467, 16.14932157995130879, -4.789830102251444899 ) ) ;
#526 = ORIENTED_EDGE ( 'NONE', *, *, #1060, .F. ) ;
#527 = DIRECTION ( 'NONE',  ( -4.456370296023766298E-17, 0.000000000000000000, -1.000000000000000000 ) ) ;
#528 = PLANE ( 'NONE',  #1627 ) ;
#529 = CARTESIAN_POINT ( 'NONE',  ( -1.859999999999999654, 46.02901423290583693, 3.756396417407844357 ) ) ;
#531 = CARTESIAN_POINT ( 'NONE',  ( 6.025000000000000355, 3.660521579951309334, 7.714969897748558125 ) ) ;
#530 = FILL_AREA_STYLE_COLOUR ( '', #1075 ) ;
#532 = ORIENTED_EDGE ( 'NONE', *, *, #802, .T. ) ;
#533 = DIRECTION ( 'NONE',  ( 0.000000000000000000, 1.000000000000000000, 0.000000000000000000 ) ) ;
#534 = AXIS2_PLACEMENT_3D ( 'NONE', #2024, #480, #1377 ) ;
#535 = VERTEX_POINT ( 'NONE', #1170 ) ;
#536 = SURFACE_SIDE_STYLE ('',( #821 ) ) ;
#537 = EDGE_CURVE ( 'NONE', #1976, #1012, #956, .T. ) ;
#538 = FILL_AREA_STYLE ('',( #1372 ) ) ;
#539 = EDGE_LOOP ( 'NONE', ( #2479, #741, #848, #412 ) ) ;
#540 = SURFACE_SIDE_STYLE ('',( #1891 ) ) ;
#541 = COLOUR_RGB ( '',0.3411764705882353033, 0.8392156862745098200, 0.4117647058823529216 ) ;
#542 = DIRECTION ( 'NONE',  ( 0.000000000000000000, -0.000000000000000000, 1.000000000000000000 ) ) ;
#543 = SURFACE_STYLE_FILL_AREA ( #1860 ) ;
#545 = DIRECTION ( 'NONE',  ( 1.000000000000000000, -0.000000000000000000, -0.000000000000000000 ) ) ;
#544 = CARTESIAN_POINT ( 'NONE',  ( 5.500000000000000888, 10.40492157995131173, -4.289830102251444011 ) ) ;
#546 = AXIS2_PLACEMENT_3D ( 'NONE', #891, #2724, #667 ) ;
#547 = PRESENTATION_LAYER_ASSIGNMENT (  '', '', ( #1770 ) ) ;
#548 = ORIENTED_EDGE ( 'NONE', *, *, #2005, .T. ) ;
#549 = AXIS2_PLACEMENT_3D ( 'NONE', #2138, #2845, #157 ) ;
#550 = DIRECTION ( 'NONE',  ( 1.044048461580570585E-32, 1.000000000000000000, -0.000000000000000000 ) ) ;
#551 = EDGE_LOOP ( 'NONE', ( #861, #1004, #70, #997 ) ) ;
#552 = AXIS2_PLACEMENT_3D ( 'NONE', #2452, #2868, #2885 ) ;
#553 = VECTOR ( 'NONE', #1266, 1000.000000000000000 ) ;
#554 = CARTESIAN_POINT ( 'NONE',  ( -6.524999999999998579, 3.660521579951309334, 0.000000000000000000 ) ) ;
#555 = AXIS2_PLACEMENT_3D ( 'NONE', #2180, #592, #2880 ) ;
#556 = FACE_OUTER_BOUND ( 'NONE', #491, .T. ) ;
#557 = ADVANCED_FACE ( 'NONE', ( #2313 ), #2367, .T. ) ;
#558 = ORIENTED_EDGE ( 'NONE', *, *, #2423, .T. ) ;
#559 =( NAMED_UNIT ( * ) SI_UNIT ( $, .STERADIAN. ) SOLID_ANGLE_UNIT ( ) );
#560 = SURFACE_STYLE_USAGE ( .BOTH. , #540 ) ;
#561 =( LENGTH_UNIT ( ) NAMED_UNIT ( * ) SI_UNIT ( .MILLI., .METRE. ) );
#562 = FACE_OUTER_BOUND ( 'NONE', #2397, .T. ) ;
#563 = ORIENTED_EDGE ( 'NONE', *, *, #2551, .F. ) ;
#564 = DIRECTION ( 'NONE',  ( -2.167537330038992903E-16, -1.445024886692661771E-16, 1.000000000000000000 ) ) ;
#565 = ORIENTED_EDGE ( 'NONE', *, *, #2694, .T. ) ;
#566 = DIRECTION ( 'NONE',  ( -1.000000000000000000, 0.000000000000000000, 0.000000000000000000 ) ) ;
#567 = FACE_OUTER_BOUND ( 'NONE', #2769, .T. ) ;
#568 = FACE_OUTER_BOUND ( 'NONE', #2261, .T. ) ;
#569 = VERTEX_POINT ( 'NONE', #334 ) ;
#570 = EDGE_CURVE ( 'NONE', #1639, #2857, #380, .T. ) ;
#571 = DIRECTION ( 'NONE',  ( 0.000000000000000000, -1.445024886692662264E-16, 1.000000000000000000 ) ) ;
#572 = PRESENTATION_STYLE_ASSIGNMENT (( #349 ) ) ;
#573 = CARTESIAN_POINT ( 'NONE',  ( 0.000000000000000000, 41.83146668853288475, 1.801656139391032196 ) ) ;
#574 = FILL_AREA_STYLE ('',( #372 ) ) ;
#575 = EDGE_LOOP ( 'NONE', ( #2040, #75, #384, #49 ) ) ;
#576 = PLANE ( 'NONE',  #2889 ) ;
#577 = EDGE_CURVE ( 'NONE', #1685, #1265, #370, .T. ) ;
#578 = PRESENTATION_STYLE_ASSIGNMENT (( #1884 ) ) ;
#579 = VERTEX_POINT ( 'NONE', #1018 ) ;
#580 = DIRECTION ( 'NONE',  ( -1.000000000000000000, 0.000000000000000000, 0.000000000000000000 ) ) ;
#581 = VECTOR ( 'NONE', #2829, 1000.000000000000000 ) ;
#582 = AXIS2_PLACEMENT_3D ( 'NONE', #1561, #2033, #1584 ) ;
#583 = ORIENTED_EDGE ( 'NONE', *, *, #2859, .F. ) ;
#584 = DIRECTION ( 'NONE',  ( 1.000000000000000000, -0.000000000000000000, -0.000000000000000000 ) ) ;
#585 = FILL_AREA_STYLE_COLOUR ( '', #1069 ) ;
#586 = COLOUR_RGB ( '',1.000000000000000000, 1.000000000000000000, 1.000000000000000000 ) ;
#587 =( NAMED_UNIT ( * ) PLANE_ANGLE_UNIT ( ) SI_UNIT ( $, .RADIAN. ) );
#588 = SURFACE_SIDE_STYLE ('',( #130 ) ) ;
#589 = ORIENTED_EDGE ( 'NONE', *, *, #1144, .F. ) ;
#590 = EDGE_CURVE ( 'NONE', #2932, #1345, #1923, .T. ) ;
#591 = CARTESIAN_POINT ( 'NONE',  ( -1.923875957837599460, 36.69795410227509080, 7.305793238017319169 ) ) ;
#592 = DIRECTION ( 'NONE',  ( -0.000000000000000000, -1.000000000000000000, -0.000000000000000000 ) ) ;
#593 = VECTOR ( 'NONE', #204, 1000.000000000000000 ) ;
#594 = MECHANICAL_DESIGN_GEOMETRIC_PRESENTATION_REPRESENTATION (  '', ( #1066 ), #2890 ) ;
#595 = ORIENTED_EDGE ( 'NONE', *, *, #1837, .T. ) ;
#596 = STYLED_ITEM ( 'NONE', ( #1965 ), #697 ) ;
#597 = LINE ( 'NONE', #2182, #443 ) ;
#598 = DIRECTION ( 'NONE',  ( -0.000000000000000000, -2.890049773385324036E-16, 1.000000000000000000 ) ) ;
#599 = STYLED_ITEM ( 'NONE', ( #1451 ), #1783 ) ;
#600 = MECHANICAL_DESIGN_GEOMETRIC_PRESENTATION_REPRESENTATION (  '', ( #316 ), #1670 ) ;
#601 = ORIENTED_EDGE ( 'NONE', *, *, #2113, .F. ) ;
#602 = VECTOR ( 'NONE', #1767, 1000.000000000000000 ) ;
#603 = CARTESIAN_POINT ( 'NONE',  ( -1.859999999999999654, 46.02901423290583693, 7.007438142951595061 ) ) ;
#604 = LINE ( 'NONE', #2847, #2592 ) ;
#605 = CARTESIAN_POINT ( 'NONE',  ( 1.860000000000000542, 49.19862535933381054, 3.756396417407844357 ) ) ;
#606 = ORIENTED_EDGE ( 'NONE', *, *, #2817, .T. ) ;
#607 =( LENGTH_UNIT ( ) NAMED_UNIT ( * ) SI_UNIT ( .MILLI., .METRE. ) );
#608 = DIRECTION ( 'NONE',  ( -0.000000000000000000, -1.000000000000000000, -0.000000000000000000 ) ) ;
#609 = ADVANCED_FACE ( 'NONE', ( #1693 ), #1440, .T. ) ;
#610 = EDGE_LOOP ( 'NONE', ( #1017, #583, #789, #2507, #2172, #1758, #650, #2824 ) ) ;
#611 = DIRECTION ( 'NONE',  ( -0.000000000000000000, -1.000000000000000000, -0.000000000000000000 ) ) ;
#612 = EDGE_CURVE ( 'NONE', #1034, #2459, #1483, .T. ) ;
#613 = CARTESIAN_POINT ( 'NONE',  ( 6.524999999999999467, 4.660521579951313775, -4.289830102251443122 ) ) ;
#614 = ORIENTED_EDGE ( 'NONE', *, *, #335, .F. ) ;
#615 = VERTEX_POINT ( 'NONE', #2351 ) ;
#616 = CARTESIAN_POINT ( 'NONE',  ( -7.404099999999999682, 0.000000000000000000, 0.000000000000000000 ) ) ;
#617 = SURFACE_SIDE_STYLE ('',( #2425 ) ) ;
#618 = DIRECTION ( 'NONE',  ( -1.000000000000000000, 0.000000000000000000, 0.000000000000000000 ) ) ;
#619 = DIRECTION ( 'NONE',  ( 4.456370296023766298E-17, 0.000000000000000000, 1.000000000000000000 ) ) ;
#620 = VERTEX_POINT ( 'NONE', #321 ) ;
#621 = FACE_OUTER_BOUND ( 'NONE', #2655, .T. ) ;
#622 = CARTESIAN_POINT ( 'NONE',  ( -3.696378337327010044, 46.69741199371047458, 7.214969897748558125 ) ) ;
#623 = ORIENTED_EDGE ( 'NONE', *, *, #2126, .T. ) ;
#624 =( NAMED_UNIT ( * ) PLANE_ANGLE_UNIT ( ) SI_UNIT ( $, .RADIAN. ) );
#625 = PRESENTATION_STYLE_ASSIGNMENT (( #2732 ) ) ;
#626 = EDGE_CURVE ( 'NONE', #2133, #1531, #1905, .T. ) ;
#627 = SURFACE_STYLE_FILL_AREA ( #2907 ) ;
#628 = EDGE_CURVE ( 'NONE', #2101, #2476, #1286, .T. ) ;
#629 = STYLED_ITEM ( 'NONE', ( #104 ), #2415 ) ;
#630 =( LENGTH_UNIT ( ) NAMED_UNIT ( * ) SI_UNIT ( .MILLI., .METRE. ) );
#631 = SURFACE_STYLE_USAGE ( .BOTH. , #1753 ) ;
#632 = ORIENTED_EDGE ( 'NONE', *, *, #1708, .F. ) ;
#633 = CARTESIAN_POINT ( 'NONE',  ( -1.923875957837599460, 41.83146668853288475, 2.439940086393482144 ) ) ;
#634 = EDGE_LOOP ( 'NONE', ( #268, #2696, #2150, #2914, #1101 ) ) ;
#635 = VECTOR ( 'NONE', #501, 1000.000000000000000 ) ;
#636 =( GEOMETRIC_REPRESENTATION_CONTEXT ( 3 ) GLOBAL_UNCERTAINTY_ASSIGNED_CONTEXT ( ( #2503 ) ) GLOBAL_UNIT_ASSIGNED_CONTEXT ( ( #1660, #2318, #2812 ) ) REPRESENTATION_CONTEXT ( 'NONE', 'WORKASPACE' ) );
#637 =( NAMED_UNIT ( * ) PLANE_ANGLE_UNIT ( ) SI_UNIT ( $, .RADIAN. ) );
#638 = ORIENTED_EDGE ( 'NONE', *, *, #410, .F. ) ;
#639 = AXIS2_PLACEMENT_3D ( 'NONE', #1454, #1596, #2513 ) ;
#640 = PRESENTATION_LAYER_ASSIGNMENT (  '', '', ( #2691 ) ) ;
#641 = FILL_AREA_STYLE_COLOUR ( '', #586 ) ;
#642 = STYLED_ITEM ( 'NONE', ( #201 ), #1400 ) ;
#643 = COLOUR_RGB ( '',1.000000000000000000, 1.000000000000000000, 1.000000000000000000 ) ;
#644 = SURFACE_STYLE_FILL_AREA ( #2687 ) ;
#645 = EDGE_CURVE ( 'NONE', #1208, #225, #2708, .T. ) ;
#646 = AXIS2_PLACEMENT_3D ( 'NONE', #1219, #2602, #1462 ) ;
#647 = FILL_AREA_STYLE_COLOUR ( '', #1519 ) ;
#648 = DIRECTION ( 'NONE',  ( 1.000000000000000000, 0.000000000000000000, 0.000000000000000000 ) ) ;
#649 = EDGE_CURVE ( 'NONE', #99, #195, #2921, .T. ) ;
#650 = ORIENTED_EDGE ( 'NONE', *, *, #2837, .F. ) ;
#651 = DIRECTION ( 'NONE',  ( 1.000000000000000000, 0.000000000000000000, 0.000000000000000000 ) ) ;
#652 = PRESENTATION_LAYER_ASSIGNMENT (  '', '', ( #465 ) ) ;
#653 = CARTESIAN_POINT ( 'NONE',  ( 1.923875957837599682, 36.69795410227509080, 7.305793238017319169 ) ) ;
#654 = EDGE_LOOP ( 'NONE', ( #1885, #2183, #2773, #757 ) ) ;
#655 = DIRECTION ( 'NONE',  ( 1.000000000000000000, 0.000000000000000000, 0.000000000000000000 ) ) ;
#656 = DIRECTION ( 'NONE',  ( -0.000000000000000000, -1.000000000000000000, -0.000000000000000000 ) ) ;
#657 = ORIENTED_EDGE ( 'NONE', *, *, #1897, .T. ) ;
#658 = ORIENTED_EDGE ( 'NONE', *, *, #628, .T. ) ;
#659 = FILL_AREA_STYLE_COLOUR ( '', #487 ) ;
#660 = DIRECTION ( 'NONE',  ( 0.000000000000000000, -0.000000000000000000, 1.000000000000000000 ) ) ;
#661 = EDGE_CURVE ( 'NONE', #895, #1356, #422, .T. ) ;
#662 = PLANE ( 'NONE',  #790 ) ;
#663 =( LENGTH_UNIT ( ) NAMED_UNIT ( * ) SI_UNIT ( .MILLI., .METRE. ) );
#664 = UNCERTAINTY_MEASURE_WITH_UNIT (LENGTH_MEASURE( 1.000000000000000082E-05 ), #1491, 'distance_accuracy_value', 'NONE');
#665 = VERTEX_POINT ( 'NONE', #1512 ) ;
#666 = ADVANCED_FACE ( 'NONE', ( #200 ), #885, .T. ) ;
#667 = DIRECTION ( 'NONE',  ( 0.000000000000000000, 0.000000000000000000, -1.000000000000000000 ) ) ;
#668 = CARTESIAN_POINT ( 'NONE',  ( 7.404099999999999682, 25.38192949279104127, 8.214969897748558125 ) ) ;
#669 = ORIENTED_EDGE ( 'NONE', *, *, #1799, .T. ) ;
#670 = ADVANCED_FACE ( 'NONE', ( #2255 ), #433, .F. ) ;
#671 = FILL_AREA_STYLE ('',( #949 ) ) ;
#672 = ORIENTED_EDGE ( 'NONE', *, *, #1470, .T. ) ;
#673 = DIRECTION ( 'NONE',  ( 0.000000000000000000, 0.000000000000000000, -1.000000000000000000 ) ) ;
#674 = STYLED_ITEM ( 'NONE', ( #1318 ), #2236 ) ;
#675 = SURFACE_SIDE_STYLE ('',( #1586 ) ) ;
#676 = DIRECTION ( 'NONE',  ( 0.000000000000000000, 0.000000000000000000, -1.000000000000000000 ) ) ;
#677 =( NAMED_UNIT ( * ) SI_UNIT ( $, .STERADIAN. ) SOLID_ANGLE_UNIT ( ) );
#678 = MECHANICAL_DESIGN_GEOMETRIC_PRESENTATION_REPRESENTATION (  '', ( #1096 ), #2873 ) ;
#679 = DIRECTION ( 'NONE',  ( 0.000000000000000000, 0.000000000000000000, -1.000000000000000000 ) ) ;
#680 = LINE ( 'NONE', #1571, #506 ) ;
#681 = ORIENTED_EDGE ( 'NONE', *, *, #2662, .F. ) ;
#682 = ORIENTED_EDGE ( 'NONE', *, *, #1474, .F. ) ;
#683 = LINE ( 'NONE', #2734, #1535 ) ;
#684 = VECTOR ( 'NONE', #679, 1000.000000000000000 ) ;
#685 = COLOUR_RGB ( '',1.000000000000000000, 1.000000000000000000, 1.000000000000000000 ) ;
#686 = CIRCLE ( 'NONE', #67, 0.5000000000000022204 ) ;
#687 = VECTOR ( 'NONE', #469, 1000.000000000000000 ) ;
#688 = DIRECTION ( 'NONE',  ( 1.000000000000000000, -0.000000000000000000, -0.000000000000000000 ) ) ;
#689 =( NAMED_UNIT ( * ) PLANE_ANGLE_UNIT ( ) SI_UNIT ( $, .RADIAN. ) );
#690 = DIRECTION ( 'NONE',  ( -0.000000000000000000, -1.000000000000000000, -0.000000000000000000 ) ) ;
#691 = MECHANICAL_DESIGN_GEOMETRIC_PRESENTATION_REPRESENTATION (  '', ( #1071 ), #1772 ) ;
#692 = VECTOR ( 'NONE', #1361, 1000.000000000000000 ) ;
#693 = LINE ( 'NONE', #1546, #2836 ) ;
#694 = CARTESIAN_POINT ( 'NONE',  ( 5.000000000000000000, 9.904921579951311728, -4.289830102251444899 ) ) ;
#695 = FILL_AREA_STYLE_COLOUR ( '', #1308 ) ;
#696 = ORIENTED_EDGE ( 'NONE', *, *, #1068, .F. ) ;
#697 = ADVANCED_FACE ( 'NONE', ( #1327 ), #1564, .T. ) ;
#698 = CARTESIAN_POINT ( 'NONE',  ( 0.000000000000000000, 42.38702445175871958, 5.381917280179719931 ) ) ;
#699 = VECTOR ( 'NONE', #222, 1000.000000000000000 ) ;
#700 = ORIENTED_EDGE ( 'NONE', *, *, #1859, .T. ) ;
#701 = CARTESIAN_POINT ( 'NONE',  ( 3.696378337327010044, 25.38192949279104127, 7.214969897748558125 ) ) ;
#702 = EDGE_CURVE ( 'NONE', #1896, #1208, #972, .T. ) ;
#703 = CARTESIAN_POINT ( 'NONE',  ( -6.025000000000000355, 3.660521579951307558, -4.289830102251443122 ) ) ;
#704 = DIRECTION ( 'NONE',  ( -1.000000000000000000, -0.000000000000000000, -0.000000000000000000 ) ) ;
#705 = CARTESIAN_POINT ( 'NONE',  ( 1.860000000000000542, 49.19862535933381054, 3.756396417407844357 ) ) ;
#706 = CARTESIAN_POINT ( 'NONE',  ( 4.500000000000000000, 9.904921579951311728, -4.289830102251444899 ) ) ;
#708 = DIRECTION ( 'NONE',  ( 0.000000000000000000, 0.000000000000000000, 1.000000000000000000 ) ) ;
#707 = DIRECTION ( 'NONE',  ( 7.225124433463308856E-17, 0.000000000000000000, -1.000000000000000000 ) ) ;
#709 = ORIENTED_EDGE ( 'NONE', *, *, #2817, .F. ) ;
#710 = ORIENTED_EDGE ( 'NONE', *, *, #1362, .T. ) ;
#711 = SURFACE_SIDE_STYLE ('',( #951 ) ) ;
#712 = SURFACE_SIDE_STYLE ('',( #644 ) ) ;
#713 = DIRECTION ( 'NONE',  ( 1.000000000000000000, 0.000000000000000000, 0.000000000000000000 ) ) ;
#714 = ADVANCED_FACE ( 'NONE', ( #2044 ), #284, .F. ) ;
#715 = VERTEX_POINT ( 'NONE', #525 ) ;
#716 = FILL_AREA_STYLE_COLOUR ( '', #2346 ) ;
#717 = DIRECTION ( 'NONE',  ( 1.000000000000000000, 0.000000000000000000, -2.254203901386922010E-16 ) ) ;
#718 = PLANE ( 'NONE',  #2401 ) ;
#719 = UNCERTAINTY_MEASURE_WITH_UNIT (LENGTH_MEASURE( 1.000000000000000082E-05 ), #2735, 'distance_accuracy_value', 'NONE');
#720 = VECTOR ( 'NONE', #77, 1000.000000000000000 ) ;
#721 = SURFACE_SIDE_STYLE ('',( #45 ) ) ;
#722 = SURFACE_STYLE_FILL_AREA ( #1141 ) ;
#723 = ORIENTED_EDGE ( 'NONE', *, *, #2174, .T. ) ;
#724 =( GEOMETRIC_REPRESENTATION_CONTEXT ( 3 ) GLOBAL_UNCERTAINTY_ASSIGNED_CONTEXT ( ( #2323 ) ) GLOBAL_UNIT_ASSIGNED_CONTEXT ( ( #249, #51, #1869 ) ) REPRESENTATION_CONTEXT ( 'NONE', 'WORKASPACE' ) );
#725 = PRESENTATION_STYLE_ASSIGNMENT (( #2131 ) ) ;
#726 = DIRECTION ( 'NONE',  ( -1.000000000000000000, 0.000000000000000000, 0.000000000000000000 ) ) ;
#727 = UNCERTAINTY_MEASURE_WITH_UNIT (LENGTH_MEASURE( 1.000000000000000082E-05 ), #2627, 'distance_accuracy_value', 'NONE');
#728 = ORIENTED_EDGE ( 'NONE', *, *, #2934, .T. ) ;
#729 =( NAMED_UNIT ( * ) PLANE_ANGLE_UNIT ( ) SI_UNIT ( $, .RADIAN. ) );
#730 = DIRECTION ( 'NONE',  ( 1.000000000000000000, -0.000000000000000000, -0.000000000000000000 ) ) ;
#731 = VERTEX_POINT ( 'NONE', #2960 ) ;
#732 = EDGE_CURVE ( 'NONE', #1647, #2866, #228, .T. ) ;
#733 = DIRECTION ( 'NONE',  ( -0.000000000000000000, -1.000000000000000000, -0.000000000000000000 ) ) ;
#734 = PRESENTATION_LAYER_ASSIGNMENT (  '', '', ( #1678 ) ) ;
#735 = PLANE ( 'NONE',  #975 ) ;
#736 = EDGE_CURVE ( 'NONE', #665, #342, #1149, .T. ) ;
#737 = CARTESIAN_POINT ( 'NONE',  ( -1.923875957837599460, 48.03483042909734024, 2.439940086393482144 ) ) ;
#738 = CIRCLE ( 'NONE', #2400, 1.152267953357278829 ) ;
#740 = PRESENTATION_STYLE_ASSIGNMENT (( #2555 ) ) ;
#739 = CARTESIAN_POINT ( 'NONE',  ( 6.025000000000000355, 15.64932157995130702, -4.289830102251443122 ) ) ;
#741 = ORIENTED_EDGE ( 'NONE', *, *, #1769, .T. ) ;
#742 = VECTOR ( 'NONE', #1957, 1000.000000000000000 ) ;
#743 = FACE_OUTER_BOUND ( 'NONE', #96, .T. ) ;
#744 = FILL_AREA_STYLE ('',( #2572 ) ) ;
#745 = ORIENTED_EDGE ( 'NONE', *, *, #1521, .T. ) ;
#746 = AXIS2_PLACEMENT_3D ( 'NONE', #2428, #2417, #619 ) ;
#747 = DIRECTION ( 'NONE',  ( 1.000000000000000000, 0.000000000000000000, 0.000000000000000000 ) ) ;
#748 = CARTESIAN_POINT ( 'NONE',  ( -3.696378337327010044, 32.32753054294656891, 0.4817457909815919814 ) ) ;
#749 = ORIENTED_EDGE ( 'NONE', *, *, #1744, .F. ) ;
#750 = PLANE ( 'NONE',  #2578 ) ;
#751 = LINE ( 'NONE', #56, #687 ) ;
#752 = EDGE_CURVE ( 'NONE', #2347, #1833, #683, .T. ) ;
#753 = CARTESIAN_POINT ( 'NONE',  ( 0.6253333355503509772, 36.69795410227509080, 8.214969897748558125 ) ) ;
#754 = CARTESIAN_POINT ( 'NONE',  ( 0.000000000000000000, 45.02077977371821760, 5.381917280179719931 ) ) ;
#756 = LINE ( 'NONE', #1646, #2056 ) ;
#755 = CARTESIAN_POINT ( 'NONE',  ( -7.404099999999999682, 0.000000000000000000, 8.214969897748558125 ) ) ;
#757 = ORIENTED_EDGE ( 'NONE', *, *, #1045, .F. ) ;
#758 = EDGE_CURVE ( 'NONE', #2678, #2682, #477, .T. ) ;
#759 = LINE ( 'NONE', #1190, #408 ) ;
#760 = ORIENTED_EDGE ( 'NONE', *, *, #2036, .T. ) ;
#761 =( LENGTH_UNIT ( ) NAMED_UNIT ( * ) SI_UNIT ( .MILLI., .METRE. ) );
#762 = CARTESIAN_POINT ( 'NONE',  ( -3.696378337327010044, 32.32753054294656891, 7.214969897748558125 ) ) ;
#763 = VERTEX_POINT ( 'NONE', #1623 ) ;
#764 = DIRECTION ( 'NONE',  ( 0.000000000000000000, 0.000000000000000000, -1.000000000000000000 ) ) ;
#765 = FACE_BOUND ( 'NONE', #2603, .T. ) ;
#766 = CARTESIAN_POINT ( 'NONE',  ( -1.859999999999999654, 49.19862535933381054, 3.756396417407844357 ) ) ;
#767 = DIRECTION ( 'NONE',  ( 0.000000000000000000, 0.000000000000000000, -1.000000000000000000 ) ) ;
#768 = EDGE_LOOP ( 'NONE', ( #1803, #2295, #988, #904 ) ) ;
#769 = CARTESIAN_POINT ( 'NONE',  ( 0.000000000000000000, 46.02901423290583693, 7.007438142951594173 ) ) ;
#770 = PRESENTATION_LAYER_ASSIGNMENT (  '', '', ( #1757 ) ) ;
#771 =( LENGTH_UNIT ( ) NAMED_UNIT ( * ) SI_UNIT ( .MILLI., .METRE. ) );
#772 = ADVANCED_FACE ( 'NONE', ( #237 ), #1824, .F. ) ;
#773 = ORIENTED_EDGE ( 'NONE', *, *, #1346, .T. ) ;
#774 = PLANE ( 'NONE',  #1927 ) ;
#775 = LINE ( 'NONE', #386, #965 ) ;
#776 = VECTOR ( 'NONE', #991, 1000.000000000000000 ) ;
#777 = ORIENTED_EDGE ( 'NONE', *, *, #1705, .F. ) ;
#778 = VECTOR ( 'NONE', #472, 1000.000000000000000 ) ;
#779 = DIRECTION ( 'NONE',  ( 0.000000000000000000, -0.000000000000000000, -1.000000000000000000 ) ) ;
#780 = FILL_AREA_STYLE_COLOUR ( '', #839 ) ;
#781 = UNCERTAINTY_MEASURE_WITH_UNIT (LENGTH_MEASURE( 1.000000000000000082E-05 ), #492, 'distance_accuracy_value', 'NONE');
#782 = PRESENTATION_LAYER_ASSIGNMENT (  '', '', ( #2640 ) ) ;
#783 = FILL_AREA_STYLE ('',( #1217 ) ) ;
#784 = DIRECTION ( 'NONE',  ( 1.000000000000000000, -0.000000000000000000, 0.000000000000000000 ) ) ;
#786 = CARTESIAN_POINT ( 'NONE',  ( 5.500000000000000000, 5.963918027086692699E-32, 0.000000000000000000 ) ) ;
#785 = LINE ( 'NONE', #1634, #373 ) ;
#787 = CIRCLE ( 'NONE', #252, 3.580261140788687513 ) ;
#788 = COLOUR_RGB ( '',1.000000000000000000, 1.000000000000000000, 1.000000000000000000 ) ;
#789 = ORIENTED_EDGE ( 'NONE', *, *, #445, .F. ) ;
#790 = AXIS2_PLACEMENT_3D ( 'NONE', #2276, #1015, #363 ) ;
#791 = COLOUR_RGB ( '',0.3411764705882353033, 0.8392156862745098200, 0.4117647058823529216 ) ;
#792 = ORIENTED_EDGE ( 'NONE', *, *, #1177, .F. ) ;
#793 = VECTOR ( 'NONE', #2085, 1000.000000000000000 ) ;
#794 = FILL_AREA_STYLE ('',( #2376 ) ) ;
#795 = EDGE_CURVE ( 'NONE', #2790, #937, #2547, .T. ) ;
#796 = DIRECTION ( 'NONE',  ( 0.000000000000000000, 0.000000000000000000, -1.000000000000000000 ) ) ;
#797 = DIRECTION ( 'NONE',  ( -0.000000000000000000, -1.000000000000000000, -0.000000000000000000 ) ) ;
#798 = ORIENTED_EDGE ( 'NONE', *, *, #2231, .T. ) ;
#799 = EDGE_CURVE ( 'NONE', #1227, #395, #2293, .T. ) ;
#800 = AXIS2_PLACEMENT_3D ( 'NONE', #1367, #4, #1160 ) ;
#801 = DIRECTION ( 'NONE',  ( -0.000000000000000000, -1.000000000000000000, -0.000000000000000000 ) ) ;
#802 = EDGE_CURVE ( 'NONE', #99, #2459, #1258, .T. ) ;
#803 = DIRECTION ( 'NONE',  ( 0.000000000000000000, -2.890049773385324036E-16, 1.000000000000000000 ) ) ;
#804 = PLANE ( 'NONE',  #156 ) ;
#806 =( NAMED_UNIT ( * ) SI_UNIT ( $, .STERADIAN. ) SOLID_ANGLE_UNIT ( ) );
#805 =( NAMED_UNIT ( * ) PLANE_ANGLE_UNIT ( ) SI_UNIT ( $, .RADIAN. ) );
#807 = ORIENTED_EDGE ( 'NONE', *, *, #736, .T. ) ;
#808 = SURFACE_STYLE_USAGE ( .BOTH. , #375 ) ;
#809 = VERTEX_POINT ( 'NONE', #2379 ) ;
#810 = CARTESIAN_POINT ( 'NONE',  ( 6.025000000000000355, 15.64932157995131057, 7.714969897748558125 ) ) ;
#811 = FILL_AREA_STYLE ('',( #1938 ) ) ;
#812 = PLANE ( 'NONE',  #2204 ) ;
#813 = EDGE_LOOP ( 'NONE', ( #2234, #2712, #1872, #2728 ) ) ;
#814 = DIRECTION ( 'NONE',  ( 0.000000000000000000, -1.000000000000000000, -0.000000000000000000 ) ) ;
#815 = EDGE_CURVE ( 'NONE', #464, #1399, #1043, .T. ) ;
#816 = LINE ( 'NONE', #1288, #1924 ) ;
#817 = ORIENTED_EDGE ( 'NONE', *, *, #1667, .F. ) ;
#818 = SURFACE_STYLE_FILL_AREA ( #396 ) ;
#819 = PLANE ( 'NONE',  #2598 ) ;
#820 = EDGE_LOOP ( 'NONE', ( #272, #1788, #488, #1049 ) ) ;
#821 = SURFACE_STYLE_FILL_AREA ( #794 ) ;
#822 = VECTOR ( 'NONE', #496, 1000.000000000000000 ) ;
#823 = CARTESIAN_POINT ( 'NONE',  ( -1.923875957837599460, 41.83146668853288475, 2.439940086393481700 ) ) ;
#824 = CARTESIAN_POINT ( 'NONE',  ( -6.524999999999999467, 4.660521579951313775, -4.289830102251443122 ) ) ;
#825 = PRESENTATION_LAYER_ASSIGNMENT (  '', '', ( #629 ) ) ;
#826 = ORIENTED_EDGE ( 'NONE', *, *, #1853, .T. ) ;
#827 = AXIS2_PLACEMENT_3D ( 'NONE', #2308, #1594, #2511 ) ;
#828 = COLOUR_RGB ( '',1.000000000000000000, 1.000000000000000000, 1.000000000000000000 ) ;
#829 = ADVANCED_FACE ( 'NONE', ( #2327 ), #812, .T. ) ;
#830 = SURFACE_STYLE_FILL_AREA ( #2141 ) ;
#831 = DIRECTION ( 'NONE',  ( 1.000000000000000000, -1.044048461580570448E-32, 7.225124433463308856E-17 ) ) ;
#832 = ORIENTED_EDGE ( 'NONE', *, *, #1691, .F. ) ;
#833 = EDGE_CURVE ( 'NONE', #518, #1132, #298, .T. ) ;
#834 = CARTESIAN_POINT ( 'NONE',  ( 0.000000000000000000, 41.83146668853288475, 5.381917280179719931 ) ) ;
#835 = DIRECTION ( 'NONE',  ( 1.000000000000000000, -0.000000000000000000, -0.000000000000000000 ) ) ;
#836 = VECTOR ( 'NONE', #2520, 1000.000000000000000 ) ;
#837 = ORIENTED_EDGE ( 'NONE', *, *, #2326, .F. ) ;
#838 = AXIS2_PLACEMENT_3D ( 'NONE', #2384, #1752, #1739 ) ;
#839 = COLOUR_RGB ( '',1.000000000000000000, 1.000000000000000000, 1.000000000000000000 ) ;
#840 = CARTESIAN_POINT ( 'NONE',  ( 0.000000000000000000, 42.94258221498455441, 5.381917280179719931 ) ) ;
#841 = SURFACE_STYLE_FILL_AREA ( #811 ) ;
#842 = AXIS2_PLACEMENT_3D ( 'NONE', #1248, #1504, #2179 ) ;
#843 = EDGE_LOOP ( 'NONE', ( #2329, #1578, #968, #2814 ) ) ;
#844 = EDGE_LOOP ( 'NONE', ( #832, #2209, #874, #658 ) ) ;
#845 = CIRCLE ( 'NONE', #555, 3.580261140788687513 ) ;
#846 = CARTESIAN_POINT ( 'NONE',  ( -4.999999999999998224, 10.40492157995131173, -4.289830102251445787 ) ) ;
#847 = LINE ( 'NONE', #786, #2012 ) ;
#848 = ORIENTED_EDGE ( 'NONE', *, *, #2388, .T. ) ;
#849 = DIRECTION ( 'NONE',  ( 0.000000000000000000, 0.000000000000000000, 1.000000000000000000 ) ) ;
#850 = DIRECTION ( 'NONE',  ( 0.000000000000000000, 0.000000000000000000, -1.000000000000000000 ) ) ;
#851 = ADVANCED_FACE ( 'NONE', ( #2106 ), #2805, .F. ) ;
#852 = ORIENTED_EDGE ( 'NONE', *, *, #53, .T. ) ;
#853 = LINE ( 'NONE', #1746, #1249 ) ;
#854 = CARTESIAN_POINT ( 'NONE',  ( 4.384555346178517612E-16, 26.15224969871037430, 8.962178420968406556 ) ) ;
#855 = SURFACE_STYLE_FILL_AREA ( #1094 ) ;
#856 = EDGE_CURVE ( 'NONE', #1863, #1574, #1823, .T. ) ;
#857 = DIRECTION ( 'NONE',  ( -0.000000000000000000, 1.000000000000000000, 1.445024886692662511E-16 ) ) ;
#858 = EDGE_CURVE ( 'NONE', #950, #1227, #1055, .T. ) ;
#859 = ORIENTED_EDGE ( 'NONE', *, *, #1, .F. ) ;
#860 = LINE ( 'NONE', #633, #1585 ) ;
#861 = ORIENTED_EDGE ( 'NONE', *, *, #1045, .T. ) ;
#862 = ADVANCED_FACE ( 'NONE', ( #2887 ), #2605, .T. ) ;
#863 = SURFACE_STYLE_FILL_AREA ( #2590 ) ;
#864 = ORIENTED_EDGE ( 'NONE', *, *, #935, .T. ) ;
#865 = CARTESIAN_POINT ( 'NONE',  ( 4.708463619067515538, 19.51911344926934788, 8.214969897748558125 ) ) ;
#866 = MECHANICAL_DESIGN_GEOMETRIC_PRESENTATION_REPRESENTATION (  '', ( #1185 ), #390 ) ;
#867 = FACE_OUTER_BOUND ( 'NONE', #2666, .T. ) ;
#868 = AXIS2_PLACEMENT_3D ( 'NONE', #1148, #971, #1622 ) ;
#869 = FILL_AREA_STYLE ('',( #647 ) ) ;
#870 = FILL_AREA_STYLE_COLOUR ( '', #1388 ) ;
#871 = EDGE_LOOP ( 'NONE', ( #2957, #2888, #878, #1939 ) ) ;
#872 = CARTESIAN_POINT ( 'NONE',  ( 2.721448145903907211E-16, 42.38702445175871958, 7.604148333083042388 ) ) ;
#873 = CARTESIAN_POINT ( 'NONE',  ( 1.923875957837599682, 48.03483042909734024, 7.305793238017318281 ) ) ;
#874 = ORIENTED_EDGE ( 'NONE', *, *, #2022, .F. ) ;
#875 = VECTOR ( 'NONE', #2258, 1000.000000000000000 ) ;
#876 = PRESENTATION_LAYER_ASSIGNMENT (  '', '', ( #2778 ) ) ;
#877 = SURFACE_STYLE_USAGE ( .BOTH. , #2001 ) ;
#878 = ORIENTED_EDGE ( 'NONE', *, *, #2685, .F. ) ;
#879 = COLOUR_RGB ( '',1.000000000000000000, 1.000000000000000000, 1.000000000000000000 ) ;
#880 = EDGE_CURVE ( 'NONE', #2765, #2375, #1684, .T. ) ;
#881 = VECTOR ( 'NONE', #1123, 1000.000000000000000 ) ;
#882 = ORIENTED_EDGE ( 'NONE', *, *, #2813, .T. ) ;
#883 =( GEOMETRIC_REPRESENTATION_CONTEXT ( 3 ) GLOBAL_UNCERTAINTY_ASSIGNED_CONTEXT ( ( #2025 ) ) GLOBAL_UNIT_ASSIGNED_CONTEXT ( ( #2930, #637, #1497 ) ) REPRESENTATION_CONTEXT ( 'NONE', 'WORKASPACE' ) );
#884 = DIRECTION ( 'NONE',  ( 0.000000000000000000, -1.000000000000000000, -2.890049773385324529E-16 ) ) ;
#885 = PLANE ( 'NONE',  #1871 ) ;
#886 = EDGE_CURVE ( 'NONE', #425, #620, #217, .T. ) ;
#887 = AXIS2_PLACEMENT_3D ( 'NONE', #3, #913, #1815 ) ;
#888 = MECHANICAL_DESIGN_GEOMETRIC_PRESENTATION_REPRESENTATION (  '', ( #124 ), #1874 ) ;
#889 = SURFACE_STYLE_FILL_AREA ( #1307 ) ;
#890 = VERTEX_POINT ( 'NONE', #1221 ) ;
#891 = CARTESIAN_POINT ( 'NONE',  ( 0.000000000000000000, 42.94258221498455441, 5.381917280179719931 ) ) ;
#892 = EDGE_CURVE ( 'NONE', #1403, #1057, #759, .T. ) ;
#893 =( LENGTH_UNIT ( ) NAMED_UNIT ( * ) SI_UNIT ( .MILLI., .METRE. ) );
#894 = VERTEX_POINT ( 'NONE', #2558 ) ;
#895 = VERTEX_POINT ( 'NONE', #1233 ) ;
#896 = FACE_OUTER_BOUND ( 'NONE', #843, .T. ) ;
#897 = DIRECTION ( 'NONE',  ( 0.000000000000000000, 0.000000000000000000, 1.000000000000000000 ) ) ;
#898 = EDGE_CURVE ( 'NONE', #2013, #2638, #2439, .T. ) ;
#899 =( LENGTH_UNIT ( ) NAMED_UNIT ( * ) SI_UNIT ( .MILLI., .METRE. ) );
#900 = DIRECTION ( 'NONE',  ( 0.000000000000000000, 0.000000000000000000, 1.000000000000000000 ) ) ;
#901 = UNCERTAINTY_MEASURE_WITH_UNIT (LENGTH_MEASURE( 1.000000000000000082E-05 ), #127, 'distance_accuracy_value', 'NONE');
#902 = LINE ( 'NONE', #2713, #875 ) ;
#903 = CARTESIAN_POINT ( 'NONE',  ( 7.404099999999999682, 0.000000000000000000, 0.000000000000000000 ) ) ;
#904 = ORIENTED_EDGE ( 'NONE', *, *, #2186, .T. ) ;
#905 = ORIENTED_EDGE ( 'NONE', *, *, #114, .F. ) ;
#906 = ORIENTED_EDGE ( 'NONE', *, *, #645, .T. ) ;
#907 =( NAMED_UNIT ( * ) SI_UNIT ( $, .STERADIAN. ) SOLID_ANGLE_UNIT ( ) );
#908 =( NAMED_UNIT ( * ) PLANE_ANGLE_UNIT ( ) SI_UNIT ( $, .RADIAN. ) );
#909 = VECTOR ( 'NONE', #1200, 1000.000000000000000 ) ;
#910 =( NAMED_UNIT ( * ) PLANE_ANGLE_UNIT ( ) SI_UNIT ( $, .RADIAN. ) );
#911 = ADVANCED_FACE ( 'NONE', ( #2120 ), #1865, .F. ) ;
#912 = CYLINDRICAL_SURFACE ( 'NONE', #919, 1.152267953357278829 ) ;
#913 = DIRECTION ( 'NONE',  ( 1.000000000000000000, -0.000000000000000000, -0.000000000000000000 ) ) ;
#914 = ORIENTED_EDGE ( 'NONE', *, *, #1736, .F. ) ;
#915 = EDGE_CURVE ( 'NONE', #24, #355, #2815, .T. ) ;
#916 = DIRECTION ( 'NONE',  ( -1.000000000000000000, 0.000000000000000000, 1.127101950693461005E-16 ) ) ;
#917 = ORIENTED_EDGE ( 'NONE', *, *, #1991, .F. ) ;
#918 = SURFACE_STYLE_FILL_AREA ( #1809 ) ;
#919 = AXIS2_PLACEMENT_3D ( 'NONE', #2751, #929, #438 ) ;
#920 = MECHANICAL_DESIGN_GEOMETRIC_PRESENTATION_REPRESENTATION (  '', ( #2343 ), #1576 ) ;
#921 = VECTOR ( 'NONE', #2749, 1000.000000000000000 ) ;
#922 = PRESENTATION_LAYER_ASSIGNMENT (  '', '', ( #2893 ) ) ;
#923 = FILL_AREA_STYLE ('',( #1553 ) ) ;
#924 = CARTESIAN_POINT ( 'NONE',  ( 6.025000000000000355, 0.000000000000000000, 0.000000000000000000 ) ) ;
#925 = UNCERTAINTY_MEASURE_WITH_UNIT (LENGTH_MEASURE( 1.000000000000000082E-05 ), #1592, 'distance_accuracy_value', 'NONE');
#926 = AXIS2_PLACEMENT_3D ( 'NONE', #2522, #726, #1848 ) ;
#927 = VECTOR ( 'NONE', #2275, 1000.000000000000000 ) ;
#928 = PRODUCT_DEFINITION_FORMATION_WITH_SPECIFIED_SOURCE ( 'ANY', '', #2360, .NOT_KNOWN. ) ;
#929 = DIRECTION ( 'NONE',  ( -0.000000000000000000, -1.000000000000000000, -0.000000000000000000 ) ) ;
#930 = VECTOR ( 'NONE', #1844, 1000.000000000000000 ) ;
#932 = FILL_AREA_STYLE ('',( #242 ) ) ;
#931 =( NAMED_UNIT ( * ) SI_UNIT ( $, .STERADIAN. ) SOLID_ANGLE_UNIT ( ) );
#933 = ORIENTED_EDGE ( 'NONE', *, *, #1068, .T. ) ;
#934 = CARTESIAN_POINT ( 'NONE',  ( 7.404099999999999682, 4.660521579951312887, 0.000000000000000000 ) ) ;
#935 = EDGE_CURVE ( 'NONE', #1300, #535, #1883, .T. ) ;
#936 = UNCERTAINTY_MEASURE_WITH_UNIT (LENGTH_MEASURE( 1.000000000000000082E-05 ), #476, 'distance_accuracy_value', 'NONE');
#937 = VERTEX_POINT ( 'NONE', #2786 ) ;
#938 = DIRECTION ( 'NONE',  ( -0.000000000000000000, 1.000000000000000000, 0.000000000000000000 ) ) ;
#939 = DIRECTION ( 'NONE',  ( -0.000000000000000000, -1.000000000000000000, -0.000000000000000000 ) ) ;
#940 = ORIENTED_EDGE ( 'NONE', *, *, #1650, .F. ) ;
#941 = ADVANCED_FACE ( 'NONE', ( #966, #743 ), #1430, .F. ) ;
#942 = PLANE ( 'NONE',  #2158 ) ;
#943 = PLANE ( 'NONE',  #1609 ) ;
#944 = EDGE_CURVE ( 'NONE', #731, #2246, #2389, .T. ) ;
#945 = LINE ( 'NONE', #2797, #2487 ) ;
#947 = DIRECTION ( 'NONE',  ( 1.000000000000000000, -0.000000000000000000, -0.000000000000000000 ) ) ;
#946 = LINE ( 'NONE', #275, #1934 ) ;
#948 = ORIENTED_EDGE ( 'NONE', *, *, #2512, .T. ) ;
#949 = FILL_AREA_STYLE_COLOUR ( '', #1582 ) ;
#950 = VERTEX_POINT ( 'NONE', #2851 ) ;
#951 = SURFACE_STYLE_FILL_AREA ( #2088 ) ;
#952 = EDGE_CURVE ( 'NONE', #46, #342, #1078, .T. ) ;
#953 = DIRECTION ( 'NONE',  ( 0.000000000000000000, -0.000000000000000000, 1.000000000000000000 ) ) ;
#954 = ORIENTED_EDGE ( 'NONE', *, *, #2365, .T. ) ;
#955 = ADVANCED_FACE ( 'NONE', ( #2635 ), #1475, .F. ) ;
#956 = LINE ( 'NONE', #515, #2646 ) ;
#957 = UNCERTAINTY_MEASURE_WITH_UNIT (LENGTH_MEASURE( 1.000000000000000082E-05 ), #2438, 'distance_accuracy_value', 'NONE');
#958 =( GEOMETRIC_REPRESENTATION_CONTEXT ( 3 ) GLOBAL_UNCERTAINTY_ASSIGNED_CONTEXT ( ( #2314 ) ) GLOBAL_UNIT_ASSIGNED_CONTEXT ( ( #91, #1855, #559 ) ) REPRESENTATION_CONTEXT ( 'NONE', 'WORKASPACE' ) );
#959 = LINE ( 'NONE', #2809, #1575 ) ;
#960 = CARTESIAN_POINT ( 'NONE',  ( 7.404099999999999682, 25.38192949279104127, 0.000000000000000000 ) ) ;
#962 = CARTESIAN_POINT ( 'NONE',  ( 1.923875957837599460, 36.69795410227509080, 2.439940086393482144 ) ) ;
#961 = DIRECTION ( 'NONE',  ( -1.000000000000000000, 0.000000000000000000, 0.000000000000000000 ) ) ;
#963 = AXIS2_PLACEMENT_3D ( 'NONE', #451, #2747, #673 ) ;
#964 = ORIENTED_EDGE ( 'NONE', *, *, #2054, .F. ) ;
#965 = VECTOR ( 'NONE', #1455, 1000.000000000000000 ) ;
#966 = FACE_BOUND ( 'NONE', #1000, .T. ) ;
#967 = CARTESIAN_POINT ( 'NONE',  ( -6.524999999999999467, 16.64932157995131234, 7.714969897748558125 ) ) ;
#968 = ORIENTED_EDGE ( 'NONE', *, *, #1432, .F. ) ;
#969 = SURFACE_STYLE_FILL_AREA ( #2105 ) ;
#970 = STYLED_ITEM ( 'NONE', ( #2307 ), #119 ) ;
#971 = DIRECTION ( 'NONE',  ( -0.000000000000000000, -1.000000000000000000, -0.000000000000000000 ) ) ;
#972 = LINE ( 'NONE', #748, #2542 ) ;
#973 = ADVANCED_FACE ( 'NONE', ( #621 ), #2619, .F. ) ;
#974 = ORIENTED_EDGE ( 'NONE', *, *, #661, .T. ) ;
#975 = AXIS2_PLACEMENT_3D ( 'NONE', #753, #2531, #981 ) ;
#976 = VECTOR ( 'NONE', #2654, 1000.000000000000000 ) ;
#977 = PRESENTATION_STYLE_ASSIGNMENT (( #55 ) ) ;
#978 = EDGE_CURVE ( 'NONE', #1909, #1399, #787, .T. ) ;
#979 =( GEOMETRIC_REPRESENTATION_CONTEXT ( 3 ) GLOBAL_UNCERTAINTY_ASSIGNED_CONTEXT ( ( #1568 ) ) GLOBAL_UNIT_ASSIGNED_CONTEXT ( ( #2035, #910, #2485 ) ) REPRESENTATION_CONTEXT ( 'NONE', 'WORKASPACE' ) );
#980 = AXIS2_PLACEMENT_3D ( 'NONE', #1587, #1364, #1827 ) ;
#981 = DIRECTION ( 'NONE',  ( 0.000000000000000000, -0.000000000000000000, 1.000000000000000000 ) ) ;
#982 = VECTOR ( 'NONE', #1191, 1000.000000000000000 ) ;
#983 = SURFACE_STYLE_USAGE ( .BOTH. , #1426 ) ;
#984 = VECTOR ( 'NONE', #1003, 1000.000000000000000 ) ;
#985 = ORIENTED_EDGE ( 'NONE', *, *, #2059, .F. ) ;
#986 = AXIS2_PLACEMENT_3D ( 'NONE', #2218, #835, #850 ) ;
#987 = DIRECTION ( 'NONE',  ( -0.000000000000000000, -1.000000000000000000, -0.000000000000000000 ) ) ;
#988 = ORIENTED_EDGE ( 'NONE', *, *, #1973, .F. ) ;
#989 = FILL_AREA_STYLE_COLOUR ( '', #541 ) ;
#990 = VECTOR ( 'NONE', #2129, 1000.000000000000000 ) ;
#991 = DIRECTION ( 'NONE',  ( 0.000000000000000000, 1.000000000000000000, 0.000000000000000000 ) ) ;
#992 = VERTEX_POINT ( 'NONE', #1727 ) ;
#993 = CARTESIAN_POINT ( 'NONE',  ( 4.499999999999999112, 3.032021137276135502E-32, 0.000000000000000000 ) ) ;
#994 = DIRECTION ( 'NONE',  ( 0.000000000000000000, -1.000000000000000000, -0.000000000000000000 ) ) ;
#995 = UNCERTAINTY_MEASURE_WITH_UNIT (LENGTH_MEASURE( 1.000000000000000082E-05 ), #2072, 'distance_accuracy_value', 'NONE');
#996 = PLANE ( 'NONE',  #359 ) ;
#997 = ORIENTED_EDGE ( 'NONE', *, *, #570, .T. ) ;
#998 = CARTESIAN_POINT ( 'NONE',  ( 6.524999999999999467, 4.660521579951310223, 7.714969897748558125 ) ) ;
#999 = CARTESIAN_POINT ( 'NONE',  ( -1.923875957837599460, 36.69795410227509080, 7.305793238017319169 ) ) ;
#1000 = EDGE_LOOP ( 'NONE', ( #2702, #1846 ) ) ;
#1001 = LINE ( 'NONE', #88, #921 ) ;
#1002 = FACE_BOUND ( 'NONE', #377, .T. ) ;
#1003 = DIRECTION ( 'NONE',  ( -0.000000000000000000, -1.000000000000000000, -0.000000000000000000 ) ) ;
#1004 = ORIENTED_EDGE ( 'NONE', *, *, #649, .F. ) ;
#1005 = DIRECTION ( 'NONE',  ( -0.000000000000000000, -0.000000000000000000, -1.000000000000000000 ) ) ;
#1006 = DIRECTION ( 'NONE',  ( -1.000000000000000000, 0.000000000000000000, 0.000000000000000000 ) ) ;
#1007 = FACE_OUTER_BOUND ( 'NONE', #2785, .T. ) ;
#1009 =( LENGTH_UNIT ( ) NAMED_UNIT ( * ) SI_UNIT ( .MILLI., .METRE. ) );
#1008 = CARTESIAN_POINT ( 'NONE',  ( 4.500000000000000000, 10.40492157995131173, -4.289830102251444899 ) ) ;
#1010 = ADVANCED_FACE ( 'NONE', ( #111 ), #576, .T. ) ;
#1011 = AXIS2_PLACEMENT_3D ( 'NONE', #254, #1169, #2826 ) ;
#1012 = VERTEX_POINT ( 'NONE', #2863 ) ;
#1013 = DIRECTION ( 'NONE',  ( 0.000000000000000000, -2.890049773385324529E-16, 1.000000000000000000 ) ) ;
#1014 = ORIENTED_EDGE ( 'NONE', *, *, #898, .F. ) ;
#1015 = DIRECTION ( 'NONE',  ( 0.000000000000000000, -0.000000000000000000, 1.000000000000000000 ) ) ;
#1016 = DIRECTION ( 'NONE',  ( -0.000000000000000000, -1.000000000000000000, -0.000000000000000000 ) ) ;
#1017 = ORIENTED_EDGE ( 'NONE', *, *, #1124, .F. ) ;
#1018 = CARTESIAN_POINT ( 'NONE',  ( 5.500000000000000000, 10.40492157995131173, -1.734723475976807094E-15 ) ) ;
#1019 = CARTESIAN_POINT ( 'NONE',  ( 4.500000000000000000, 9.904921579951311728, -4.289830102251444899 ) ) ;
#1021 = DIRECTION ( 'NONE',  ( 1.000000000000000000, -0.000000000000000000, -0.000000000000000000 ) ) ;
#1020 = PLANE ( 'NONE',  #2704 ) ;
#1022 = VECTOR ( 'NONE', #2344, 1000.000000000000000 ) ;
#1023 = CIRCLE ( 'NONE', #2241, 0.5000000000000022204 ) ;
#1024 = ORIENTED_EDGE ( 'NONE', *, *, #702, .F. ) ;
#1025 = CARTESIAN_POINT ( 'NONE',  ( -4.708463619067515538, 19.51911344926934788, 7.214969897748558125 ) ) ;
#1026 = CIRCLE ( 'NONE', #980, 3.580261140788687513 ) ;
#1027 = SURFACE_STYLE_FILL_AREA ( #744 ) ;
#1028 = ORIENTED_EDGE ( 'NONE', *, *, #269, .T. ) ;
#1029 = VECTOR ( 'NONE', #1402, 1000.000000000000000 ) ;
#1030 = DIRECTION ( 'NONE',  ( -1.000000000000000000, 0.000000000000000000, 0.000000000000000000 ) ) ;
#1031 = EDGE_CURVE ( 'NONE', #1356, #1647, #240, .T. ) ;
#1032 = CARTESIAN_POINT ( 'NONE',  ( 3.696378337327010044, 31.24474553631273466, 7.214969897748558125 ) ) ;
#1033 = DIRECTION ( 'NONE',  ( -3.132145384741711618E-32, -1.000000000000000000, 0.000000000000000000 ) ) ;
#1034 = VERTEX_POINT ( 'NONE', #2952 ) ;
#1035 = VECTOR ( 'NONE', #1201, 1000.000000000000000 ) ;
#1036 = LINE ( 'NONE', #125, #1562 ) ;
#1037 = DIRECTION ( 'NONE',  ( -1.000000000000000000, -0.000000000000000000, -0.000000000000000000 ) ) ;
#1038 = ORIENTED_EDGE ( 'NONE', *, *, #1521, .F. ) ;
#1039 = DIRECTION ( 'NONE',  ( 0.000000000000000000, 0.000000000000000000, 1.000000000000000000 ) ) ;
#1040 = LINE ( 'NONE', #2636, #2114 ) ;
#1041 = ORIENTED_EDGE ( 'NONE', *, *, #1853, .F. ) ;
#1042 = CARTESIAN_POINT ( 'NONE',  ( 3.696378337327010044, 46.69741199371047458, 0.4817457909815910377 ) ) ;
#1043 = LINE ( 'NONE', #2856, #266 ) ;
#1044 = ORIENTED_EDGE ( 'NONE', *, *, #2913, .F. ) ;
#1045 = EDGE_CURVE ( 'NONE', #2857, #195, #1621, .T. ) ;
#1046 = CARTESIAN_POINT ( 'NONE',  ( 6.524999999999999467, 4.160521579951309334, -4.289830102251443122 ) ) ;
#1047 = PRESENTATION_STYLE_ASSIGNMENT (( #1969 ) ) ;
#1048 = DIRECTION ( 'NONE',  ( 7.225124433463308856E-17, 0.000000000000000000, -1.000000000000000000 ) ) ;
#1049 = ORIENTED_EDGE ( 'NONE', *, *, #1631, .T. ) ;
#1050 = CARTESIAN_POINT ( 'NONE',  ( 4.708463619067515538, 31.24474553631273466, 7.214969897748558125 ) ) ;
#1051 = ORIENTED_EDGE ( 'NONE', *, *, #1, .T. ) ;
#1052 = VECTOR ( 'NONE', #502, 1000.000000000000000 ) ;
#1053 = SURFACE_SIDE_STYLE ('',( #1550 ) ) ;
#1054 = FACE_OUTER_BOUND ( 'NONE', #2310, .T. ) ;
#1055 = LINE ( 'NONE', #1961, #2063 ) ;
#1056 = STYLED_ITEM ( 'NONE', ( #1111 ), #2458 ) ;
#1057 = VERTEX_POINT ( 'NONE', #1321 ) ;
#1058 = AXIS2_PLACEMENT_3D ( 'NONE', #2886, #1509, #1226 ) ;
#1059 = SURFACE_STYLE_USAGE ( .BOTH. , #617 ) ;
#1060 = EDGE_CURVE ( 'NONE', #809, #2790, #1365, .T. ) ;
#1061 = DIRECTION ( 'NONE',  ( 1.000000000000000000, 0.000000000000000000, -0.000000000000000000 ) ) ;
#1062 = VERTEX_POINT ( 'NONE', #2738 ) ;
#1063 = AXIS2_PLACEMENT_3D ( 'NONE', #2574, #1030, #1689 ) ;
#1064 = FACE_OUTER_BOUND ( 'NONE', #1088, .T. ) ;
#1065 = AXIS2_PLACEMENT_3D ( 'NONE', #60, #2581, #542 ) ;
#1066 = STYLED_ITEM ( 'NONE', ( #740 ), #264 ) ;
#1067 = VERTEX_POINT ( 'NONE', #2037 ) ;
#1068 = EDGE_CURVE ( 'NONE', #1062, #2364, #1102, .T. ) ;
#1069 = COLOUR_RGB ( '',0.3411764705882353033, 0.8392156862745098200, 0.4117647058823529216 ) ;
#1070 = CARTESIAN_POINT ( 'NONE',  ( -6.524999999999998579, 4.660521579951312887, 0.000000000000000000 ) ) ;
#1071 = STYLED_ITEM ( 'NONE', ( #1618 ), #1654 ) ;
#1072 = PRESENTATION_LAYER_ASSIGNMENT (  '', '', ( #400 ) ) ;
#1073 = EDGE_LOOP ( 'NONE', ( #2607, #2041 ) ) ;
#1074 = FACE_OUTER_BOUND ( 'NONE', #2806, .T. ) ;
#1075 = COLOUR_RGB ( '',1.000000000000000000, 1.000000000000000000, 1.000000000000000000 ) ;
#1076 = ORIENTED_EDGE ( 'NONE', *, *, #799, .T. ) ;
#1077 = EDGE_CURVE ( 'NONE', #2509, #1639, #902, .T. ) ;
#1078 = LINE ( 'NONE', #591, #71 ) ;
#1079 = CARTESIAN_POINT ( 'NONE',  ( -3.696378337327010044, 46.69741199371047458, 0.4817457909815919814 ) ) ;
#1080 = ORIENTED_EDGE ( 'NONE', *, *, #1269, .T. ) ;
#1081 = CYLINDRICAL_SURFACE ( 'NONE', #2843, 2.222231052903322901 ) ;
#1082 = VERTEX_POINT ( 'NONE', #1089 ) ;
#1083 = ORIENTED_EDGE ( 'NONE', *, *, #1859, .F. ) ;
#1084 = CARTESIAN_POINT ( 'NONE',  ( 4.384555346178517612E-16, 42.38702445175871958, 8.962178420968406556 ) ) ;
#1085 = FILL_AREA_STYLE ('',( #1539 ) ) ;
#1086 = SURFACE_STYLE_USAGE ( .BOTH. , #238 ) ;
#1087 = CARTESIAN_POINT ( 'NONE',  ( 7.404099999999999682, 16.64932157995131590, 0.000000000000000000 ) ) ;
#1088 = EDGE_LOOP ( 'NONE', ( #2891, #601 ) ) ;
#1089 = CARTESIAN_POINT ( 'NONE',  ( 0.000000000000000000, 42.38702445175871958, 3.159686227276396586 ) ) ;
#1090 = CARTESIAN_POINT ( 'NONE',  ( 5.500000000000000000, 9.904921579951309951, 0.000000000000000000 ) ) ;
#1091 = EDGE_CURVE ( 'NONE', #2955, #2206, #470, .T. ) ;
#1092 = ORIENTED_EDGE ( 'NONE', *, *, #300, .F. ) ;
#1093 = DIRECTION ( 'NONE',  ( -0.000000000000000000, -1.000000000000000000, -0.000000000000000000 ) ) ;
#1094 = FILL_AREA_STYLE ('',( #2905 ) ) ;
#1095 = ORIENTED_EDGE ( 'NONE', *, *, #1138, .F. ) ;
#1096 = STYLED_ITEM ( 'NONE', ( #977 ), #2330 ) ;
#1097 = SURFACE_STYLE_FILL_AREA ( #1085 ) ;
#1098 = VECTOR ( 'NONE', #730, 1000.000000000000000 ) ;
#1099 = CARTESIAN_POINT ( 'NONE',  ( 0.000000000000000000, 0.000000000000000000, 7.214969897748558125 ) ) ;
#1100 =( NAMED_UNIT ( * ) PLANE_ANGLE_UNIT ( ) SI_UNIT ( $, .RADIAN. ) );
#1101 = ORIENTED_EDGE ( 'NONE', *, *, #271, .F. ) ;
#1102 = LINE ( 'NONE', #2472, #684 ) ;
#1103 =( NAMED_UNIT ( * ) PLANE_ANGLE_UNIT ( ) SI_UNIT ( $, .RADIAN. ) );
#1104 = ORIENTED_EDGE ( 'NONE', *, *, #1166, .T. ) ;
#1105 = CIRCLE ( 'NONE', #546, 2.222231052903322901 ) ;
#1106 = CARTESIAN_POINT ( 'NONE',  ( 0.000000000000000000, 42.94258221498455441, 3.159686227276396586 ) ) ;
#1107 = AXIS2_PLACEMENT_3D ( 'NONE', #2674, #1317, #2006 ) ;
#1108 = STYLED_ITEM ( 'NONE', ( #1738 ), #666 ) ;
#1109 = EDGE_CURVE ( 'NONE', #715, #1300, #1674, .T. ) ;
#1110 = COLOUR_RGB ( '',1.000000000000000000, 1.000000000000000000, 1.000000000000000000 ) ;
#1111 = PRESENTATION_STYLE_ASSIGNMENT (( #1538 ) ) ;
#1112 =( GEOMETRIC_REPRESENTATION_CONTEXT ( 3 ) GLOBAL_UNCERTAINTY_ASSIGNED_CONTEXT ( ( #2777 ) ) GLOBAL_UNIT_ASSIGNED_CONTEXT ( ( #292, #1413, #2322 ) ) REPRESENTATION_CONTEXT ( 'NONE', 'WORKASPACE' ) );
#1113 = SURFACE_STYLE_USAGE ( .BOTH. , #2444 ) ;
#1114 = ORIENTED_EDGE ( 'NONE', *, *, #450, .T. ) ;
#1115 = CARTESIAN_POINT ( 'NONE',  ( 6.025000000000000355, 0.000000000000000000, 0.000000000000000000 ) ) ;
#1116 = LINE ( 'NONE', #1787, #1775 ) ;
#1117 =( NAMED_UNIT ( * ) SI_UNIT ( $, .STERADIAN. ) SOLID_ANGLE_UNIT ( ) );
#1118 = VERTEX_POINT ( 'NONE', #2942 ) ;
#1119 = CARTESIAN_POINT ( 'NONE',  ( -6.524999999999999467, 4.160521579951309334, -4.289830102251443122 ) ) ;
#1120 = ORIENTED_EDGE ( 'NONE', *, *, #1973, .T. ) ;
#1121 = CARTESIAN_POINT ( 'NONE',  ( 6.524999999999999467, 16.64932157995131234, 7.714969897748558125 ) ) ;
#1122 = DIRECTION ( 'NONE',  ( -0.000000000000000000, 1.000000000000000000, 1.445024886692662511E-16 ) ) ;
#1123 = DIRECTION ( 'NONE',  ( 0.000000000000000000, 0.000000000000000000, 1.000000000000000000 ) ) ;
#1124 = EDGE_CURVE ( 'NONE', #1334, #665, #2049, .T. ) ;
#1125 = UNCERTAINTY_MEASURE_WITH_UNIT (LENGTH_MEASURE( 1.000000000000000082E-05 ), #771, 'distance_accuracy_value', 'NONE');
#1126 = LINE ( 'NONE', #705, #1150 ) ;
#1127 = LINE ( 'NONE', #668, #179 ) ;
#1128 = CARTESIAN_POINT ( 'NONE',  ( 6.524999999999999467, 16.14932157995130879, -4.289830102251443122 ) ) ;
#1129 = ORIENTED_EDGE ( 'NONE', *, *, #2495, .F. ) ;
#1130 = EDGE_CURVE ( 'NONE', #615, #355, #1126, .T. ) ;
#1131 = CARTESIAN_POINT ( 'NONE',  ( -1.923875957837599460, 41.83146668853288475, 2.439940086393482144 ) ) ;
#1132 = VERTEX_POINT ( 'NONE', #2926 ) ;
#1133 = CARTESIAN_POINT ( 'NONE',  ( -1.923875957837599460, 36.69795410227509080, 7.305793238017319169 ) ) ;
#1134 = PRESENTATION_STYLE_ASSIGNMENT (( #1086 ) ) ;
#1135 = CARTESIAN_POINT ( 'NONE',  ( 1.860000000000000542, 41.08860207386216956, 3.756396417407844357 ) ) ;
#1136 = CARTESIAN_POINT ( 'NONE',  ( 0.000000000000000000, 42.38702445175871958, 7.604148333083042388 ) ) ;
#1137 =( GEOMETRIC_REPRESENTATION_CONTEXT ( 3 ) GLOBAL_UNCERTAINTY_ASSIGNED_CONTEXT ( ( #727 ) ) GLOBAL_UNIT_ASSIGNED_CONTEXT ( ( #2627, #1261, #1922 ) ) REPRESENTATION_CONTEXT ( 'NONE', 'WORKASPACE' ) );
#1138 = EDGE_CURVE ( 'NONE', #361, #569, #1828, .T. ) ;
#1139 = DIRECTION ( 'NONE',  ( -1.000000000000000000, 0.000000000000000000, 0.000000000000000000 ) ) ;
#1140 = SURFACE_SIDE_STYLE ('',( #260 ) ) ;
#1141 = FILL_AREA_STYLE ('',( #695 ) ) ;
#1142 = EDGE_LOOP ( 'NONE', ( #1765, #1536, #2834, #2560 ) ) ;
#1143 = SURFACE_STYLE_USAGE ( .BOTH. , #2477 ) ;
#1144 = EDGE_CURVE ( 'NONE', #992, #1692, #1105, .T. ) ;
#1145 = ORIENTED_EDGE ( 'NONE', *, *, #2321, .T. ) ;
#1146 = COLOUR_RGB ( '',1.000000000000000000, 1.000000000000000000, 1.000000000000000000 ) ;
#1147 = PRESENTATION_LAYER_ASSIGNMENT (  '', '', ( #1384 ) ) ;
#1148 = CARTESIAN_POINT ( 'NONE',  ( 0.000000000000000000, 42.38702445175871958, 5.381917280179719931 ) ) ;
#1149 = LINE ( 'NONE', #2090, #692 ) ;
#1150 = VECTOR ( 'NONE', #1786, 1000.000000000000000 ) ;
#1151 = COLOUR_RGB ( '',0.3411764705882353033, 0.8392156862745098200, 0.4117647058823529216 ) ;
#1152 =( GEOMETRIC_REPRESENTATION_CONTEXT ( 3 ) GLOBAL_UNCERTAINTY_ASSIGNED_CONTEXT ( ( #58 ) ) GLOBAL_UNIT_ASSIGNED_CONTEXT ( ( #2629, #92, #1720 ) ) REPRESENTATION_CONTEXT ( 'NONE', 'WORKASPACE' ) );
#1153 = LINE ( 'NONE', #317, #498 ) ;
#1154 = LINE ( 'NONE', #2350, #2382 ) ;
#1155 = DIRECTION ( 'NONE',  ( 0.000000000000000000, 0.000000000000000000, -1.000000000000000000 ) ) ;
#1156 = UNCERTAINTY_MEASURE_WITH_UNIT (LENGTH_MEASURE( 1.000000000000000082E-05 ), #424, 'distance_accuracy_value', 'NONE');
#1157 = STYLED_ITEM ( 'NONE', ( #578 ), #1747 ) ;
#1158 = AXIS2_PLACEMENT_3D ( 'NONE', #2034, #1839, #953 ) ;
#1159 = CARTESIAN_POINT ( 'NONE',  ( -4.499999999999998224, 10.40492157995131173, -4.289830102251445787 ) ) ;
#1161 = CYLINDRICAL_SURFACE ( 'NONE', #2488, 0.5000000000000022204 ) ;
#1160 = DIRECTION ( 'NONE',  ( 0.000000000000000000, 0.000000000000000000, 1.000000000000000000 ) ) ;
#1162 = ADVANCED_FACE ( 'NONE', ( #1556 ), #912, .T. ) ;
#1163 = ORIENTED_EDGE ( 'NONE', *, *, #795, .T. ) ;
#1164 = FILL_AREA_STYLE_COLOUR ( '', #1110 ) ;
#1165 = UNCERTAINTY_MEASURE_WITH_UNIT (LENGTH_MEASURE( 1.000000000000000082E-05 ), #1355, 'distance_accuracy_value', 'NONE');
#1166 = EDGE_CURVE ( 'NONE', #1913, #1591, #358, .T. ) ;
#1167 = VERTEX_POINT ( 'NONE', #872 ) ;
#1168 = ORIENTED_EDGE ( 'NONE', *, *, #612, .T. ) ;
#1169 = DIRECTION ( 'NONE',  ( -1.000000000000000000, 3.132145384741711618E-32, -2.167537330038992903E-16 ) ) ;
#1170 = CARTESIAN_POINT ( 'NONE',  ( -6.524999999999998579, 16.64932157995131590, 0.000000000000000000 ) ) ;
#1171 =( LENGTH_UNIT ( ) NAMED_UNIT ( * ) SI_UNIT ( .MILLI., .METRE. ) );
#1172 = FACE_BOUND ( 'NONE', #281, .T. ) ;
#1174 = CARTESIAN_POINT ( 'NONE',  ( 1.860000000000000098, 46.02901423290583693, 7.007438142951595061 ) ) ;
#1173 = DIRECTION ( 'NONE',  ( 1.000000000000000000, 0.000000000000000000, 0.000000000000000000 ) ) ;
#1175 = EDGE_LOOP ( 'NONE', ( #1452, #206, #312, #2523 ) ) ;
#1176 =( LENGTH_UNIT ( ) NAMED_UNIT ( * ) SI_UNIT ( .MILLI., .METRE. ) );
#1177 = EDGE_CURVE ( 'NONE', #1730, #579, #231, .T. ) ;
#1178 = EDGE_LOOP ( 'NONE', ( #165, #1279, #1745, #2830 ) ) ;
#1179 = DIRECTION ( 'NONE',  ( 0.000000000000000000, -0.000000000000000000, 1.000000000000000000 ) ) ;
#1180 = EDGE_CURVE ( 'NONE', #2347, #1931, #693, .T. ) ;
#1181 = ORIENTED_EDGE ( 'NONE', *, *, #1166, .F. ) ;
#1182 = SURFACE_STYLE_FILL_AREA ( #1420 ) ;
#1183 = CARTESIAN_POINT ( 'NONE',  ( -3.696378337327010044, 36.69795410227509080, 0.4817457909815919814 ) ) ;
#1184 = UNCERTAINTY_MEASURE_WITH_UNIT (LENGTH_MEASURE( 1.000000000000000082E-05 ), #2238, 'distance_accuracy_value', 'NONE');
#1185 = STYLED_ITEM ( 'NONE', ( #178 ), #2200 ) ;
#1186 = CARTESIAN_POINT ( 'NONE',  ( 0.000000000000000000, 26.15224969871037430, 3.159686227276396586 ) ) ;
#1187 = SURFACE_SIDE_STYLE ('',( #543 ) ) ;
#1188 = LINE ( 'NONE', #2098, #2023 ) ;
#1189 = ORIENTED_EDGE ( 'NONE', *, *, #1262, .T. ) ;
#1190 = CARTESIAN_POINT ( 'NONE',  ( 7.404099999999999682, 9.904921579951311728, 0.000000000000000000 ) ) ;
#1191 = DIRECTION ( 'NONE',  ( 0.000000000000000000, 0.000000000000000000, -1.000000000000000000 ) ) ;
#1192 = ORIENTED_EDGE ( 'NONE', *, *, #2613, .F. ) ;
#1193 = DIRECTION ( 'NONE',  ( 0.000000000000000000, 1.000000000000000000, 0.000000000000000000 ) ) ;
#1194 = AXIS2_PLACEMENT_3D ( 'NONE', #2918, #857, #2210 ) ;
#1195 = CARTESIAN_POINT ( 'NONE',  ( -4.708463619067515538, 19.51911344926934788, 7.214969897748558125 ) ) ;
#1196 = ORIENTED_EDGE ( 'NONE', *, *, #489, .T. ) ;
#1197 = STYLED_ITEM ( 'NONE', ( #182 ), #1010 ) ;
#1198 = DIRECTION ( 'NONE',  ( 0.000000000000000000, 1.000000000000000000, 0.000000000000000000 ) ) ;
#1199 = VECTOR ( 'NONE', #407, 1000.000000000000000 ) ;
#1200 = DIRECTION ( 'NONE',  ( 1.000000000000000000, -0.000000000000000000, -0.000000000000000000 ) ) ;
#1202 = PRESENTATION_STYLE_ASSIGNMENT (( #1895 ) ) ;
#1201 = DIRECTION ( 'NONE',  ( 0.000000000000000000, 1.000000000000000000, 0.000000000000000000 ) ) ;
#1203 = AXIS2_PLACEMENT_3D ( 'NONE', #1698, #1985, #2679 ) ;
#1204 = ORIENTED_EDGE ( 'NONE', *, *, #577, .F. ) ;
#1205 = AXIS2_PLACEMENT_3D ( 'NONE', #2832, #85, #1517 ) ;
#1206 = DIRECTION ( 'NONE',  ( 1.000000000000000000, 0.000000000000000000, 0.000000000000000000 ) ) ;
#1207 = PLANE ( 'NONE',  #1205 ) ;
#1208 = VERTEX_POINT ( 'NONE', #2242 ) ;
#1209 =( NAMED_UNIT ( * ) PLANE_ANGLE_UNIT ( ) SI_UNIT ( $, .RADIAN. ) );
#1210 = FACE_OUTER_BOUND ( 'NONE', #654, .T. ) ;
#1211 =( GEOMETRIC_REPRESENTATION_CONTEXT ( 3 ) GLOBAL_UNCERTAINTY_ASSIGNED_CONTEXT ( ( #2030 ) ) GLOBAL_UNIT_ASSIGNED_CONTEXT ( ( #2848, #805, #108 ) ) REPRESENTATION_CONTEXT ( 'NONE', 'WORKASPACE' ) );
#1212 = LINE ( 'NONE', #89, #2232 ) ;
#1213 = VERTEX_POINT ( 'NONE', #1588 ) ;
#1214 = EDGE_CURVE ( 'NONE', #2870, #1034, #1570, .T. ) ;
#1215 = FILL_AREA_STYLE ('',( #1643 ) ) ;
#1216 =( NAMED_UNIT ( * ) PLANE_ANGLE_UNIT ( ) SI_UNIT ( $, .RADIAN. ) );
#1217 = FILL_AREA_STYLE_COLOUR ( '', #2783 ) ;
#1218 = DIRECTION ( 'NONE',  ( 0.000000000000000000, -1.000000000000000000, 0.000000000000000000 ) ) ;
#1219 = CARTESIAN_POINT ( 'NONE',  ( 0.000000000000000000, 26.15224969871037430, 5.381917280179719931 ) ) ;
#1220 = VERTEX_POINT ( 'NONE', #1800 ) ;
#1221 = CARTESIAN_POINT ( 'NONE',  ( -6.025000000000000355, 4.660521579951313775, -4.289830102251443122 ) ) ;
#1222 = DIRECTION ( 'NONE',  ( 0.000000000000000000, 1.000000000000000000, 2.890049773385324529E-16 ) ) ;
#1223 = ORIENTED_EDGE ( 'NONE', *, *, #978, .F. ) ;
#1224 = EDGE_CURVE ( 'NONE', #1620, #518, #2489, .T. ) ;
#1225 =( NAMED_UNIT ( * ) SI_UNIT ( $, .STERADIAN. ) SOLID_ANGLE_UNIT ( ) );
#1226 = DIRECTION ( 'NONE',  ( 0.000000000000000000, 0.000000000000000000, -1.000000000000000000 ) ) ;
#1227 = VERTEX_POINT ( 'NONE', #1878 ) ;
#1228 = LINE ( 'NONE', #603, #1908 ) ;
#1229 = CARTESIAN_POINT ( 'NONE',  ( -3.696378337327010044, 36.69795410227509080, 7.214969897748558125 ) ) ;
#1230 = COLOUR_RGB ( '',1.000000000000000000, 1.000000000000000000, 1.000000000000000000 ) ;
#1231 = ORIENTED_EDGE ( 'NONE', *, *, #2113, .T. ) ;
#1232 = EDGE_CURVE ( 'NONE', #1290, #1473, #945, .T. ) ;
#1233 = CARTESIAN_POINT ( 'NONE',  ( -7.404099999999999682, 0.000000000000000000, 0.000000000000000000 ) ) ;
#1234 = LINE ( 'NONE', #2148, #2791 ) ;
#1235 = ORIENTED_EDGE ( 'NONE', *, *, #1232, .T. ) ;
#1236 = DIRECTION ( 'NONE',  ( 0.000000000000000000, 1.000000000000000000, 1.445024886692662264E-16 ) ) ;
#1237 = SURFACE_STYLE_USAGE ( .BOTH. , #1701 ) ;
#1238 = CARTESIAN_POINT ( 'NONE',  ( 0.000000000000000000, 26.15224969871037430, 5.381917280179719931 ) ) ;
#1239 = ORIENTED_EDGE ( 'NONE', *, *, #2517, .T. ) ;
#1240 = VECTOR ( 'NONE', #1560, 1000.000000000000000 ) ;
#1241 = STYLED_ITEM ( 'NONE', ( #2908 ), #1322 ) ;
#1242 = SURFACE_STYLE_USAGE ( .BOTH. , #1513 ) ;
#1243 = DIRECTION ( 'NONE',  ( 0.000000000000000000, 0.000000000000000000, 1.000000000000000000 ) ) ;
#1245 = DIRECTION ( 'NONE',  ( 0.000000000000000000, 0.000000000000000000, -1.000000000000000000 ) ) ;
#1244 =( NAMED_UNIT ( * ) PLANE_ANGLE_UNIT ( ) SI_UNIT ( $, .RADIAN. ) );
#1246 = PRESENTATION_LAYER_ASSIGNMENT (  '', '', ( #2537 ) ) ;
#1247 = ORIENTED_EDGE ( 'NONE', *, *, #858, .T. ) ;
#1248 = CARTESIAN_POINT ( 'NONE',  ( 5.000000000000000000, 10.40492157995131173, -4.289830102251444899 ) ) ;
#1249 = VECTOR ( 'NONE', #2915, 1000.000000000000000 ) ;
#1250 = ORIENTED_EDGE ( 'NONE', *, *, #1224, .F. ) ;
#1251 = CIRCLE ( 'NONE', #2943, 1.625520862771874908 ) ;
#1252 = VECTOR ( 'NONE', #598, 1000.000000000000000 ) ;
#1253 = CARTESIAN_POINT ( 'NONE',  ( 3.696378337327010044, 46.69741199371047458, 0.4817457909815910377 ) ) ;
#1254 = AXIS2_PLACEMENT_3D ( 'NONE', #190, #2176, #648 ) ;
#1255 = LINE ( 'NONE', #2122, #2445 ) ;
#1256 = ADVANCED_FACE ( 'NONE', ( #1424 ), #735, .F. ) ;
#1257 = LINE ( 'NONE', #1690, #205 ) ;
#1258 = LINE ( 'NONE', #74, #1252 ) ;
#1259 = ORIENTED_EDGE ( 'NONE', *, *, #1987, .F. ) ;
#1260 = PRESENTATION_LAYER_ASSIGNMENT (  '', '', ( #2481 ) ) ;
#1261 =( NAMED_UNIT ( * ) PLANE_ANGLE_UNIT ( ) SI_UNIT ( $, .RADIAN. ) );
#1262 = EDGE_CURVE ( 'NONE', #535, #1062, #959, .T. ) ;
#1263 = SURFACE_STYLE_FILL_AREA ( #1502 ) ;
#1264 = FACE_OUTER_BOUND ( 'NONE', #2548, .T. ) ;
#1265 = VERTEX_POINT ( 'NONE', #306 ) ;
#1266 = DIRECTION ( 'NONE',  ( -1.000000000000000000, 0.000000000000000000, 0.000000000000000000 ) ) ;
#1267 = PLANE ( 'NONE',  #2207 ) ;
#1268 = ORIENTED_EDGE ( 'NONE', *, *, #915, .F. ) ;
#1269 = EDGE_CURVE ( 'NONE', #2246, #148, #2127, .T. ) ;
#1270 = ORIENTED_EDGE ( 'NONE', *, *, #378, .T. ) ;
#1271 = EDGE_CURVE ( 'NONE', #1692, #1082, #2552, .T. ) ;
#1272 = PRESENTATION_STYLE_ASSIGNMENT (( #2858 ) ) ;
#1273 = CARTESIAN_POINT ( 'NONE',  ( -6.524999999999999467, 3.660521579951309334, 7.714969897748558125 ) ) ;
#1274 = ADVANCED_FACE ( 'NONE', ( #1843 ), #2828, .F. ) ;
#1275 = SURFACE_STYLE_USAGE ( .BOTH. , #381 ) ;
#1276 = CARTESIAN_POINT ( 'NONE',  ( 4.500000000000000000, 9.904921579951311728, -4.289830102251444899 ) ) ;
#1277 = ORIENTED_EDGE ( 'NONE', *, *, #1769, .F. ) ;
#1278 = DIRECTION ( 'NONE',  ( 0.000000000000000000, -1.000000000000000000, -0.000000000000000000 ) ) ;
#1279 = ORIENTED_EDGE ( 'NONE', *, *, #856, .T. ) ;
#1280 = MECHANICAL_DESIGN_GEOMETRIC_PRESENTATION_REPRESENTATION (  '', ( #1757 ), #2228 ) ;
#1281 = CARTESIAN_POINT ( 'NONE',  ( 6.025000000000000355, 16.14932157995130879, 7.714969897748558125 ) ) ;
#1282 = SURFACE_STYLE_USAGE ( .BOTH. , #1669 ) ;
#1283 = VECTOR ( 'NONE', #1511, 1000.000000000000000 ) ;
#1284 = EDGE_LOOP ( 'NONE', ( #2118, #2818, #1481, #191, #132 ) ) ;
#1285 = PRESENTATION_LAYER_ASSIGNMENT (  '', '', ( #106 ) ) ;
#1286 = LINE ( 'NONE', #173, #2492 ) ;
#1287 = AXIS2_PLACEMENT_3D ( 'NONE', #139, #2610, #345 ) ;
#1288 = CARTESIAN_POINT ( 'NONE',  ( 4.708463619067515538, 31.24474553631273466, 7.214969897748558125 ) ) ;
#1289 = CARTESIAN_POINT ( 'NONE',  ( -4.499999999999998224, 9.904921579951311728, -4.289830102251445787 ) ) ;
#1290 = VERTEX_POINT ( 'NONE', #1396 ) ;
#1291 = CARTESIAN_POINT ( 'NONE',  ( 0.000000000000000000, 42.94258221498455441, 3.756396417407844801 ) ) ;
#1292 = AXIS2_PLACEMENT_3D ( 'NONE', #2632, #831, #1048 ) ;
#1293 = EDGE_LOOP ( 'NONE', ( #2018, #2380, #1368, #431 ) ) ;
#1294 = PRESENTATION_LAYER_ASSIGNMENT (  '', '', ( #455 ) ) ;
#1295 = VECTOR ( 'NONE', #1198, 1000.000000000000000 ) ;
#1296 = FILL_AREA_STYLE ('',( #2903 ) ) ;
#1297 = CYLINDRICAL_SURFACE ( 'NONE', #2119, 0.5000000000000022204 ) ;
#1298 = STYLED_ITEM ( 'NONE', ( #22 ), #1638 ) ;
#1299 = PRESENTATION_LAYER_ASSIGNMENT (  '', '', ( #124 ) ) ;
#1300 = VERTEX_POINT ( 'NONE', #1378 ) ;
#1301 = STYLED_ITEM ( 'NONE', ( #2490 ), #2019 ) ;
#1302 = CARTESIAN_POINT ( 'NONE',  ( -6.524999999999999467, 4.160521579951309334, 7.714969897748558125 ) ) ;
#1303 = CARTESIAN_POINT ( 'NONE',  ( 3.696378337327010044, 32.32753054294656891, 0.4817457909815910377 ) ) ;
#1304 = ADVANCED_FACE ( 'NONE', ( #765, #2315 ), #1657, .F. ) ;
#1305 = SURFACE_STYLE_USAGE ( .BOTH. , #675 ) ;
#1307 = FILL_AREA_STYLE ('',( #1983 ) ) ;
#1306 = APPLICATION_PROTOCOL_DEFINITION ( 'draft international standard', 'automotive_design', 1998, #1795 ) ;
#1308 = COLOUR_RGB ( '',1.000000000000000000, 1.000000000000000000, 1.000000000000000000 ) ;
#1309 = ORIENTED_EDGE ( 'NONE', *, *, #626, .T. ) ;
#1310 = SURFACE_STYLE_USAGE ( .BOTH. , #2656 ) ;
#1311 = CARTESIAN_POINT ( 'NONE',  ( -1.859999999999999654, 46.02901423290583693, 3.756396417407844357 ) ) ;
#1312 = ORIENTED_EDGE ( 'NONE', *, *, #1667, .T. ) ;
#1313 = ADVANCED_FACE ( 'NONE', ( #2080 ), #324, .T. ) ;
#1314 = DIRECTION ( 'NONE',  ( 0.000000000000000000, 0.000000000000000000, -1.000000000000000000 ) ) ;
#1315 = CARTESIAN_POINT ( 'NONE',  ( 6.524999999999999467, 16.64932157995131234, -4.289830102251443122 ) ) ;
#1316 =( NAMED_UNIT ( * ) PLANE_ANGLE_UNIT ( ) SI_UNIT ( $, .RADIAN. ) );
#1317 = DIRECTION ( 'NONE',  ( 1.000000000000000000, -0.000000000000000000, -0.000000000000000000 ) ) ;
#1318 = PRESENTATION_STYLE_ASSIGNMENT (( #1542 ) ) ;
#1319 = DIRECTION ( 'NONE',  ( 1.000000000000000000, 0.000000000000000000, -0.000000000000000000 ) ) ;
#1320 = EDGE_LOOP ( 'NONE', ( #1092, #2570, #917, #367 ) ) ;
#1321 = CARTESIAN_POINT ( 'NONE',  ( -5.499999999999999112, 9.904921579951311728, -1.734723475976807094E-15 ) ) ;
#1322 = ADVANCED_FACE ( 'NONE', ( #1501 ), #2427, .F. ) ;
#1323 = ORIENTED_EDGE ( 'NONE', *, *, #2321, .F. ) ;
#1324 = ORIENTED_EDGE ( 'NONE', *, *, #2311, .T. ) ;
#1325 = ORIENTED_EDGE ( 'NONE', *, *, #815, .F. ) ;
#1326 =( GEOMETRIC_REPRESENTATION_CONTEXT ( 3 ) GLOBAL_UNCERTAINTY_ASSIGNED_CONTEXT ( ( #1629 ) ) GLOBAL_UNIT_ASSIGNED_CONTEXT ( ( #159, #689, #2514 ) ) REPRESENTATION_CONTEXT ( 'NONE', 'WORKASPACE' ) );
#1327 = FACE_OUTER_BOUND ( 'NONE', #398, .T. ) ;
#1328 = CIRCLE ( 'NONE', #2478, 1.625520862771874908 ) ;
#1329 = DIRECTION ( 'NONE',  ( 0.000000000000000000, -0.000000000000000000, 1.000000000000000000 ) ) ;
#1330 = SURFACE_SIDE_STYLE ('',( #1781 ) ) ;
#1331 =( NAMED_UNIT ( * ) PLANE_ANGLE_UNIT ( ) SI_UNIT ( $, .RADIAN. ) );
#1332 =( GEOMETRIC_REPRESENTATION_CONTEXT ( 3 ) GLOBAL_UNCERTAINTY_ASSIGNED_CONTEXT ( ( #2630 ) ) GLOBAL_UNIT_ASSIGNED_CONTEXT ( ( #1479, #2642, #2869 ) ) REPRESENTATION_CONTEXT ( 'NONE', 'WORKASPACE' ) );
#1333 = UNCERTAINTY_MEASURE_WITH_UNIT (LENGTH_MEASURE( 1.000000000000000082E-05 ), #561, 'distance_accuracy_value', 'NONE');
#1334 = VERTEX_POINT ( 'NONE', #350 ) ;
#1335 = DIRECTION ( 'NONE',  ( -2.167537330038992903E-16, -1.445024886692661771E-16, 1.000000000000000000 ) ) ;
#1336 = CARTESIAN_POINT ( 'NONE',  ( 4.708463619067515538, 19.51911344926934788, 7.214969897748558125 ) ) ;
#1337 = VECTOR ( 'NONE', #1700, 1000.000000000000000 ) ;
#1338 = EDGE_LOOP ( 'NONE', ( #940, #2058, #1490, #632 ) ) ;
#1339 = MECHANICAL_DESIGN_GEOMETRIC_PRESENTATION_REPRESENTATION (  '', ( #1241 ), #18 ) ;
#1340 = EDGE_CURVE ( 'NONE', #1473, #1620, #816, .T. ) ;
#1341 = AXIS2_PLACEMENT_3D ( 'NONE', #147, #900, #1319 ) ;
#1342 = DIRECTION ( 'NONE',  ( -0.000000000000000000, -1.000000000000000000, -0.000000000000000000 ) ) ;
#1343 = EDGE_LOOP ( 'NONE', ( #2031, #681, #1889, #1277 ) ) ;
#1344 = VECTOR ( 'NONE', #1794, 1000.000000000000000 ) ;
#1345 = VERTEX_POINT ( 'NONE', #1941 ) ;
#1346 = EDGE_CURVE ( 'NONE', #1067, #665, #1460, .T. ) ;
#1347 = AXIS2_PLACEMENT_3D ( 'NONE', #1119, #2729, #7 ) ;
#1348 =( GEOMETRIC_REPRESENTATION_CONTEXT ( 3 ) GLOBAL_UNCERTAINTY_ASSIGNED_CONTEXT ( ( #1877 ) ) GLOBAL_UNIT_ASSIGNED_CONTEXT ( ( #98, #2571, #1648 ) ) REPRESENTATION_CONTEXT ( 'NONE', 'WORKASPACE' ) );
#1349 = CARTESIAN_POINT ( 'NONE',  ( 6.524999999999999467, 16.64932157995131590, 0.000000000000000000 ) ) ;
#1350 = FILL_AREA_STYLE ('',( #2664 ) ) ;
#1351 = VECTOR ( 'NONE', #2701, 1000.000000000000000 ) ;
#1352 = PLANE ( 'NONE',  #2576 ) ;
#1353 = DIRECTION ( 'NONE',  ( -1.000000000000000000, 0.000000000000000000, 0.000000000000000000 ) ) ;
#1354 = DIRECTION ( 'NONE',  ( 7.225124433463308856E-17, 1.445024886692661771E-16, -1.000000000000000000 ) ) ;
#1355 =( LENGTH_UNIT ( ) NAMED_UNIT ( * ) SI_UNIT ( .MILLI., .METRE. ) );
#1356 = VERTEX_POINT ( 'NONE', #2175 ) ;
#1357 =( NAMED_UNIT ( * ) SI_UNIT ( $, .STERADIAN. ) SOLID_ANGLE_UNIT ( ) );
#1358 = ORIENTED_EDGE ( 'NONE', *, *, #2048, .F. ) ;
#1359 = CARTESIAN_POINT ( 'NONE',  ( 7.404099999999999682, 0.000000000000000000, 0.000000000000000000 ) ) ;
#1360 = SURFACE_SIDE_STYLE ('',( #918 ) ) ;
#1361 = DIRECTION ( 'NONE',  ( -1.000000000000000000, 0.000000000000000000, 0.000000000000000000 ) ) ;
#1362 = EDGE_CURVE ( 'NONE', #24, #299, #2665, .T. ) ;
#1363 = FACE_OUTER_BOUND ( 'NONE', #2877, .T. ) ;
#1364 = DIRECTION ( 'NONE',  ( -0.000000000000000000, -1.000000000000000000, -0.000000000000000000 ) ) ;
#1365 = LINE ( 'NONE', #2217, #2441 ) ;
#1366 = LINE ( 'NONE', #1336, #368 ) ;
#1367 = CARTESIAN_POINT ( 'NONE',  ( -4.999999999999998224, 9.904921579951311728, -4.289830102251445787 ) ) ;
#1368 = ORIENTED_EDGE ( 'NONE', *, *, #1799, .F. ) ;
#1369 = PLANE ( 'NONE',  #926 ) ;
#1370 = UNCERTAINTY_MEASURE_WITH_UNIT (LENGTH_MEASURE( 1.000000000000000082E-05 ), #2936, 'distance_accuracy_value', 'NONE');
#1371 = ORIENTED_EDGE ( 'NONE', *, *, #2093, .T. ) ;
#1372 = FILL_AREA_STYLE_COLOUR ( '', #8 ) ;
#1373 = CARTESIAN_POINT ( 'NONE',  ( -1.923875957837599460, 41.83146668853288475, 7.305793238017319169 ) ) ;
#1374 = PRESENTATION_LAYER_ASSIGNMENT (  '', '', ( #296 ) ) ;
#1375 = LINE ( 'NONE', #138, #1768 ) ;
#1376 = EDGE_CURVE ( 'NONE', #890, #2947, #604, .T. ) ;
#1377 = DIRECTION ( 'NONE',  ( 0.000000000000000000, 0.000000000000000000, -1.000000000000000000 ) ) ;
#1378 = CARTESIAN_POINT ( 'NONE',  ( -6.524999999999999467, 16.64932157995131234, -4.289830102251443122 ) ) ;
#1379 = LINE ( 'NONE', #1159, #930 ) ;
#1380 = DIRECTION ( 'NONE',  ( 1.000000000000000000, -1.044048461580570448E-32, 7.225124433463308856E-17 ) ) ;
#1381 = ORIENTED_EDGE ( 'NONE', *, *, #2266, .T. ) ;
#1382 = LINE ( 'NONE', #2288, #174 ) ;
#1383 = ORIENTED_EDGE ( 'NONE', *, *, #392, .F. ) ;
#1384 = STYLED_ITEM ( 'NONE', ( #1202 ), #257 ) ;
#1385 = DIRECTION ( 'NONE',  ( 0.000000000000000000, 1.000000000000000000, 2.890049773385324529E-16 ) ) ;
#1386 = DIRECTION ( 'NONE',  ( 1.127101950693461005E-16, -0.000000000000000000, 1.000000000000000000 ) ) ;
#1387 = PRESENTATION_LAYER_ASSIGNMENT (  '', '', ( #170 ) ) ;
#1388 = COLOUR_RGB ( '',1.000000000000000000, 1.000000000000000000, 1.000000000000000000 ) ;
#1389 = ORIENTED_EDGE ( 'NONE', *, *, #2864, .T. ) ;
#1390 = STYLED_ITEM ( 'NONE', ( #1520 ), #1577 ) ;
#1391 = COLOUR_RGB ( '',1.000000000000000000, 1.000000000000000000, 1.000000000000000000 ) ;
#1392 = SURFACE_STYLE_FILL_AREA ( #1215 ) ;
#1393 = CARTESIAN_POINT ( 'NONE',  ( 6.025000000000000355, 3.660521579951307558, -4.289830102251443122 ) ) ;
#1394 = CIRCLE ( 'NONE', #986, 0.5000000000000022204 ) ;
#1395 = EDGE_CURVE ( 'NONE', #508, #950, #686, .T. ) ;
#1396 = CARTESIAN_POINT ( 'NONE',  ( 4.708463619067515538, 31.24474553631273466, 7.214969897748558125 ) ) ;
#1397 = FACE_BOUND ( 'NONE', #437, .T. ) ;
#1398 = LINE ( 'NONE', #2301, #311 ) ;
#1399 = VERTEX_POINT ( 'NONE', #573 ) ;
#1400 = ADVANCED_FACE ( 'NONE', ( #2860 ), #1707, .F. ) ;
#1401 =( NAMED_UNIT ( * ) PLANE_ANGLE_UNIT ( ) SI_UNIT ( $, .RADIAN. ) );
#1402 = DIRECTION ( 'NONE',  ( 1.000000000000000000, 0.000000000000000000, 0.000000000000000000 ) ) ;
#1403 = VERTEX_POINT ( 'NONE', #1797 ) ;
#1404 = CARTESIAN_POINT ( 'NONE',  ( 1.860000000000000542, 41.08860207386216956, 7.007438142951595061 ) ) ;
#1405 = CARTESIAN_POINT ( 'NONE',  ( 7.404099999999999682, 0.000000000000000000, 8.214969897748558125 ) ) ;
#1406 = EDGE_LOOP ( 'NONE', ( #1044, #1192, #2929, #1204 ) ) ;
#1407 = CARTESIAN_POINT ( 'NONE',  ( 7.404099999999999682, 4.660521579951312887, 0.000000000000000000 ) ) ;
#1408 = DIRECTION ( 'NONE',  ( -0.000000000000000000, 1.000000000000000000, 1.445024886692662511E-16 ) ) ;
#1410 = DIRECTION ( 'NONE',  ( 0.000000000000000000, 0.000000000000000000, -1.000000000000000000 ) ) ;
#1409 = DIRECTION ( 'NONE',  ( -0.000000000000000000, -1.000000000000000000, -0.000000000000000000 ) ) ;
#1411 = ORIENTED_EDGE ( 'NONE', *, *, #226, .F. ) ;
#1412 = CARTESIAN_POINT ( 'NONE',  ( 6.524999999999999467, 4.160521579951309334, -4.289830102251443122 ) ) ;
#1413 =( NAMED_UNIT ( * ) PLANE_ANGLE_UNIT ( ) SI_UNIT ( $, .RADIAN. ) );
#1414 = EDGE_CURVE ( 'NONE', #2375, #2754, #2840, .T. ) ;
#1415 = VERTEX_POINT ( 'NONE', #189 ) ;
#1416 = FACE_OUTER_BOUND ( 'NONE', #2319, .T. ) ;
#1417 = DIRECTION ( 'NONE',  ( 1.000000000000000000, 0.000000000000000000, -1.246587554778148159E-16 ) ) ;
#1418 = ORIENTED_EDGE ( 'NONE', *, *, #1879, .T. ) ;
#1419 = EDGE_CURVE ( 'NONE', #1863, #1503, #2950, .T. ) ;
#1420 = FILL_AREA_STYLE ('',( #287 ) ) ;
#1421 = LINE ( 'NONE', #302, #504 ) ;
#1422 = UNCERTAINTY_MEASURE_WITH_UNIT (LENGTH_MEASURE( 1.000000000000000082E-05 ), #1171, 'distance_accuracy_value', 'NONE');
#1423 = PRESENTATION_LAYER_ASSIGNMENT (  '', '', ( #1185 ) ) ;
#1424 = FACE_OUTER_BOUND ( 'NONE', #1175, .T. ) ;
#1425 = DIRECTION ( 'NONE',  ( -1.000000000000000000, 0.000000000000000000, 0.000000000000000000 ) ) ;
#1427 = SURFACE_SIDE_STYLE ('',( #2099 ) ) ;
#1426 = SURFACE_SIDE_STYLE ('',( #2780 ) ) ;
#1428 = ORIENTED_EDGE ( 'NONE', *, *, #1541, .T. ) ;
#1429 = VECTOR ( 'NONE', #2624, 1000.000000000000000 ) ;
#1430 = PLANE ( 'NONE',  #507 ) ;
#1431 = EDGE_LOOP ( 'NONE', ( #2925, #2411, #429, #1958 ) ) ;
#1432 = EDGE_CURVE ( 'NONE', #2754, #890, #2709, .T. ) ;
#1433 = CARTESIAN_POINT ( 'NONE',  ( 3.696378337327010044, 46.69741199371047458, 0.4817457909815910377 ) ) ;
#1434 = ORIENTED_EDGE ( 'NONE', *, *, #645, .F. ) ;
#1435 = EDGE_CURVE ( 'NONE', #2509, #2459, #2721, .T. ) ;
#1436 = MANIFOLD_SOLID_BREP ( 'Boss-Extrude7', #1915 ) ;
#1437 = VECTOR ( 'NONE', #2027, 1000.000000000000000 ) ;
#1438 = AXIS2_PLACEMENT_3D ( 'NONE', #2372, #1021, #1245 ) ;
#1439 = FACE_OUTER_BOUND ( 'NONE', #1406, .T. ) ;
#1440 = PLANE ( 'NONE',  #406 ) ;
#1441 = MECHANICAL_DESIGN_GEOMETRIC_PRESENTATION_REPRESENTATION (  '', ( #455 ), #979 ) ;
#1442 = AXIS2_PLACEMENT_3D ( 'NONE', #2720, #188, #391 ) ;
#1443 = FILL_AREA_STYLE ('',( #1858 ) ) ;
#1444 =( NAMED_UNIT ( * ) PLANE_ANGLE_UNIT ( ) SI_UNIT ( $, .RADIAN. ) );
#1445 = AXIS2_PLACEMENT_3D ( 'NONE', #698, #245, #208 ) ;
#1447 = PRESENTATION_STYLE_ASSIGNMENT (( #1724 ) ) ;
#1446 = LINE ( 'NONE', #544, #2068 ) ;
#1448 = AXIS2_PLACEMENT_3D ( 'NONE', #2801, #1911, #2831 ) ;
#1449 = ORIENTED_EDGE ( 'NONE', *, *, #1091, .T. ) ;
#1450 = VECTOR ( 'NONE', #1354, 1000.000000000000000 ) ;
#1451 = PRESENTATION_STYLE_ASSIGNMENT (( #520 ) ) ;
#1452 = ORIENTED_EDGE ( 'NONE', *, *, #2279, .F. ) ;
#1453 = FACE_OUTER_BOUND ( 'NONE', #2802, .T. ) ;
#1454 = CARTESIAN_POINT ( 'NONE',  ( -6.524999999999999467, 16.14932157995130879, 7.714969897748558125 ) ) ;
#1455 = DIRECTION ( 'NONE',  ( 0.000000000000000000, 0.000000000000000000, 1.000000000000000000 ) ) ;
#1456 = ORIENTED_EDGE ( 'NONE', *, *, #137, .T. ) ;
#1457 = FILL_AREA_STYLE ('',( #2413 ) ) ;
#1458 = ADVANCED_FACE ( 'NONE', ( #1363 ), #662, .F. ) ;
#1459 = UNCERTAINTY_MEASURE_WITH_UNIT (LENGTH_MEASURE( 1.000000000000000082E-05 ), #1463, 'distance_accuracy_value', 'NONE');
#1460 = LINE ( 'NONE', #1694, #2107 ) ;
#1461 =( LENGTH_UNIT ( ) NAMED_UNIT ( * ) SI_UNIT ( .MILLI., .METRE. ) );
#1463 =( LENGTH_UNIT ( ) NAMED_UNIT ( * ) SI_UNIT ( .MILLI., .METRE. ) );
#1462 = DIRECTION ( 'NONE',  ( 0.000000000000000000, 0.000000000000000000, -1.000000000000000000 ) ) ;
#1464 = VERTEX_POINT ( 'NONE', #2362 ) ;
#1465 = ORIENTED_EDGE ( 'NONE', *, *, #2517, .F. ) ;
#1466 =( LENGTH_UNIT ( ) NAMED_UNIT ( * ) SI_UNIT ( .MILLI., .METRE. ) );
#1467 = CARTESIAN_POINT ( 'NONE',  ( 0.000000000000000000, 26.15224969871037430, 5.381917280179719931 ) ) ;
#1468 = VERTEX_POINT ( 'NONE', #554 ) ;
#1469 = FILL_AREA_STYLE_COLOUR ( '', #2825 ) ;
#1470 = EDGE_CURVE ( 'NONE', #992, #1167, #1255, .T. ) ;
#1471 = CARTESIAN_POINT ( 'NONE',  ( 7.404099999999999682, 0.000000000000000000, 0.000000000000000000 ) ) ;
#1472 = PRESENTATION_LAYER_ASSIGNMENT (  '', '', ( #1096 ) ) ;
#1473 = VERTEX_POINT ( 'NONE', #1032 ) ;
#1474 = EDGE_CURVE ( 'NONE', #2509, #2870, #1001, .T. ) ;
#1475 = PLANE ( 'NONE',  #842 ) ;
#1476 = DIRECTION ( 'NONE',  ( 0.000000000000000000, 0.000000000000000000, 1.000000000000000000 ) ) ;
#1477 = ORIENTED_EDGE ( 'NONE', *, *, #577, .T. ) ;
#1478 = AXIS2_PLACEMENT_3D ( 'NONE', #1238, #101, #364 ) ;
#1479 =( LENGTH_UNIT ( ) NAMED_UNIT ( * ) SI_UNIT ( .MILLI., .METRE. ) );
#1480 = CARTESIAN_POINT ( 'NONE',  ( -7.414099999999999469, 32.32753054294656891, 14.83506833116842927 ) ) ;
#1481 = ORIENTED_EDGE ( 'NONE', *, *, #2782, .T. ) ;
#1482 = COLOUR_RGB ( '',0.3411764705882353033, 0.8392156862745098200, 0.4117647058823529216 ) ;
#1483 = LINE ( 'NONE', #1951, #2841 ) ;
#1484 = VECTOR ( 'NONE', #16, 1000.000000000000000 ) ;
#1485 =( NAMED_UNIT ( * ) SI_UNIT ( $, .STERADIAN. ) SOLID_ANGLE_UNIT ( ) );
#1486 = FACE_OUTER_BOUND ( 'NONE', #768, .T. ) ;
#1487 =( NAMED_UNIT ( * ) PLANE_ANGLE_UNIT ( ) SI_UNIT ( $, .RADIAN. ) );
#1488 =( GEOMETRIC_REPRESENTATION_CONTEXT ( 3 ) GLOBAL_UNCERTAINTY_ASSIGNED_CONTEXT ( ( #719 ) ) GLOBAL_UNIT_ASSIGNED_CONTEXT ( ( #2735, #1540, #2443 ) ) REPRESENTATION_CONTEXT ( 'NONE', 'WORKASPACE' ) );
#1489 = EDGE_CURVE ( 'NONE', #2917, #809, #1937, .T. ) ;
#1490 = ORIENTED_EDGE ( 'NONE', *, *, #2837, .T. ) ;
#1491 =( LENGTH_UNIT ( ) NAMED_UNIT ( * ) SI_UNIT ( .MILLI., .METRE. ) );
#1492 = VECTOR ( 'NONE', #550, 1000.000000000000000 ) ;
#1493 = DIRECTION ( 'NONE',  ( 1.000000000000000000, 0.000000000000000000, -1.246587554778148159E-16 ) ) ;
#1494 = EDGE_CURVE ( 'NONE', #2364, #715, #1970, .T. ) ;
#1495 = EDGE_LOOP ( 'NONE', ( #1791, #2618 ) ) ;
#1496 = VECTOR ( 'NONE', #2433, 1000.000000000000000 ) ;
#1497 =( NAMED_UNIT ( * ) SI_UNIT ( $, .STERADIAN. ) SOLID_ANGLE_UNIT ( ) );
#1498 = LINE ( 'NONE', #2421, #1429 ) ;
#1499 = ORIENTED_EDGE ( 'NONE', *, *, #2126, .F. ) ;
#1500 = DIRECTION ( 'NONE',  ( 1.000000000000000000, 0.000000000000000000, 0.000000000000000000 ) ) ;
#1501 = FACE_OUTER_BOUND ( 'NONE', #1320, .T. ) ;
#1502 = FILL_AREA_STYLE ('',( #371 ) ) ;
#1503 = VERTEX_POINT ( 'NONE', #2820 ) ;
#1504 = DIRECTION ( 'NONE',  ( 0.000000000000000000, -1.000000000000000000, -1.445024886692662264E-16 ) ) ;
#1505 = CARTESIAN_POINT ( 'NONE',  ( 0.000000000000000000, 26.15224969871037430, 5.381917280179719931 ) ) ;
#1506 = VERTEX_POINT ( 'NONE', #2609 ) ;
#1507 = ADVANCED_FACE ( 'NONE', ( #567 ), #495, .T. ) ;
#1508 = SURFACE_STYLE_USAGE ( .BOTH. , #2435 ) ;
#1509 = DIRECTION ( 'NONE',  ( -0.000000000000000000, -1.000000000000000000, -0.000000000000000000 ) ) ;
#1510 = EDGE_LOOP ( 'NONE', ( #26, #2109, #1095, #1411 ) ) ;
#1511 = DIRECTION ( 'NONE',  ( -0.000000000000000000, -0.000000000000000000, -1.000000000000000000 ) ) ;
#1512 = CARTESIAN_POINT ( 'NONE',  ( 1.923875957837599682, 36.69795410227509080, 7.214969897748558125 ) ) ;
#1513 = SURFACE_SIDE_STYLE ('',( #830 ) ) ;
#1514 =( NAMED_UNIT ( * ) SI_UNIT ( $, .STERADIAN. ) SOLID_ANGLE_UNIT ( ) );
#1515 = ORIENTED_EDGE ( 'NONE', *, *, #269, .F. ) ;
#1516 = DIRECTION ( 'NONE',  ( -0.000000000000000000, -1.000000000000000000, -0.000000000000000000 ) ) ;
#1517 = DIRECTION ( 'NONE',  ( -1.000000000000000000, 0.000000000000000000, -0.000000000000000000 ) ) ;
#1518 = ORIENTED_EDGE ( 'NONE', *, *, #1109, .T. ) ;
#1519 = COLOUR_RGB ( '',1.000000000000000000, 1.000000000000000000, 1.000000000000000000 ) ;
#1520 = PRESENTATION_STYLE_ASSIGNMENT (( #2463 ) ) ;
#1521 = EDGE_CURVE ( 'NONE', #2101, #2434, #1375, .T. ) ;
#1522 = CARTESIAN_POINT ( 'NONE',  ( 1.860000000000000098, 46.02901423290583693, 3.756396417407844357 ) ) ;
#1523 = AXIS2_PLACEMENT_3D ( 'NONE', #1467, #1016, #2855 ) ;
#1524 = DIRECTION ( 'NONE',  ( 0.000000000000000000, 1.000000000000000000, 0.000000000000000000 ) ) ;
#1525 = PRESENTATION_STYLE_ASSIGNMENT (( #631 ) ) ;
#1526 = ORIENTED_EDGE ( 'NONE', *, *, #1177, .T. ) ;
#1527 = AXIS2_PLACEMENT_3D ( 'NONE', #1599, #484, #1766 ) ;
#1528 = AXIS2_PLACEMENT_3D ( 'NONE', #2292, #938, #1179 ) ;
#1529 = CARTESIAN_POINT ( 'NONE',  ( 1.411121260839063236E-16, 46.02901423290583693, 6.534185233536998538 ) ) ;
#1530 = VECTOR ( 'NONE', #1139, 1000.000000000000000 ) ;
#1531 = VERTEX_POINT ( 'NONE', #251 ) ;
#1532 = PRESENTATION_LAYER_ASSIGNMENT (  '', '', ( #596 ) ) ;
#1533 = LINE ( 'NONE', #401, #1681 ) ;
#1534 =( GEOMETRIC_REPRESENTATION_CONTEXT ( 3 ) GLOBAL_UNCERTAINTY_ASSIGNED_CONTEXT ( ( #995 ) ) GLOBAL_UNIT_ASSIGNED_CONTEXT ( ( #2072, #490, #1357 ) ) REPRESENTATION_CONTEXT ( 'NONE', 'WORKASPACE' ) );
#1535 = VECTOR ( 'NONE', #1122, 1000.000000000000000 ) ;
#1536 = ORIENTED_EDGE ( 'NONE', *, *, #335, .T. ) ;
#1537 = VERTEX_POINT ( 'NONE', #703 ) ;
#1538 = SURFACE_STYLE_USAGE ( .BOTH. , #1360 ) ;
#1539 = FILL_AREA_STYLE_COLOUR ( '', #791 ) ;
#1540 =( NAMED_UNIT ( * ) PLANE_ANGLE_UNIT ( ) SI_UNIT ( $, .RADIAN. ) );
#1541 = EDGE_CURVE ( 'NONE', #162, #2013, #1153, .T. ) ;
#1542 = SURFACE_STYLE_USAGE ( .BOTH. , #1330 ) ;
#1544 = SURFACE_STYLE_USAGE ( .BOTH. , #2939 ) ;
#1543 = PLANE ( 'NONE',  #746 ) ;
#1545 = EDGE_LOOP ( 'NONE', ( #505, #2898, #2262, #623 ) ) ;
#1546 = CARTESIAN_POINT ( 'NONE',  ( 5.500000000000000888, 9.904921579951311728, -4.289830102251444011 ) ) ;
#1547 = DIRECTION ( 'NONE',  ( -4.456370296023766298E-17, 0.000000000000000000, -1.000000000000000000 ) ) ;
#1548 = ORIENTED_EDGE ( 'NONE', *, *, #1804, .F. ) ;
#1549 = ADVANCED_FACE ( 'NONE', ( #29 ), #942, .F. ) ;
#1550 = SURFACE_STYLE_FILL_AREA ( #1296 ) ;
#1551 = ORIENTED_EDGE ( 'NONE', *, *, #1936, .F. ) ;
#1552 =( LENGTH_UNIT ( ) NAMED_UNIT ( * ) SI_UNIT ( .MILLI., .METRE. ) );
#1553 = FILL_AREA_STYLE_COLOUR ( '', #1151 ) ;
#1554 = ORIENTED_EDGE ( 'NONE', *, *, #1650, .T. ) ;
#1555 = ADVANCED_FACE ( 'NONE', ( #1210 ), #774, .F. ) ;
#1556 = FACE_OUTER_BOUND ( 'NONE', #1178, .T. ) ;
#1557 = LINE ( 'NONE', #2473, #2544 ) ;
#1558 = EDGE_LOOP ( 'NONE', ( #1548, #817 ) ) ;
#1559 = EDGE_CURVE ( 'NONE', #1468, #2471, #1533, .T. ) ;
#1560 = DIRECTION ( 'NONE',  ( 0.000000000000000000, 0.000000000000000000, -1.000000000000000000 ) ) ;
#1561 = CARTESIAN_POINT ( 'NONE',  ( 0.000000000000000000, 26.15224969871037430, 5.381917280179719931 ) ) ;
#1562 = VECTOR ( 'NONE', #801, 1000.000000000000000 ) ;
#1563 = EDGE_CURVE ( 'NONE', #1771, #1833, #315, .T. ) ;
#1564 = PLANE ( 'NONE',  #1773 ) ;
#1565 = CIRCLE ( 'NONE', #1058, 2.222231052903322901 ) ;
#1566 =( NAMED_UNIT ( * ) SI_UNIT ( $, .STERADIAN. ) SOLID_ANGLE_UNIT ( ) );
#1567 = PRESENTATION_STYLE_ASSIGNMENT (( #1113 ) ) ;
#1568 = UNCERTAINTY_MEASURE_WITH_UNIT (LENGTH_MEASURE( 1.000000000000000082E-05 ), #2035, 'distance_accuracy_value', 'NONE');
#1569 =( GEOMETRIC_REPRESENTATION_CONTEXT ( 3 ) GLOBAL_UNCERTAINTY_ASSIGNED_CONTEXT ( ( #957 ) ) GLOBAL_UNIT_ASSIGNED_CONTEXT ( ( #2438, #2222, #404 ) ) REPRESENTATION_CONTEXT ( 'NONE', 'WORKASPACE' ) );
#1570 = LINE ( 'NONE', #1115, #1437 ) ;
#1571 = CARTESIAN_POINT ( 'NONE',  ( 7.404099999999999682, 25.38192949279104127, 0.000000000000000000 ) ) ;
#1572 = PRESENTATION_STYLE_ASSIGNMENT (( #1802 ) ) ;
#1573 = PRESENTATION_LAYER_ASSIGNMENT (  '', '', ( #305 ) ) ;
#1574 = VERTEX_POINT ( 'NONE', #1774 ) ;
#1575 = VECTOR ( 'NONE', #93, 1000.000000000000000 ) ;
#1576 =( GEOMETRIC_REPRESENTATION_CONTEXT ( 3 ) GLOBAL_UNCERTAINTY_ASSIGNED_CONTEXT ( ( #239 ) ) GLOBAL_UNIT_ASSIGNED_CONTEXT ( ( #1009, #2403, #1741 ) ) REPRESENTATION_CONTEXT ( 'NONE', 'WORKASPACE' ) );
#1577 = ADVANCED_FACE ( 'NONE', ( #1732 ), #1948, .F. ) ;
#1578 = ORIENTED_EDGE ( 'NONE', *, *, #1376, .F. ) ;
#1579 = AXIS2_PLACEMENT_3D ( 'NONE', #1901, #2135, #796 ) ;
#1580 = VECTOR ( 'NONE', #704, 1000.000000000000000 ) ;
#1581 = ORIENTED_EDGE ( 'NONE', *, *, #2253, .T. ) ;
#1582 = COLOUR_RGB ( '',0.3411764705882353033, 0.8392156862745098200, 0.4117647058823529216 ) ;
#1583 = PRESENTATION_LAYER_ASSIGNMENT (  '', '', ( #316 ) ) ;
#1584 = DIRECTION ( 'NONE',  ( 0.000000000000000000, 0.000000000000000000, -1.000000000000000000 ) ) ;
#1585 = VECTOR ( 'NONE', #1476, 1000.000000000000000 ) ;
#1586 = SURFACE_STYLE_FILL_AREA ( #923 ) ;
#1587 = CARTESIAN_POINT ( 'NONE',  ( 0.000000000000000000, 41.83146668853288475, 5.381917280179719931 ) ) ;
#1588 = CARTESIAN_POINT ( 'NONE',  ( 4.499999999999999112, 9.904921579951309951, 0.000000000000000000 ) ) ;
#1589 = VERTEX_POINT ( 'NONE', #823 ) ;
#1590 = LINE ( 'NONE', #1131, #2448 ) ;
#1591 = VERTEX_POINT ( 'NONE', #2208 ) ;
#1592 =( LENGTH_UNIT ( ) NAMED_UNIT ( * ) SI_UNIT ( .MILLI., .METRE. ) );
#1593 = EDGE_CURVE ( 'NONE', #1692, #992, #2494, .T. ) ;
#1594 = DIRECTION ( 'NONE',  ( 0.000000000000000000, -1.000000000000000000, -0.000000000000000000 ) ) ;
#1595 = FILL_AREA_STYLE_COLOUR ( '', #2545 ) ;
#1596 = DIRECTION ( 'NONE',  ( -1.000000000000000000, 0.000000000000000000, 0.000000000000000000 ) ) ;
#1597 = CARTESIAN_POINT ( 'NONE',  ( 7.404099999999999682, 3.660521579951309334, 0.000000000000000000 ) ) ;
#1598 = UNCERTAINTY_MEASURE_WITH_UNIT (LENGTH_MEASURE( 1.000000000000000082E-05 ), #2748, 'distance_accuracy_value', 'NONE');
#1599 = CARTESIAN_POINT ( 'NONE',  ( 0.000000000000000000, 42.94258221498455441, 5.381917280179719931 ) ) ;
#1600 = DIRECTION ( 'NONE',  ( 1.000000000000000000, -0.000000000000000000, -0.000000000000000000 ) ) ;
#1602 = DIRECTION ( 'NONE',  ( -0.000000000000000000, -1.000000000000000000, -0.000000000000000000 ) ) ;
#1601 = SURFACE_STYLE_USAGE ( .BOTH. , #2245 ) ;
#1603 = ORIENTED_EDGE ( 'NONE', *, *, #1875, .F. ) ;
#1604 = CARTESIAN_POINT ( 'NONE',  ( 3.696378337327010044, 32.32753054294656891, 7.214969897748558125 ) ) ;
#1605 = ORIENTED_EDGE ( 'NONE', *, *, #1897, .F. ) ;
#1606 = SURFACE_STYLE_USAGE ( .BOTH. , #711 ) ;
#1607 =( NAMED_UNIT ( * ) PLANE_ANGLE_UNIT ( ) SI_UNIT ( $, .RADIAN. ) );
#1608 = ADVANCED_FACE ( 'NONE', ( #2683 ), #1081, .T. ) ;
#1609 = AXIS2_PLACEMENT_3D ( 'NONE', #2549, #2565, #779 ) ;
#1610 = ORIENTED_EDGE ( 'NONE', *, *, #1789, .F. ) ;
#1611 = AXIS2_PLACEMENT_3D ( 'NONE', #1302, #2211, #187 ) ;
#1612 = PRESENTATION_STYLE_ASSIGNMENT (( #1237 ) ) ;
#1613 = CARTESIAN_POINT ( 'NONE',  ( 6.025000000000000355, 16.64932157995131234, 7.714969897748558125 ) ) ;
#1614 = CARTESIAN_POINT ( 'NONE',  ( -3.696378337327010044, 46.69741199371047458, 0.4817457909815919814 ) ) ;
#1615 = PRESENTATION_STYLE_ASSIGNMENT (( #2280 ) ) ;
#1616 =( NAMED_UNIT ( * ) SI_UNIT ( $, .STERADIAN. ) SOLID_ANGLE_UNIT ( ) );
#1617 = ORIENTED_EDGE ( 'NONE', *, *, #2700, .T. ) ;
#1618 = PRESENTATION_STYLE_ASSIGNMENT (( #1835 ) ) ;
#1619 = AXIS2_PLACEMENT_3D ( 'NONE', #343, #1236, #2341 ) ;
#1620 = VERTEX_POINT ( 'NONE', #166 ) ;
#1621 = CIRCLE ( 'NONE', #2737, 0.5000000000000022204 ) ;
#1622 = DIRECTION ( 'NONE',  ( 0.000000000000000000, 0.000000000000000000, -1.000000000000000000 ) ) ;
#1623 = CARTESIAN_POINT ( 'NONE',  ( -1.859999999999999654, 46.02901423290583693, 7.007438142951594173 ) ) ;
#1624 = MECHANICAL_DESIGN_GEOMETRIC_PRESENTATION_REPRESENTATION (  '', ( #2537 ), #883 ) ;
#1625 = STYLED_ITEM ( 'NONE', ( #1525 ), #419 ) ;
#1626 = VERTEX_POINT ( 'NONE', #1070 ) ;
#1627 = AXIS2_PLACEMENT_3D ( 'NONE', #1136, #994, #2047 ) ;
#1628 = DIRECTION ( 'NONE',  ( 7.225124433463308856E-17, 1.445024886692661771E-16, -1.000000000000000000 ) ) ;
#1629 = UNCERTAINTY_MEASURE_WITH_UNIT (LENGTH_MEASURE( 1.000000000000000082E-05 ), #159, 'distance_accuracy_value', 'NONE');
#1630 = VECTOR ( 'NONE', #1425, 1000.000000000000000 ) ;
#1631 = EDGE_CURVE ( 'NONE', #937, #2866, #853, .T. ) ;
#1632 = CARTESIAN_POINT ( 'NONE',  ( -4.708463619067515538, 19.51911344926934788, 8.214969897748558125 ) ) ;
#1633 = FACE_BOUND ( 'NONE', #2221, .T. ) ;
#1635 = FILL_AREA_STYLE ('',( #1881 ) ) ;
#1634 = CARTESIAN_POINT ( 'NONE',  ( 1.923875957837599460, 48.03483042909734024, 2.439940086393481700 ) ) ;
#1636 = EDGE_LOOP ( 'NONE', ( #1988, #2431, #319, #442 ) ) ;
#1637 = DIRECTION ( 'NONE',  ( 0.000000000000000000, 0.000000000000000000, -1.000000000000000000 ) ) ;
#1638 = ADVANCED_FACE ( 'NONE', ( #2249 ), #224, .T. ) ;
#1639 = VERTEX_POINT ( 'NONE', #39 ) ;
#1640 = SURFACE_SIDE_STYLE ('',( #969 ) ) ;
#1641 = FACE_OUTER_BOUND ( 'NONE', #2003, .T. ) ;
#1642 = ORIENTED_EDGE ( 'NONE', *, *, #1124, .T. ) ;
#1643 = FILL_AREA_STYLE_COLOUR ( '', #434 ) ;
#1644 = DIRECTION ( 'NONE',  ( -0.000000000000000000, -1.000000000000000000, -0.000000000000000000 ) ) ;
#1646 = CARTESIAN_POINT ( 'NONE',  ( 3.696378337327010044, 46.69741199371047458, 0.4817457909815910377 ) ) ;
#1645 = CARTESIAN_POINT ( 'NONE',  ( 3.696378337327010044, 36.69795410227509080, 0.4817457909815910377 ) ) ;
#1647 = VERTEX_POINT ( 'NONE', #2057 ) ;
#1648 =( NAMED_UNIT ( * ) SI_UNIT ( $, .STERADIAN. ) SOLID_ANGLE_UNIT ( ) );
#1649 =( NAMED_UNIT ( * ) SI_UNIT ( $, .STERADIAN. ) SOLID_ANGLE_UNIT ( ) );
#1650 = EDGE_CURVE ( 'NONE', #2684, #1589, #1590, .T. ) ;
#1651 = ORIENTED_EDGE ( 'NONE', *, *, #1494, .F. ) ;
#1652 = LINE ( 'NONE', #762, #1959 ) ;
#1653 = ORIENTED_EDGE ( 'NONE', *, *, #2174, .F. ) ;
#1654 = ADVANCED_FACE ( 'NONE', ( #2508 ), #1369, .T. ) ;
#1655 =( NAMED_UNIT ( * ) PLANE_ANGLE_UNIT ( ) SI_UNIT ( $, .RADIAN. ) );
#1656 = SURFACE_STYLE_FILL_AREA ( #2612 ) ;
#1657 = PLANE ( 'NONE',  #1065 ) ;
#1658 = LINE ( 'NONE', #307, #2474 ) ;
#1660 =( LENGTH_UNIT ( ) NAMED_UNIT ( * ) SI_UNIT ( .MILLI., .METRE. ) );
#1659 = CARTESIAN_POINT ( 'NONE',  ( 3.696378337327010044, 32.32753054294656891, 0.4817457909815910377 ) ) ;
#1661 = ORIENTED_EDGE ( 'NONE', *, *, #1271, .T. ) ;
#1662 = FILL_AREA_STYLE_COLOUR ( '', #1146 ) ;
#1663 = DIRECTION ( 'NONE',  ( -0.000000000000000000, -1.000000000000000000, -0.000000000000000000 ) ) ;
#1664 = EDGE_LOOP ( 'NONE', ( #2521, #1477, #657, #2219 ) ) ;
#1665 = LINE ( 'NONE', #2151, #2393 ) ;
#1666 = ADVANCED_BREP_SHAPE_REPRESENTATION ( 'NE182UEEP6AMP', ( #399, #1436, #1254 ), #2294 ) ;
#1667 = EDGE_CURVE ( 'NONE', #2462, #464, #2940, .T. ) ;
#1668 = FILL_AREA_STYLE_COLOUR ( '', #879 ) ;
#1669 = SURFACE_SIDE_STYLE ('',( #841 ) ) ;
#1670 =( GEOMETRIC_REPRESENTATION_CONTEXT ( 3 ) GLOBAL_UNCERTAINTY_ASSIGNED_CONTEXT ( ( #1598 ) ) GLOBAL_UNIT_ASSIGNED_CONTEXT ( ( #2748, #908, #2500 ) ) REPRESENTATION_CONTEXT ( 'NONE', 'WORKASPACE' ) );
#1671 =( GEOMETRIC_REPRESENTATION_CONTEXT ( 3 ) GLOBAL_UNCERTAINTY_ASSIGNED_CONTEXT ( ( #925 ) ) GLOBAL_UNIT_ASSIGNED_CONTEXT ( ( #1592, #72, #2746 ) ) REPRESENTATION_CONTEXT ( 'NONE', 'WORKASPACE' ) );
#1672 = ORIENTED_EDGE ( 'NONE', *, *, #2849, .T. ) ;
#1673 = EDGE_CURVE ( 'NONE', #1220, #1415, #2538, .T. ) ;
#1674 = CIRCLE ( 'NONE', #2055, 0.5000000000000022204 ) ;
#1675 = COLOUR_RGB ( '',1.000000000000000000, 1.000000000000000000, 1.000000000000000000 ) ;
#1676 = PRESENTATION_STYLE_ASSIGNMENT (( #560 ) ) ;
#1677 = PRESENTATION_LAYER_ASSIGNMENT (  '', '', ( #642 ) ) ;
#1678 = STYLED_ITEM ( 'NONE', ( #572 ), #609 ) ;
#1679 = DIRECTION ( 'NONE',  ( -0.000000000000000000, -1.000000000000000000, -0.000000000000000000 ) ) ;
#1680 = PRESENTATION_STYLE_ASSIGNMENT (( #2299 ) ) ;
#1681 = VECTOR ( 'NONE', #655, 1000.000000000000000 ) ;
#1683 = DIRECTION ( 'NONE',  ( -3.132145384741711618E-32, -1.000000000000000000, 0.000000000000000000 ) ) ;
#1682 = CARTESIAN_POINT ( 'NONE',  ( 7.404099999999999682, 0.000000000000000000, 0.000000000000000000 ) ) ;
#1684 = CIRCLE ( 'NONE', #1448, 0.5000000000000022204 ) ;
#1685 = VERTEX_POINT ( 'NONE', #1604 ) ;
#1686 = DIRECTION ( 'NONE',  ( 0.000000000000000000, -1.000000000000000000, -2.890049773385324529E-16 ) ) ;
#1687 = SURFACE_STYLE_FILL_AREA ( #1866 ) ;
#1688 = ORIENTED_EDGE ( 'NONE', *, *, #944, .F. ) ;
#1689 = DIRECTION ( 'NONE',  ( 0.000000000000000000, 0.000000000000000000, 1.000000000000000000 ) ) ;
#1690 = CARTESIAN_POINT ( 'NONE',  ( -3.696378337327010044, 32.32753054294656891, 0.4817457909815919814 ) ) ;
#1691 = EDGE_CURVE ( 'NONE', #1473, #2476, #1382, .T. ) ;
#1692 = VERTEX_POINT ( 'NONE', #1106 ) ;
#1693 = FACE_OUTER_BOUND ( 'NONE', #66, .T. ) ;
#1694 = CARTESIAN_POINT ( 'NONE',  ( 1.923875957837599682, 36.69795410227509080, 7.305793238017319169 ) ) ;
#1696 = SURFACE_STYLE_FILL_AREA ( #574 ) ;
#1695 = DIRECTION ( 'NONE',  ( 0.000000000000000000, 0.000000000000000000, -1.000000000000000000 ) ) ;
#1697 = ORIENTED_EDGE ( 'NONE', *, *, #2595, .F. ) ;
#1698 = CARTESIAN_POINT ( 'NONE',  ( -1.923875957837599460, 48.03483042909734024, 7.305793238017319169 ) ) ;
#1699 = ORIENTED_EDGE ( 'NONE', *, *, #2685, .T. ) ;
#1700 = DIRECTION ( 'NONE',  ( 0.000000000000000000, 0.000000000000000000, -1.000000000000000000 ) ) ;
#1701 = SURFACE_SIDE_STYLE ('',( #2854 ) ) ;
#1702 = LINE ( 'NONE', #120, #2333 ) ;
#1703 = DIRECTION ( 'NONE',  ( 0.000000000000000000, -1.000000000000000000, 0.000000000000000000 ) ) ;
#1704 = ORIENTED_EDGE ( 'NONE', *, *, #1395, .T. ) ;
#1705 = EDGE_CURVE ( 'NONE', #2471, #1537, #267, .T. ) ;
#1706 = SURFACE_SIDE_STYLE ('',( #1656 ) ) ;
#1707 = PLANE ( 'NONE',  #2491 ) ;
#1708 = EDGE_CURVE ( 'NONE', #1589, #46, #48, .T. ) ;
#1709 = AXIS2_PLACEMENT_3D ( 'NONE', #2046, #2711, #423 ) ;
#1710 = ORIENTED_EDGE ( 'NONE', *, *, #1837, .F. ) ;
#1711 =( NAMED_UNIT ( * ) SI_UNIT ( $, .STERADIAN. ) SOLID_ANGLE_UNIT ( ) );
#1712 = MECHANICAL_DESIGN_GEOMETRIC_PRESENTATION_REPRESENTATION (  '', ( #296 ), #1137 ) ;
#1713 = CARTESIAN_POINT ( 'NONE',  ( -3.696378337327010044, 46.69741199371047458, 0.4817457909815919814 ) ) ;
#1714 = ORIENTED_EDGE ( 'NONE', *, *, #38, .F. ) ;
#1715 = CARTESIAN_POINT ( 'NONE',  ( 0.000000000000000000, 36.69795410227509080, 7.214969897748558125 ) ) ;
#1716 = CARTESIAN_POINT ( 'NONE',  ( 3.696378337327010044, 36.69795410227509080, 0.4817457909815910377 ) ) ;
#1717 = DIRECTION ( 'NONE',  ( -0.000000000000000000, -1.000000000000000000, -0.000000000000000000 ) ) ;
#1718 = ORIENTED_EDGE ( 'NONE', *, *, #450, .F. ) ;
#1719 = LINE ( 'NONE', #2647, #2383 ) ;
#1720 =( NAMED_UNIT ( * ) SI_UNIT ( $, .STERADIAN. ) SOLID_ANGLE_UNIT ( ) );
#1721 = VECTOR ( 'NONE', #1996, 1000.000000000000000 ) ;
#1722 = STYLED_ITEM ( 'NONE', ( #2356 ), #354 ) ;
#1723 = FILL_AREA_STYLE ('',( #1740 ) ) ;
#1724 = SURFACE_STYLE_USAGE ( .BOTH. , #2617 ) ;
#1725 = COLOUR_RGB ( '',0.3411764705882353033, 0.8392156862745098200, 0.4117647058823529216 ) ;
#1726 = ORIENTED_EDGE ( 'NONE', *, *, #2551, .T. ) ;
#1727 = CARTESIAN_POINT ( 'NONE',  ( 2.721448145903907211E-16, 42.94258221498455441, 7.604148333083042388 ) ) ;
#1728 = VECTOR ( 'NONE', #987, 1000.000000000000000 ) ;
#1729 = LINE ( 'NONE', #1311, #602 ) ;
#1730 = VERTEX_POINT ( 'NONE', #341 ) ;
#1731 = VECTOR ( 'NONE', #1547, 1000.000000000000000 ) ;
#1732 = FACE_OUTER_BOUND ( 'NONE', #1431, .T. ) ;
#1733 = CYLINDRICAL_SURFACE ( 'NONE', #1523, 3.580261140788687513 ) ;
#1734 = VERTEX_POINT ( 'NONE', #999 ) ;
#1735 =( GEOMETRIC_REPRESENTATION_CONTEXT ( 3 ) GLOBAL_UNCERTAINTY_ASSIGNED_CONTEXT ( ( #2730 ) ) GLOBAL_UNIT_ASSIGNED_CONTEXT ( ( #2532, #2954, #931 ) ) REPRESENTATION_CONTEXT ( 'NONE', 'WORKASPACE' ) );
#1736 = EDGE_CURVE ( 'NONE', #2133, #1403, #1234, .T. ) ;
#1737 = CYLINDRICAL_SURFACE ( 'NONE', #2043, 0.5000000000000022204 ) ;
#1738 = PRESENTATION_STYLE_ASSIGNMENT (( #452 ) ) ;
#1739 = DIRECTION ( 'NONE',  ( 0.000000000000000000, 0.000000000000000000, -1.000000000000000000 ) ) ;
#1740 = FILL_AREA_STYLE_COLOUR ( '', #2727 ) ;
#1741 =( NAMED_UNIT ( * ) SI_UNIT ( $, .STERADIAN. ) SOLID_ANGLE_UNIT ( ) );
#1742 = ORIENTED_EDGE ( 'NONE', *, *, #1875, .T. ) ;
#1743 = LINE ( 'NONE', #2900, #1825 ) ;
#1744 = EDGE_CURVE ( 'NONE', #395, #1464, #1898, .T. ) ;
#1745 = ORIENTED_EDGE ( 'NONE', *, *, #286, .T. ) ;
#1746 = CARTESIAN_POINT ( 'NONE',  ( 7.404099999999999682, 0.000000000000000000, 8.214969897748558125 ) ) ;
#1747 = ADVANCED_FACE ( 'NONE', ( #2606 ), #112, .T. ) ;
#1748 = LINE ( 'NONE', #2436, #778 ) ;
#1749 = ORIENTED_EDGE ( 'NONE', *, *, #2145, .F. ) ;
#1750 = DIRECTION ( 'NONE',  ( -0.000000000000000000, -1.000000000000000000, -1.445024886692662264E-16 ) ) ;
#1751 = DIRECTION ( 'NONE',  ( -1.000000000000000000, 0.000000000000000000, 0.000000000000000000 ) ) ;
#1752 = DIRECTION ( 'NONE',  ( 1.000000000000000000, 0.000000000000000000, 0.000000000000000000 ) ) ;
#1753 = SURFACE_SIDE_STYLE ('',( #1782 ) ) ;
#1754 = ORIENTED_EDGE ( 'NONE', *, *, #1834, .F. ) ;
#1755 =( NAMED_UNIT ( * ) SI_UNIT ( $, .STERADIAN. ) SOLID_ANGLE_UNIT ( ) );
#1756 = CYLINDRICAL_SURFACE ( 'NONE', #2698, 1.152267953357278829 ) ;
#1757 = STYLED_ITEM ( 'NONE', ( #1680 ), #2190 ) ;
#1758 = ORIENTED_EDGE ( 'NONE', *, *, #952, .F. ) ;
#1759 = EDGE_LOOP ( 'NONE', ( #473, #672, #1129, #2357 ) ) ;
#1760 = CARTESIAN_POINT ( 'NONE',  ( 0.000000000000000000, 45.02077977371821760, 3.756396417407844801 ) ) ;
#1761 = EDGE_CURVE ( 'NONE', #1882, #1503, #738, .T. ) ;
#1762 =( NAMED_UNIT ( * ) SI_UNIT ( $, .STERADIAN. ) SOLID_ANGLE_UNIT ( ) );
#1763 =( NAMED_UNIT ( * ) PLANE_ANGLE_UNIT ( ) SI_UNIT ( $, .RADIAN. ) );
#1764 = SURFACE_STYLE_FILL_AREA ( #2007 ) ;
#1765 = ORIENTED_EDGE ( 'NONE', *, *, #2916, .T. ) ;
#1766 = DIRECTION ( 'NONE',  ( 0.000000000000000000, 0.000000000000000000, -1.000000000000000000 ) ) ;
#1767 = DIRECTION ( 'NONE',  ( 0.000000000000000000, 0.000000000000000000, -1.000000000000000000 ) ) ;
#1768 = VECTOR ( 'NONE', #100, 1000.000000000000000 ) ;
#1769 = EDGE_CURVE ( 'NONE', #1057, #1345, #2305, .T. ) ;
#1770 = STYLED_ITEM ( 'NONE', ( #2486 ), #417 ) ;
#1771 = VERTEX_POINT ( 'NONE', #2103 ) ;
#1772 =( GEOMETRIC_REPRESENTATION_CONTEXT ( 3 ) GLOBAL_UNCERTAINTY_ASSIGNED_CONTEXT ( ( #2257 ) ) GLOBAL_UNIT_ASSIGNED_CONTEXT ( ( #2768, #2716, #1818 ) ) REPRESENTATION_CONTEXT ( 'NONE', 'WORKASPACE' ) );
#1773 = AXIS2_PLACEMENT_3D ( 'NONE', #25, #713, #2563 ) ;
#1774 = CARTESIAN_POINT ( 'NONE',  ( 0.000000000000000000, 46.02901423290583693, 4.229649326822441324 ) ) ;
#1775 = VECTOR ( 'NONE', #2259, 1000.000000000000000 ) ;
#1776 = VECTOR ( 'NONE', #533, 1000.000000000000000 ) ;
#1777 = EDGE_LOOP ( 'NONE', ( #2661, #1672, #2745, #2941 ) ) ;
#1778 = CARTESIAN_POINT ( 'NONE',  ( 0.6253333355503509772, 26.15224969871037430, 8.214969897748558125 ) ) ;
#1779 = AXIS2_PLACEMENT_3D ( 'NONE', #1861, #1173, #2798 ) ;
#1780 = DIRECTION ( 'NONE',  ( -0.000000000000000000, -1.000000000000000000, -0.000000000000000000 ) ) ;
#1781 = SURFACE_STYLE_FILL_AREA ( #869 ) ;
#1782 = SURFACE_STYLE_FILL_AREA ( #202 ) ;
#1783 = ADVANCED_FACE ( 'NONE', ( #2789 ), #1207, .F. ) ;
#1784 = UNCERTAINTY_MEASURE_WITH_UNIT (LENGTH_MEASURE( 1.000000000000000082E-05 ), #607, 'distance_accuracy_value', 'NONE');
#1785 = VERTEX_POINT ( 'NONE', #2167 ) ;
#1786 = DIRECTION ( 'NONE',  ( 0.000000000000000000, 0.000000000000000000, -1.000000000000000000 ) ) ;
#1787 = CARTESIAN_POINT ( 'NONE',  ( -3.696378337327010044, 25.38192949279104127, 0.4817457909815919814 ) ) ;
#1788 = ORIENTED_EDGE ( 'NONE', *, *, #360, .F. ) ;
#1789 = EDGE_CURVE ( 'NONE', #2765, #1537, #1986, .T. ) ;
#1790 = SURFACE_STYLE_FILL_AREA ( #671 ) ;
#1791 = ORIENTED_EDGE ( 'NONE', *, *, #482, .T. ) ;
#1792 = FACE_OUTER_BOUND ( 'NONE', #820, .T. ) ;
#1793 = FACE_OUTER_BOUND ( 'NONE', #634, .T. ) ;
#1794 = DIRECTION ( 'NONE',  ( -1.000000000000000000, -0.000000000000000000, -0.000000000000000000 ) ) ;
#1795 = APPLICATION_CONTEXT ( 'automotive_design' ) ;
#1796 = ADVANCED_FACE ( 'NONE', ( #2390 ), #1756, .T. ) ;
#1797 = CARTESIAN_POINT ( 'NONE',  ( -4.499999999999999112, 9.904921579951311728, -1.734723475976807094E-15 ) ) ;
#1798 = CARTESIAN_POINT ( 'NONE',  ( -6.025000000000000355, 15.64932157995131057, 0.000000000000000000 ) ) ;
#1799 = EDGE_CURVE ( 'NONE', #2638, #1415, #1743, .T. ) ;
#1800 = CARTESIAN_POINT ( 'NONE',  ( 6.025000000000000355, 4.660521579951312887, 0.000000000000000000 ) ) ;
#1801 = CARTESIAN_POINT ( 'NONE',  ( -6.524999999999999467, 4.160521579951309334, -4.789830102251444899 ) ) ;
#1802 = SURFACE_STYLE_USAGE ( .BOTH. , #2670 ) ;
#1803 = ORIENTED_EDGE ( 'NONE', *, *, #1563, .T. ) ;
#1804 = EDGE_CURVE ( 'NONE', #464, #2462, #845, .T. ) ;
#1805 = FILL_AREA_STYLE ('',( #1164 ) ) ;
#1806 = ORIENTED_EDGE ( 'NONE', *, *, #1362, .F. ) ;
#1807 = SURFACE_SIDE_STYLE ('',( #2672 ) ) ;
#1808 = MECHANICAL_DESIGN_GEOMETRIC_PRESENTATION_REPRESENTATION (  '', ( #2091 ), #1326 ) ;
#1809 = FILL_AREA_STYLE ('',( #659 ) ) ;
#1810 = FACE_OUTER_BOUND ( 'NONE', #474, .T. ) ;
#1811 = LINE ( 'NONE', #2722, #881 ) ;
#1812 = UNCERTAINTY_MEASURE_WITH_UNIT (LENGTH_MEASURE( 1.000000000000000082E-05 ), #761, 'distance_accuracy_value', 'NONE');
#1813 = PRESENTATION_LAYER_ASSIGNMENT (  '', '', ( #2484 ) ) ;
#1814 = DIRECTION ( 'NONE',  ( 0.000000000000000000, 0.000000000000000000, -1.000000000000000000 ) ) ;
#1815 = DIRECTION ( 'NONE',  ( 0.000000000000000000, 0.000000000000000000, -1.000000000000000000 ) ) ;
#1816 = ORIENTED_EDGE ( 'NONE', *, *, #1708, .T. ) ;
#1817 = MECHANICAL_DESIGN_GEOMETRIC_PRESENTATION_REPRESENTATION (  '', ( #1722 ), #2396 ) ;
#1818 =( NAMED_UNIT ( * ) SI_UNIT ( $, .STERADIAN. ) SOLID_ANGLE_UNIT ( ) );
#1819 = ORIENTED_EDGE ( 'NONE', *, *, #1376, .T. ) ;
#1820 = MECHANICAL_DESIGN_GEOMETRIC_PRESENTATION_REPRESENTATION (  '', ( #170 ), #117 ) ;
#1821 =( GEOMETRIC_REPRESENTATION_CONTEXT ( 3 ) GLOBAL_UNCERTAINTY_ASSIGNED_CONTEXT ( ( #2566 ) ) GLOBAL_UNIT_ASSIGNED_CONTEXT ( ( #663, #1331, #2297 ) ) REPRESENTATION_CONTEXT ( 'NONE', 'WORKASPACE' ) );
#1822 = PRESENTATION_LAYER_ASSIGNMENT (  '', '', ( #1298 ) ) ;
#1823 = CIRCLE ( 'NONE', #2844, 1.152267953357278829 ) ;
#1824 = PLANE ( 'NONE',  #2895 ) ;
#1825 = VECTOR ( 'NONE', #2450, 1000.000000000000000 ) ;
#1826 = DIRECTION ( 'NONE',  ( -0.000000000000000000, -1.000000000000000000, -0.000000000000000000 ) ) ;
#1827 = DIRECTION ( 'NONE',  ( 0.000000000000000000, 0.000000000000000000, -1.000000000000000000 ) ) ;
#1828 = LINE ( 'NONE', #2010, #1484 ) ;
#1829 = VECTOR ( 'NONE', #2568, 1000.000000000000000 ) ;
#1830 = CARTESIAN_POINT ( 'NONE',  ( 6.524999999999999467, 3.660521579951307558, -4.289830102251443122 ) ) ;
#1832 = DIRECTION ( 'NONE',  ( 0.000000000000000000, 1.000000000000000000, -0.000000000000000000 ) ) ;
#1831 = PLANE ( 'NONE',  #79 ) ;
#1833 = VERTEX_POINT ( 'NONE', #2912 ) ;
#1834 = EDGE_CURVE ( 'NONE', #2206, #1896, #376, .T. ) ;
#1835 = SURFACE_STYLE_USAGE ( .BOTH. , #2270 ) ;
#1836 = EDGE_LOOP ( 'NONE', ( #852, #9, #709, #218 ) ) ;
#1837 = EDGE_CURVE ( 'NONE', #1589, #2678, #860, .T. ) ;
#1838 = DIRECTION ( 'NONE',  ( 0.000000000000000000, -2.890049773385324529E-16, 1.000000000000000000 ) ) ;
#1839 = DIRECTION ( 'NONE',  ( -0.000000000000000000, 1.000000000000000000, 0.000000000000000000 ) ) ;
#1840 = ORIENTED_EDGE ( 'NONE', *, *, #279, .F. ) ;
#1841 = CARTESIAN_POINT ( 'NONE',  ( -3.696378337327010044, 46.69741199371047458, 7.214969897748558125 ) ) ;
#1842 = FACE_OUTER_BOUND ( 'NONE', #329, .T. ) ;
#1843 = FACE_OUTER_BOUND ( 'NONE', #2092, .T. ) ;
#1844 = DIRECTION ( 'NONE',  ( -2.167537330038992903E-16, -1.445024886692661771E-16, 1.000000000000000000 ) ) ;
#1845 = LINE ( 'NONE', #2371, #1035 ) ;
#1846 = ORIENTED_EDGE ( 'NONE', *, *, #856, .F. ) ;
#1847 = CARTESIAN_POINT ( 'NONE',  ( 4.708463619067515538, 19.51911344926934788, 7.214969897748558125 ) ) ;
#1848 = DIRECTION ( 'NONE',  ( 0.000000000000000000, 0.000000000000000000, 1.000000000000000000 ) ) ;
#1849 = ORIENTED_EDGE ( 'NONE', *, *, #1987, .T. ) ;
#1850 = FILL_AREA_STYLE_COLOUR ( '', #1966 ) ;
#1851 = CARTESIAN_POINT ( 'NONE',  ( 6.524999999999999467, 15.64932157995131057, 0.000000000000000000 ) ) ;
#1852 = AXIS2_PLACEMENT_3D ( 'NONE', #737, #2810, #325 ) ;
#1853 = EDGE_CURVE ( 'NONE', #1290, #731, #2406, .T. ) ;
#1854 = VERTEX_POINT ( 'NONE', #2667 ) ;
#1855 =( NAMED_UNIT ( * ) PLANE_ANGLE_UNIT ( ) SI_UNIT ( $, .RADIAN. ) );
#1856 = LINE ( 'NONE', #1183, #1925 ) ;
#1857 = VECTOR ( 'NONE', #2363, 1000.000000000000000 ) ;
#1858 = FILL_AREA_STYLE_COLOUR ( '', #2284 ) ;
#1859 = EDGE_CURVE ( 'NONE', #2947, #2471, #357, .T. ) ;
#1860 = FILL_AREA_STYLE ('',( #2370 ) ) ;
#1862 = FACE_OUTER_BOUND ( 'NONE', #2189, .T. ) ;
#1861 = CARTESIAN_POINT ( 'NONE',  ( 6.524999999999999467, 16.14932157995130879, -4.289830102251443122 ) ) ;
#1863 = VERTEX_POINT ( 'NONE', #1529 ) ;
#1864 = VECTOR ( 'NONE', #210, 1000.000000000000000 ) ;
#1865 = PLANE ( 'NONE',  #459 ) ;
#1866 = FILL_AREA_STYLE ('',( #2620 ) ) ;
#1867 = ORIENTED_EDGE ( 'NONE', *, *, #2710, .F. ) ;
#1868 = VECTOR ( 'NONE', #394, 1000.000000000000000 ) ;
#1869 =( NAMED_UNIT ( * ) SI_UNIT ( $, .STERADIAN. ) SOLID_ANGLE_UNIT ( ) );
#1870 = VECTOR ( 'NONE', #1926, 1000.000000000000000 ) ;
#1871 = AXIS2_PLACEMENT_3D ( 'NONE', #1778, #660, #2468 ) ;
#1872 = ORIENTED_EDGE ( 'NONE', *, *, #2409, .F. ) ;
#1873 = COLOUR_RGB ( '',0.3411764705882353033, 0.8392156862745098200, 0.4117647058823529216 ) ;
#1874 =( GEOMETRIC_REPRESENTATION_CONTEXT ( 3 ) GLOBAL_UNCERTAINTY_ASSIGNED_CONTEXT ( ( #664 ) ) GLOBAL_UNIT_ASSIGNED_CONTEXT ( ( #1491, #2405, #1711 ) ) REPRESENTATION_CONTEXT ( 'NONE', 'WORKASPACE' ) );
#1875 = EDGE_CURVE ( 'NONE', #1464, #508, #1394, .T. ) ;
#1876 = LINE ( 'NONE', #2066, #1998 ) ;
#1877 = UNCERTAINTY_MEASURE_WITH_UNIT (LENGTH_MEASURE( 1.000000000000000082E-05 ), #98, 'distance_accuracy_value', 'NONE');
#1878 = CARTESIAN_POINT ( 'NONE',  ( -6.025000000000000355, 16.64932157995131234, 0.000000000000000000 ) ) ;
#1879 = EDGE_CURVE ( 'NONE', #763, #1785, #1729, .T. ) ;
#1881 = FILL_AREA_STYLE_COLOUR ( '', #2440 ) ;
#1880 = CARTESIAN_POINT ( 'NONE',  ( -6.025000000000000355, 4.660521579951313775, 0.000000000000000000 ) ) ;
#1882 = VERTEX_POINT ( 'NONE', #414 ) ;
#1883 = LINE ( 'NONE', #278, #793 ) ;
#1884 = SURFACE_STYLE_USAGE ( .BOTH. , #69 ) ;
#1885 = ORIENTED_EDGE ( 'NONE', *, *, #229, .F. ) ;
#1886 = FILL_AREA_STYLE ('',( #1850 ) ) ;
#1887 = EDGE_CURVE ( 'NONE', #2955, #1118, #1040, .T. ) ;
#1888 = DIRECTION ( 'NONE',  ( -0.000000000000000000, -1.000000000000000000, -0.000000000000000000 ) ) ;
#1889 = ORIENTED_EDGE ( 'NONE', *, *, #590, .T. ) ;
#1890 =( LENGTH_UNIT ( ) NAMED_UNIT ( * ) SI_UNIT ( .MILLI., .METRE. ) );
#1891 = SURFACE_STYLE_FILL_AREA ( #1457 ) ;
#1892 = DIRECTION ( 'NONE',  ( -1.000000000000000000, 0.000000000000000000, 0.000000000000000000 ) ) ;
#1893 = DIRECTION ( 'NONE',  ( 0.000000000000000000, -2.890049773385324036E-16, 1.000000000000000000 ) ) ;
#1895 = SURFACE_STYLE_USAGE ( .BOTH. , #1427 ) ;
#1894 = DIRECTION ( 'NONE',  ( 7.225124433463308856E-17, 1.445024886692661771E-16, -1.000000000000000000 ) ) ;
#1896 = VERTEX_POINT ( 'NONE', #193 ) ;
#1897 = EDGE_CURVE ( 'NONE', #1265, #1620, #1945, .T. ) ;
#1898 = LINE ( 'NONE', #2358, #2596 ) ;
#1899 = ORIENTED_EDGE ( 'NONE', *, *, #2054, .T. ) ;
#1900 = DIRECTION ( 'NONE',  ( 0.000000000000000000, 0.000000000000000000, -1.000000000000000000 ) ) ;
#1901 = CARTESIAN_POINT ( 'NONE',  ( -6.524999999999999467, 16.14932157995130879, -4.289830102251443122 ) ) ;
#1902 = PLANE ( 'NONE',  #827 ) ;
#1903 = ORIENTED_EDGE ( 'NONE', *, *, #1180, .T. ) ;
#1904 = CARTESIAN_POINT ( 'NONE',  ( -4.708463619067515538, 31.24474553631273466, 8.214969897748558125 ) ) ;
#1905 = LINE ( 'NONE', #2827, #1199 ) ;
#1906 =( NAMED_UNIT ( * ) SI_UNIT ( $, .STERADIAN. ) SOLID_ANGLE_UNIT ( ) );
#1907 = CARTESIAN_POINT ( 'NONE',  ( 0.000000000000000000, 45.02077977371821760, 5.381917280179719931 ) ) ;
#1908 = VECTOR ( 'NONE', #1751, 1000.000000000000000 ) ;
#1909 = VERTEX_POINT ( 'NONE', #397 ) ;
#1910 = AXIS2_PLACEMENT_3D ( 'NONE', #42, #747, #2123 ) ;
#1911 = DIRECTION ( 'NONE',  ( 1.000000000000000000, -0.000000000000000000, -0.000000000000000000 ) ) ;
#1912 = CARTESIAN_POINT ( 'NONE',  ( 0.000000000000000000, 45.02077977371821760, 5.381917280179719931 ) ) ;
#1913 = VERTEX_POINT ( 'NONE', #1291 ) ;
#1914 = CARTESIAN_POINT ( 'NONE',  ( 3.696378337327010044, 32.32753054294656891, 7.214969897748558125 ) ) ;
#1915 = CLOSED_SHELL ( 'NONE', ( #322, #1638, #2200, #2264, #1274, #1783, #1577, #2190, #1458, #144, #1400, #264, #2019, #1654, #666, #1010, #862, #119, #141, #911, #697, #1322, #1313, #714, #2415, #2499, #1555, #2776, #2475, #609, #2458, #2875, #2369, #1747, #419, #1507, #2743, #257, #417, #354, #211, #2330, #76, #2236, #2822, #557, #955, #2216 ) ) ;
#1916 = DIRECTION ( 'NONE',  ( 0.000000000000000000, 0.000000000000000000, -1.000000000000000000 ) ) ;
#1917 = CARTESIAN_POINT ( 'NONE',  ( 0.000000000000000000, 45.02077977371821760, 5.381917280179719931 ) ) ;
#1918 = VECTOR ( 'NONE', #1353, 1000.000000000000000 ) ;
#1919 = AXIS2_PLACEMENT_3D ( 'NONE', #1359, #1193, #2756 ) ;
#1920 = EDGE_LOOP ( 'NONE', ( #1434, #1840, #2071, #1114 ) ) ;
#1921 = MECHANICAL_DESIGN_GEOMETRIC_PRESENTATION_REPRESENTATION (  '', ( #1770 ), #2784 ) ;
#1922 =( NAMED_UNIT ( * ) SI_UNIT ( $, .STERADIAN. ) SOLID_ANGLE_UNIT ( ) );
#1923 = LINE ( 'NONE', #143, #2741 ) ;
#1924 = VECTOR ( 'NONE', #618, 1000.000000000000000 ) ;
#1925 = VECTOR ( 'NONE', #2078, 1000.000000000000000 ) ;
#1926 = DIRECTION ( 'NONE',  ( 0.000000000000000000, 0.000000000000000000, 1.000000000000000000 ) ) ;
#1927 = AXIS2_PLACEMENT_3D ( 'NONE', #1281, #196, #2703 ) ;
#1929 = FILL_AREA_STYLE_COLOUR ( '', #1675 ) ;
#1928 = CARTESIAN_POINT ( 'NONE',  ( -6.025000000000000355, 4.160521579951309334, 7.714969897748558125 ) ) ;
#1930 = COLOUR_RGB ( '',0.3411764705882353033, 0.8392156862745098200, 0.4117647058823529216 ) ;
#1931 = VERTEX_POINT ( 'NONE', #1090 ) ;
#1932 = CARTESIAN_POINT ( 'NONE',  ( -1.923875957837599460, 48.03483042909734024, 2.439940086393482144 ) ) ;
#1933 = EDGE_LOOP ( 'NONE', ( #526, #1371, #247, #1867, #2053, #2420, #1383, #1358, #2497, #203, #745, #964 ) ) ;
#1934 = VECTOR ( 'NONE', #2726, 1000.000000000000000 ) ;
#1935 = LINE ( 'NONE', #1715, #253 ) ;
#1936 = EDGE_CURVE ( 'NONE', #2682, #1067, #1997, .T. ) ;
#1937 = LINE ( 'NONE', #479, #1022 ) ;
#1938 = FILL_AREA_STYLE_COLOUR ( '', #161 ) ;
#1939 = ORIENTED_EDGE ( 'NONE', *, *, #833, .T. ) ;
#1940 = SURFACE_SIDE_STYLE ('',( #348 ) ) ;
#1941 = CARTESIAN_POINT ( 'NONE',  ( -5.500000000000000888, 10.40492157995131173, 0.000000000000000000 ) ) ;
#1942 = PRODUCT_CONTEXT ( 'NONE', #282, 'mechanical' ) ;
#1943 = ORIENTED_EDGE ( 'NONE', *, *, #61, .T. ) ;
#1944 = SURFACE_STYLE_FILL_AREA ( #2432 ) ;
#1945 = LINE ( 'NONE', #622, #318 ) ;
#1946 = ORIENTED_EDGE ( 'NONE', *, *, #732, .T. ) ;
#1947 = CARTESIAN_POINT ( 'NONE',  ( 6.025000000000000355, 16.64932157995131234, -4.289830102251443122 ) ) ;
#1948 = PLANE ( 'NONE',  #552 ) ;
#1949 = CARTESIAN_POINT ( 'NONE',  ( -1.923875957837599460, 41.83146668853288475, 7.305793238017319169 ) ) ;
#1950 = EDGE_LOOP ( 'NONE', ( #2910, #1080, #1955, #1946, #234, #2121, #1899, #2146 ) ) ;
#1951 = CARTESIAN_POINT ( 'NONE',  ( 7.404099999999999682, 16.64932157995131590, 0.000000000000000000 ) ) ;
#1952 = ADVANCED_FACE ( 'NONE', ( #2865 ), #819, .F. ) ;
#1953 = FILL_AREA_STYLE ('',( #1929 ) ) ;
#1954 =( GEOMETRIC_REPRESENTATION_CONTEXT ( 3 ) GLOBAL_UNCERTAINTY_ASSIGNED_CONTEXT ( ( #516 ) ) GLOBAL_UNIT_ASSIGNED_CONTEXT ( ( #899, #1100, #1566 ) ) REPRESENTATION_CONTEXT ( 'NONE', 'WORKASPACE' ) );
#1955 = ORIENTED_EDGE ( 'NONE', *, *, #2710, .T. ) ;
#1956 = ADVANCED_FACE ( 'NONE', ( #1064, #2205 ), #1267, .F. ) ;
#1957 = DIRECTION ( 'NONE',  ( 0.000000000000000000, -1.000000000000000000, 0.000000000000000000 ) ) ;
#1958 = ORIENTED_EDGE ( 'NONE', *, *, #2048, .T. ) ;
#1959 = VECTOR ( 'NONE', #2591, 1000.000000000000000 ) ;
#1960 = LINE ( 'NONE', #1042, #1857 ) ;
#1961 = CARTESIAN_POINT ( 'NONE',  ( -6.025000000000000355, 16.64932157995131234, 7.714969897748558125 ) ) ;
#1962 = VERTEX_POINT ( 'NONE', #163 ) ;
#1963 = MECHANICAL_DESIGN_GEOMETRIC_PRESENTATION_REPRESENTATION (  '', ( #970 ), #1671 ) ;
#1964 = CARTESIAN_POINT ( 'NONE',  ( -6.524999999999999467, 15.64932157995130702, -4.289830102251443122 ) ) ;
#1965 = PRESENTATION_STYLE_ASSIGNMENT (( #1059 ) ) ;
#1966 = COLOUR_RGB ( '',1.000000000000000000, 1.000000000000000000, 1.000000000000000000 ) ;
#1967 = EDGE_CURVE ( 'NONE', #2375, #235, #2038, .T. ) ;
#1968 = DIRECTION ( 'NONE',  ( -1.000000000000000000, -0.000000000000000000, -0.000000000000000000 ) ) ;
#1969 = SURFACE_STYLE_USAGE ( .BOTH. , #146 ) ;
#1970 = CIRCLE ( 'NONE', #1579, 0.5000000000000022204 ) ;
#1971 = VECTOR ( 'NONE', #897, 1000.000000000000000 ) ;
#1972 = ORIENTED_EDGE ( 'NONE', *, *, #482, .F. ) ;
#1973 = EDGE_CURVE ( 'NONE', #339, #2347, #461, .T. ) ;
#1974 = CARTESIAN_POINT ( 'NONE',  ( 4.708463619067515538, 31.24474553631273466, 8.214969897748558125 ) ) ;
#1975 = DIRECTION ( 'NONE',  ( -0.000000000000000000, -1.000000000000000000, -0.000000000000000000 ) ) ;
#1976 = VERTEX_POINT ( 'NONE', #428 ) ;
#1977 = COLOUR_RGB ( '',0.3411764705882353033, 0.8392156862745098200, 0.4117647058823529216 ) ;
#1978 = CARTESIAN_POINT ( 'NONE',  ( 5.000000000000000000, 10.40492157995131173, -4.289830102251444899 ) ) ;
#1979 = CARTESIAN_POINT ( 'NONE',  ( -3.696378337327010044, 32.32753054294656891, 0.4817457909815919814 ) ) ;
#1980 = FILL_AREA_STYLE_COLOUR ( '', #346 ) ;
#1981 = DIRECTION ( 'NONE',  ( -1.000000000000000000, 0.000000000000000000, 0.000000000000000000 ) ) ;
#1982 = FILL_AREA_STYLE_COLOUR ( '', #2534 ) ;
#1983 = FILL_AREA_STYLE_COLOUR ( '', #685 ) ;
#1984 = EDGE_LOOP ( 'NONE', ( #1235, #54, #2124, #1699, #1688, #1041 ) ) ;
#1985 = DIRECTION ( 'NONE',  ( -2.254203901386922010E-16, 0.000000000000000000, -1.000000000000000000 ) ) ;
#1986 = LINE ( 'NONE', #183, #1496 ) ;
#1987 = EDGE_CURVE ( 'NONE', #1531, #2932, #1379, .T. ) ;
#1988 = ORIENTED_EDGE ( 'NONE', *, *, #1077, .F. ) ;
#1989 = ORIENTED_EDGE ( 'NONE', *, *, #2302, .T. ) ;
#1990 = CARTESIAN_POINT ( 'NONE',  ( -3.696378337327010044, 32.32753054294656891, 0.4817457909815919814 ) ) ;
#1991 = EDGE_CURVE ( 'NONE', #620, #1220, #471, .T. ) ;
#1992 = DIRECTION ( 'NONE',  ( 0.000000000000000000, 0.000000000000000000, -1.000000000000000000 ) ) ;
#1993 = CARTESIAN_POINT ( 'NONE',  ( 1.411121260839063236E-16, 26.15224969871037430, 6.534185233536998538 ) ) ;
#1994 = FACE_OUTER_BOUND ( 'NONE', #1142, .T. ) ;
#1995 = EDGE_LOOP ( 'NONE', ( #2573, #1617 ) ) ;
#1996 = DIRECTION ( 'NONE',  ( 0.000000000000000000, 0.000000000000000000, 1.000000000000000000 ) ) ;
#1997 = LINE ( 'NONE', #873, #2250 ) ;
#1998 = VECTOR ( 'NONE', #717, 1000.000000000000000 ) ;
#1999 = ORIENTED_EDGE ( 'NONE', *, *, #2100, .T. ) ;
#2000 = DIRECTION ( 'NONE',  ( 0.000000000000000000, -1.000000000000000000, -1.445024886692662264E-16 ) ) ;
#2001 = SURFACE_SIDE_STYLE ('',( #855 ) ) ;
#2002 = CIRCLE ( 'NONE', #2193, 1.152267953357278829 ) ;
#2003 = EDGE_LOOP ( 'NONE', ( #2577, #589 ) ) ;
#2004 = LINE ( 'NONE', #2706, #303 ) ;
#2005 = EDGE_CURVE ( 'NONE', #665, #314, #2505, .T. ) ;
#2006 = DIRECTION ( 'NONE',  ( 0.000000000000000000, 0.000000000000000000, -1.000000000000000000 ) ) ;
#2007 = FILL_AREA_STYLE ('',( #870 ) ) ;
#2008 = ORIENTED_EDGE ( 'NONE', *, *, #114, .T. ) ;
#2009 =( GEOMETRIC_REPRESENTATION_CONTEXT ( 3 ) GLOBAL_UNCERTAINTY_ASSIGNED_CONTEXT ( ( #1184 ) ) GLOBAL_UNIT_ASSIGNED_CONTEXT ( ( #2238, #435, #677 ) ) REPRESENTATION_CONTEXT ( 'NONE', 'WORKASPACE' ) );
#2010 = CARTESIAN_POINT ( 'NONE',  ( -1.859999999999999654, 49.19862535933381054, 3.756396417407844357 ) ) ;
#2011 = PLANE ( 'NONE',  #123 ) ;
#2012 = VECTOR ( 'NONE', #1683, 1000.000000000000000 ) ;
#2013 = VERTEX_POINT ( 'NONE', #1830 ) ;
#2014 = AXIS2_PLACEMENT_3D ( 'NONE', #967, #1222, #1013 ) ;
#2015 = VECTOR ( 'NONE', #1006, 1000.000000000000000 ) ;
#2016 = CARTESIAN_POINT ( 'NONE',  ( -6.025000000000000355, 3.660521579951309334, 7.714969897748558125 ) ) ;
#2017 = VECTOR ( 'NONE', #784, 1000.000000000000000 ) ;
#2018 = ORIENTED_EDGE ( 'NONE', *, *, #1991, .T. ) ;
#2019 = ADVANCED_FACE ( 'NONE', ( #232 ), #2011, .F. ) ;
#2020 = CARTESIAN_POINT ( 'NONE',  ( 0.000000000000000000, 46.02901423290583693, 5.381917280179719931 ) ) ;
#2021 = DIRECTION ( 'NONE',  ( 0.000000000000000000, 1.000000000000000000, 0.000000000000000000 ) ) ;
#2022 = EDGE_CURVE ( 'NONE', #2101, #1290, #1366, .T. ) ;
#2023 = VECTOR ( 'NONE', #62, 1000.000000000000000 ) ;
#2024 = CARTESIAN_POINT ( 'NONE',  ( 0.000000000000000000, 42.94258221498455441, 5.381917280179719931 ) ) ;
#2025 = UNCERTAINTY_MEASURE_WITH_UNIT (LENGTH_MEASURE( 1.000000000000000082E-05 ), #2930, 'distance_accuracy_value', 'NONE');
#2026 = ORIENTED_EDGE ( 'NONE', *, *, #300, .T. ) ;
#2027 = DIRECTION ( 'NONE',  ( 0.000000000000000000, 1.000000000000000000, 0.000000000000000000 ) ) ;
#2028 = LINE ( 'NONE', #261, #510 ) ;
#2029 = ORIENTED_EDGE ( 'NONE', *, *, #1130, .F. ) ;
#2030 = UNCERTAINTY_MEASURE_WITH_UNIT (LENGTH_MEASURE( 1.000000000000000082E-05 ), #2848, 'distance_accuracy_value', 'NONE');
#2031 = ORIENTED_EDGE ( 'NONE', *, *, #892, .F. ) ;
#2032 = EDGE_LOOP ( 'NONE', ( #140, #2633, #1515, #1610 ) ) ;
#2033 = DIRECTION ( 'NONE',  ( -0.000000000000000000, -1.000000000000000000, -0.000000000000000000 ) ) ;
#2034 = CARTESIAN_POINT ( 'NONE',  ( 6.524999999999999467, 15.64932157995131057, 7.714969897748558125 ) ) ;
#2035 =( LENGTH_UNIT ( ) NAMED_UNIT ( * ) SI_UNIT ( .MILLI., .METRE. ) );
#2036 = EDGE_CURVE ( 'NONE', #1213, #339, #2752, .T. ) ;
#2037 = CARTESIAN_POINT ( 'NONE',  ( 1.923875957837599682, 36.69795410227509080, 7.305793238017318281 ) ) ;
#2038 = LINE ( 'NONE', #1801, #2352 ) ;
#2039 = DIRECTION ( 'NONE',  ( -1.000000000000000000, -0.000000000000000000, -0.000000000000000000 ) ) ;
#2040 = ORIENTED_EDGE ( 'NONE', *, *, #2464, .T. ) ;
#2041 = ORIENTED_EDGE ( 'NONE', *, *, #2883, .T. ) ;
#2042 = DIRECTION ( 'NONE',  ( 0.000000000000000000, 0.000000000000000000, 1.000000000000000000 ) ) ;
#2043 = AXIS2_PLACEMENT_3D ( 'NONE', #2381, #584, #369 ) ;
#2044 = FACE_OUTER_BOUND ( 'NONE', #1636, .T. ) ;
#2045 = MECHANICAL_DESIGN_GEOMETRIC_PRESENTATION_REPRESENTATION (  '', ( #439 ), #2580 ) ;
#2046 = CARTESIAN_POINT ( 'NONE',  ( 5.000000000000000000, 9.904921579951311728, -4.289830102251444899 ) ) ;
#2047 = DIRECTION ( 'NONE',  ( 0.000000000000000000, 0.000000000000000000, -1.000000000000000000 ) ) ;
#2048 = EDGE_CURVE ( 'NONE', #2451, #2564, #1116, .T. ) ;
#2049 = LINE ( 'NONE', #219, #1530 ) ;
#2050 = SURFACE_STYLE_USAGE ( .BOTH. , #1140 ) ;
#2051 = AXIS2_PLACEMENT_3D ( 'NONE', #1847, #313, #328 ) ;
#2052 = AXIS2_PLACEMENT_3D ( 'NONE', #2361, #1900, #2835 ) ;
#2053 = ORIENTED_EDGE ( 'NONE', *, *, #2073, .T. ) ;
#2054 = EDGE_CURVE ( 'NONE', #2790, #2434, #1127, .T. ) ;
#2055 = AXIS2_PLACEMENT_3D ( 'NONE', #2, #2267, #2226 ) ;
#2056 = VECTOR ( 'NONE', #1602, 1000.000000000000000 ) ;
#2057 = CARTESIAN_POINT ( 'NONE',  ( -7.404099999999999682, 25.38192949279104127, 8.214969897748558125 ) ) ;
#2058 = ORIENTED_EDGE ( 'NONE', *, *, #2919, .T. ) ;
#2059 = EDGE_CURVE ( 'NONE', #569, #615, #1557, .T. ) ;
#2060 = VECTOR ( 'NONE', #1628, 1000.000000000000000 ) ;
#2061 =( NAMED_UNIT ( * ) PLANE_ANGLE_UNIT ( ) SI_UNIT ( $, .RADIAN. ) );
#2062 = MECHANICAL_DESIGN_GEOMETRIC_PRESENTATION_REPRESENTATION (  '', ( #1390 ), #458 ) ;
#2063 = VECTOR ( 'NONE', #209, 1000.000000000000000 ) ;
#2064 = SURFACE_STYLE_FILL_AREA ( #538 ) ;
#2065 = DIRECTION ( 'NONE',  ( 1.000000000000000000, 0.000000000000000000, -1.127101950693461005E-16 ) ) ;
#2066 = CARTESIAN_POINT ( 'NONE',  ( -9.776051068436002698E-32, 36.69795410227509080, 7.305793238017319169 ) ) ;
#2067 = LINE ( 'NONE', #2750, #1580 ) ;
#2068 = VECTOR ( 'NONE', #2385, 1000.000000000000000 ) ;
#2070 = CARTESIAN_POINT ( 'NONE',  ( 3.696378337327010044, 31.24474553631273466, 7.214969897748558125 ) ) ;
#2069 = DIRECTION ( 'NONE',  ( -1.000000000000000000, -0.000000000000000000, 1.127101950693461005E-16 ) ) ;
#2071 = ORIENTED_EDGE ( 'NONE', *, *, #2859, .T. ) ;
#2072 =( LENGTH_UNIT ( ) NAMED_UNIT ( * ) SI_UNIT ( .MILLI., .METRE. ) );
#2073 = EDGE_CURVE ( 'NONE', #148, #1132, #440, .T. ) ;
#2074 = ORIENTED_EDGE ( 'NONE', *, *, #279, .T. ) ;
#2075 = PRESENTATION_STYLE_ASSIGNMENT (( #493 ) ) ;
#2076 = ORIENTED_EDGE ( 'NONE', *, *, #1489, .T. ) ;
#2077 = LINE ( 'NONE', #1407, #822 ) ;
#2078 = DIRECTION ( 'NONE',  ( 1.000000000000000000, 0.000000000000000000, -1.246587554778148159E-16 ) ) ;
#2079 = UNCERTAINTY_MEASURE_WITH_UNIT (LENGTH_MEASURE( 1.000000000000000082E-05 ), #1466, 'distance_accuracy_value', 'NONE');
#2080 = FACE_OUTER_BOUND ( 'NONE', #2536, .T. ) ;
#2081 =( NAMED_UNIT ( * ) SI_UNIT ( $, .STERADIAN. ) SOLID_ANGLE_UNIT ( ) );
#2083 = LINE ( 'NONE', #531, #258 ) ;
#2082 = FILL_AREA_STYLE ('',( #530 ) ) ;
#2084 = ORIENTED_EDGE ( 'NONE', *, *, #2100, .F. ) ;
#2085 = DIRECTION ( 'NONE',  ( 0.000000000000000000, -2.890049773385324036E-16, 1.000000000000000000 ) ) ;
#2086 = CARTESIAN_POINT ( 'NONE',  ( -5.499999999999999112, 1.347250575308183889E-31, 0.000000000000000000 ) ) ;
#2087 = ORIENTED_EDGE ( 'NONE', *, *, #185, .T. ) ;
#2088 = FILL_AREA_STYLE ('',( #989 ) ) ;
#2089 = CARTESIAN_POINT ( 'NONE',  ( -6.524999999999999467, 16.14932157995130879, -4.789830102251444899 ) ) ;
#2090 = CARTESIAN_POINT ( 'NONE',  ( 3.696378337327010044, 36.69795410227509080, 7.214969897748558125 ) ) ;
#2091 = STYLED_ITEM ( 'NONE', ( #1047 ), #2216 ) ;
#2092 = EDGE_LOOP ( 'NONE', ( #1605, #1943, #954, #2178, #859 ) ) ;
#2093 = EDGE_CURVE ( 'NONE', #809, #1356, #680, .T. ) ;
#2094 = SURFACE_SIDE_STYLE ('',( #1182 ) ) ;
#2095 = DIRECTION ( 'NONE',  ( 0.000000000000000000, -1.000000000000000000, -0.000000000000000000 ) ) ;
#2096 = PRESENTATION_LAYER_ASSIGNMENT (  '', '', ( #439 ) ) ;
#2097 = PRESENTATION_LAYER_ASSIGNMENT (  '', '', ( #2774 ) ) ;
#2099 = SURFACE_STYLE_FILL_AREA ( #1635 ) ;
#2098 = CARTESIAN_POINT ( 'NONE',  ( 7.404099999999999682, 25.38192949279104127, 7.214969897748558125 ) ) ;
#2100 = EDGE_CURVE ( 'NONE', #235, #890, #2162, .T. ) ;
#2101 = VERTEX_POINT ( 'NONE', #2567 ) ;
#2102 = DIRECTION ( 'NONE',  ( -1.000000000000000000, 0.000000000000000000, 0.000000000000000000 ) ) ;
#2103 = CARTESIAN_POINT ( 'NONE',  ( 4.500000000000000000, 10.40492157995131173, -4.289830102251444899 ) ) ;
#2104 = ORIENTED_EDGE ( 'NONE', *, *, #478, .T. ) ;
#2105 = FILL_AREA_STYLE ('',( #509 ) ) ;
#2106 = FACE_OUTER_BOUND ( 'NONE', #1920, .T. ) ;
#2107 = VECTOR ( 'NONE', #336, 1000.000000000000000 ) ;
#2108 = VECTOR ( 'NONE', #2515, 1000.000000000000000 ) ;
#2109 = ORIENTED_EDGE ( 'NONE', *, *, #441, .T. ) ;
#2110 = MECHANICAL_DESIGN_GEOMETRIC_PRESENTATION_REPRESENTATION (  '', ( #1298 ), #1534 ) ;
#2111 = PRESENTATION_LAYER_ASSIGNMENT (  '', '', ( #2164 ) ) ;
#2112 = LINE ( 'NONE', #13, #2060 ) ;
#2113 = EDGE_CURVE ( 'NONE', #894, #43, #1251, .T. ) ;
#2114 = VECTOR ( 'NONE', #2928, 1000.000000000000000 ) ;
#2115 = SURFACE_SIDE_STYLE ('',( #33 ) ) ;
#2116 = LINE ( 'NONE', #1019, #1052 ) ;
#2117 = LINE ( 'NONE', #1645, #1829 ) ;
#2118 = ORIENTED_EDGE ( 'NONE', *, *, #2658, .F. ) ;
#2119 = AXIS2_PLACEMENT_3D ( 'NONE', #1128, #2039, #2904 ) ;
#2120 = FACE_OUTER_BOUND ( 'NONE', #1293, .T. ) ;
#2121 = ORIENTED_EDGE ( 'NONE', *, *, #795, .F. ) ;
#2122 = CARTESIAN_POINT ( 'NONE',  ( 2.721448145903907211E-16, 26.15224969871037430, 7.604148333083042388 ) ) ;
#2123 = DIRECTION ( 'NONE',  ( 0.000000000000000000, 0.000000000000000000, -1.000000000000000000 ) ) ;
#2124 = ORIENTED_EDGE ( 'NONE', *, *, #1224, .T. ) ;
#2125 = SURFACE_SIDE_STYLE ('',( #1392 ) ) ;
#2126 = EDGE_CURVE ( 'NONE', #355, #361, #2316, .T. ) ;
#2127 = LINE ( 'NONE', #1632, #2643 ) ;
#2128 = DIRECTION ( 'NONE',  ( 0.000000000000000000, -0.000000000000000000, -1.000000000000000000 ) ) ;
#2129 = DIRECTION ( 'NONE',  ( -1.000000000000000000, -0.000000000000000000, -0.000000000000000000 ) ) ;
#2130 = ORIENTED_EDGE ( 'NONE', *, *, #1705, .T. ) ;
#2131 = SURFACE_STYLE_USAGE ( .BOTH. , #291 ) ;
#2132 =( NAMED_UNIT ( * ) PLANE_ANGLE_UNIT ( ) SI_UNIT ( $, .RADIAN. ) );
#2133 = VERTEX_POINT ( 'NONE', #517 ) ;
#2134 = DIRECTION ( 'NONE',  ( 0.000000000000000000, 0.000000000000000000, 1.000000000000000000 ) ) ;
#2135 = DIRECTION ( 'NONE',  ( 1.000000000000000000, -0.000000000000000000, -0.000000000000000000 ) ) ;
#2136 = ORIENTED_EDGE ( 'NONE', *, *, #1395, .F. ) ;
#2137 = STYLED_ITEM ( 'NONE', ( #30 ), #2264 ) ;
#2138 = CARTESIAN_POINT ( 'NONE',  ( 5.000000000000000000, 9.904921579951311728, -4.289830102251444899 ) ) ;
#2139 = UNCERTAINTY_MEASURE_WITH_UNIT (LENGTH_MEASURE( 1.000000000000000082E-05 ), #2198, 'distance_accuracy_value', 'NONE');
#2140 = MECHANICAL_DESIGN_GEOMETRIC_PRESENTATION_REPRESENTATION (  '', ( #1056 ), #2924 ) ;
#2141 = FILL_AREA_STYLE ('',( #1982 ) ) ;
#2142 = FACE_BOUND ( 'NONE', #1777, .T. ) ;
#2143 = PLANE ( 'NONE',  #1292 ) ;
#2144 = CIRCLE ( 'NONE', #868, 2.222231052903322901 ) ;
#2145 = EDGE_CURVE ( 'NONE', #1785, #24, #2601, .T. ) ;
#2146 = ORIENTED_EDGE ( 'NONE', *, *, #97, .T. ) ;
#2147 = DIRECTION ( 'NONE',  ( 0.000000000000000000, 0.000000000000000000, -1.000000000000000000 ) ) ;
#2148 = CARTESIAN_POINT ( 'NONE',  ( -4.499999999999998224, 9.904921579951311728, -4.289830102251445787 ) ) ;
#2149 = ADVANCED_FACE ( 'NONE', ( #562 ), #2335, .F. ) ;
#2150 = ORIENTED_EDGE ( 'NONE', *, *, #1414, .F. ) ;
#2151 = CARTESIAN_POINT ( 'NONE',  ( -1.859999999999999654, 41.08860207386216956, 3.756396417407844357 ) ) ;
#2152 =( LENGTH_UNIT ( ) NAMED_UNIT ( * ) SI_UNIT ( .MILLI., .METRE. ) );
#2153 = DIRECTION ( 'NONE',  ( 1.000000000000000000, 0.000000000000000000, -1.246587554778148159E-16 ) ) ;
#2154 =( GEOMETRIC_REPRESENTATION_CONTEXT ( 3 ) GLOBAL_UNCERTAINTY_ASSIGNED_CONTEXT ( ( #1333 ) ) GLOBAL_UNIT_ASSIGNED_CONTEXT ( ( #561, #177, #145 ) ) REPRESENTATION_CONTEXT ( 'NONE', 'WORKASPACE' ) );
#2155 = VECTOR ( 'NONE', #2042, 1000.000000000000000 ) ;
#2156 = EDGE_LOOP ( 'NONE', ( #565, #558, #1181, #1465 ) ) ;
#2157 = EDGE_CURVE ( 'NONE', #2754, #1626, #1658, .T. ) ;
#2158 = AXIS2_PLACEMENT_3D ( 'NONE', #1841, #2761, #2838 ) ;
#2159 = PRESENTATION_LAYER_ASSIGNMENT (  '', '', ( #2343 ) ) ;
#2160 = COLOUR_RGB ( '',1.000000000000000000, 1.000000000000000000, 1.000000000000000000 ) ;
#2161 = AXIS2_PLACEMENT_3D ( 'NONE', #78, #2095, #481 ) ;
#2162 = CIRCLE ( 'NONE', #887, 0.5000000000000022204 ) ;
#2163 = DIRECTION ( 'NONE',  ( 1.000000000000000000, 0.000000000000000000, 0.000000000000000000 ) ) ;
#2164 = STYLED_ITEM ( 'NONE', ( #725 ), #911 ) ;
#2165 = ORIENTED_EDGE ( 'NONE', *, *, #1563, .F. ) ;
#2166 = FILL_AREA_STYLE_COLOUR ( '', #14 ) ;
#2167 = CARTESIAN_POINT ( 'NONE',  ( -1.859999999999999654, 46.02901423290583693, 3.756396417407844357 ) ) ;
#2168 = ORIENTED_EDGE ( 'NONE', *, *, #1470, .F. ) ;
#2169 = VECTOR ( 'NONE', #2583, 1000.000000000000000 ) ;
#2170 = PLANE ( 'NONE',  #1063 ) ;
#2171 = EDGE_CURVE ( 'NONE', #1062, #395, #288, .T. ) ;
#2172 = ORIENTED_EDGE ( 'NONE', *, *, #185, .F. ) ;
#2173 = CARTESIAN_POINT ( 'NONE',  ( -3.696378337327010044, 32.32753054294656891, 7.214969897748558125 ) ) ;
#2174 = EDGE_CURVE ( 'NONE', #1300, #950, #2582, .T. ) ;
#2175 = CARTESIAN_POINT ( 'NONE',  ( -7.404099999999999682, 25.38192949279104127, 0.000000000000000000 ) ) ;
#2177 = PLANE ( 'NONE',  #1341 ) ;
#2176 = DIRECTION ( 'NONE',  ( 0.000000000000000000, 0.000000000000000000, 1.000000000000000000 ) ) ;
#2178 = ORIENTED_EDGE ( 'NONE', *, *, #392, .T. ) ;
#2179 = DIRECTION ( 'NONE',  ( 0.000000000000000000, 1.445024886692662264E-16, -1.000000000000000000 ) ) ;
#2180 = CARTESIAN_POINT ( 'NONE',  ( 0.000000000000000000, 42.38702445175871958, 5.381917280179719931 ) ) ;
#2181 = ORIENTED_EDGE ( 'NONE', *, *, #2145, .T. ) ;
#2182 = CARTESIAN_POINT ( 'NONE',  ( -6.524999999999999467, 15.64932157995130702, -4.289830102251443122 ) ) ;
#2183 = ORIENTED_EDGE ( 'NONE', *, *, #1214, .T. ) ;
#2184 = FACE_OUTER_BOUND ( 'NONE', #2611, .T. ) ;
#2185 =( NAMED_UNIT ( * ) SI_UNIT ( $, .STERADIAN. ) SOLID_ANGLE_UNIT ( ) );
#2186 = EDGE_CURVE ( 'NONE', #339, #1771, #2116, .T. ) ;
#2187 = LINE ( 'NONE', #353, #2644 ) ;
#2188 = VECTOR ( 'NONE', #2312, 1000.000000000000000 ) ;
#2189 = EDGE_LOOP ( 'NONE', ( #2407, #948, #1603, #2269 ) ) ;
#2190 = ADVANCED_FACE ( 'NONE', ( #81 ), #2354, .F. ) ;
#2191 = DIRECTION ( 'NONE',  ( 0.000000000000000000, 0.000000000000000000, -1.000000000000000000 ) ) ;
#2192 = ORIENTED_EDGE ( 'NONE', *, *, #2662, .T. ) ;
#2193 = AXIS2_PLACEMENT_3D ( 'NONE', #2020, #2949, #1992 ) ;
#2194 = DIRECTION ( 'NONE',  ( 0.000000000000000000, 0.000000000000000000, -1.000000000000000000 ) ) ;
#2195 = PRESENTATION_STYLE_ASSIGNMENT (( #1282 ) ) ;
#2196 = LINE ( 'NONE', #2455, #1240 ) ;
#2197 = DIRECTION ( 'NONE',  ( 7.225124433463308856E-17, 1.445024886692661771E-16, -1.000000000000000000 ) ) ;
#2198 =( LENGTH_UNIT ( ) NAMED_UNIT ( * ) SI_UNIT ( .MILLI., .METRE. ) );
#2199 = VECTOR ( 'NONE', #651, 1000.000000000000000 ) ;
#2200 = ADVANCED_FACE ( 'NONE', ( #94, #1007, #2142, #1397, #1172, #1633, #2553 ), #804, .F. ) ;
#2201 = SURFACE_SIDE_STYLE ('',( #2896 ) ) ;
#2202 = ORIENTED_EDGE ( 'NONE', *, *, #378, .F. ) ;
#2203 = FILL_AREA_STYLE_COLOUR ( '', #2449 ) ;
#2204 = AXIS2_PLACEMENT_3D ( 'NONE', #1480, #1703, #2625 ) ;
#2205 = FACE_BOUND ( 'NONE', #1073, .T. ) ;
#2206 = VERTEX_POINT ( 'NONE', #128 ) ;
#2207 = AXIS2_PLACEMENT_3D ( 'NONE', #149, #1278, #2191 ) ;
#2208 = CARTESIAN_POINT ( 'NONE',  ( 1.990688921540820532E-16, 42.94258221498455441, 7.007438142951594173 ) ) ;
#2209 = ORIENTED_EDGE ( 'NONE', *, *, #1232, .F. ) ;
#2210 = DIRECTION ( 'NONE',  ( 0.000000000000000000, 0.000000000000000000, 1.000000000000000000 ) ) ;
#2211 = DIRECTION ( 'NONE',  ( -1.000000000000000000, 0.000000000000000000, 0.000000000000000000 ) ) ;
#2212 = CARTESIAN_POINT ( 'NONE',  ( -7.404099999999999682, 0.000000000000000000, 0.000000000000000000 ) ) ;
#2213 = FILL_AREA_STYLE_COLOUR ( '', #1725 ) ;
#2214 = SHAPE_DEFINITION_REPRESENTATION ( #294, #1666 ) ;
#2215 = ORIENTED_EDGE ( 'NONE', *, *, #2022, .T. ) ;
#2216 = ADVANCED_FACE ( 'NONE', ( #1486 ), #2402, .T. ) ;
#2217 = CARTESIAN_POINT ( 'NONE',  ( 7.404099999999999682, 25.38192949279104127, 0.000000000000000000 ) ) ;
#2218 = CARTESIAN_POINT ( 'NONE',  ( -6.025000000000000355, 16.14932157995130879, -4.289830102251443122 ) ) ;
#2219 = ORIENTED_EDGE ( 'NONE', *, *, #1340, .F. ) ;
#2220 = CARTESIAN_POINT ( 'NONE',  ( 0.000000000000000000, 26.15224969871037430, 5.381917280179719931 ) ) ;
#2221 = EDGE_LOOP ( 'NONE', ( #466, #1189, #2850, #332 ) ) ;
#2222 =( NAMED_UNIT ( * ) PLANE_ANGLE_UNIT ( ) SI_UNIT ( $, .RADIAN. ) );
#2223 = DIRECTION ( 'NONE',  ( -2.167537330038992903E-16, 0.000000000000000000, 1.000000000000000000 ) ) ;
#2224 = UNCERTAINTY_MEASURE_WITH_UNIT (LENGTH_MEASURE( 1.000000000000000082E-05 ), #2937, 'distance_accuracy_value', 'NONE');
#2225 = ORIENTED_EDGE ( 'NONE', *, *, #2595, .T. ) ;
#2226 = DIRECTION ( 'NONE',  ( 0.000000000000000000, 0.000000000000000000, -1.000000000000000000 ) ) ;
#2227 = ADVANCED_FACE ( 'NONE', ( #1810 ), #1352, .T. ) ;
#2228 =( GEOMETRIC_REPRESENTATION_CONTEXT ( 3 ) GLOBAL_UNCERTAINTY_ASSIGNED_CONTEXT ( ( #2808 ) ) GLOBAL_UNIT_ASSIGNED_CONTEXT ( ( #1461, #1444, #2081 ) ) REPRESENTATION_CONTEXT ( 'NONE', 'WORKASPACE' ) );
#2229 = ORIENTED_EDGE ( 'NONE', *, *, #2849, .F. ) ;
#2230 = MECHANICAL_DESIGN_GEOMETRIC_PRESENTATION_REPRESENTATION (  '', ( #629 ), #2680 ) ;
#2231 = EDGE_CURVE ( 'NONE', #1591, #1913, #2823, .T. ) ;
#2232 = VECTOR ( 'NONE', #1888, 1000.000000000000000 ) ;
#2233 = ORIENTED_EDGE ( 'NONE', *, *, #1936, .T. ) ;
#2234 = ORIENTED_EDGE ( 'NONE', *, *, #1031, .F. ) ;
#2235 = PLANE ( 'NONE',  #1611 ) ;
#2236 = ADVANCED_FACE ( 'NONE', ( #1994 ), #2692, .F. ) ;
#2237 = CARTESIAN_POINT ( 'NONE',  ( 6.524999999999999467, 0.000000000000000000, 0.000000000000000000 ) ) ;
#2238 =( LENGTH_UNIT ( ) NAMED_UNIT ( * ) SI_UNIT ( .MILLI., .METRE. ) );
#2239 = ORIENTED_EDGE ( 'NONE', *, *, #486, .T. ) ;
#2240 = PRESENTATION_LAYER_ASSIGNMENT (  '', '', ( #1241 ) ) ;
#2241 = AXIS2_PLACEMENT_3D ( 'NONE', #2283, #947, #2533 ) ;
#2242 = CARTESIAN_POINT ( 'NONE',  ( 3.696378337327010044, 32.32753054294656891, 0.4817457909815910377 ) ) ;
#2243 = DIRECTION ( 'NONE',  ( 0.000000000000000000, 0.000000000000000000, -1.000000000000000000 ) ) ;
#2244 = VECTOR ( 'NONE', #1780, 1000.000000000000000 ) ;
#2245 = SURFACE_SIDE_STYLE ('',( #2282 ) ) ;
#2246 = VERTEX_POINT ( 'NONE', #1904 ) ;
#2247 = PRESENTATION_LAYER_ASSIGNMENT (  '', '', ( #599 ) ) ;
#2248 = VECTOR ( 'NONE', #52, 1000.000000000000000 ) ;
#2249 = FACE_OUTER_BOUND ( 'NONE', #2032, .T. ) ;
#2250 = VECTOR ( 'NONE', #2657, 1000.000000000000000 ) ;
#2251 = ORIENTED_EDGE ( 'NONE', *, *, #1060, .T. ) ;
#2252 = LINE ( 'NONE', #1990, #1864 ) ;
#2253 = EDGE_CURVE ( 'NONE', #937, #2917, #2579, .T. ) ;
#2254 = PLANE ( 'NONE',  #246 ) ;
#2255 = FACE_OUTER_BOUND ( 'NONE', #1545, .T. ) ;
#2256 =( NAMED_UNIT ( * ) PLANE_ANGLE_UNIT ( ) SI_UNIT ( $, .RADIAN. ) );
#2257 = UNCERTAINTY_MEASURE_WITH_UNIT (LENGTH_MEASURE( 1.000000000000000082E-05 ), #2768, 'distance_accuracy_value', 'NONE');
#2258 = DIRECTION ( 'NONE',  ( 0.000000000000000000, 0.000000000000000000, -1.000000000000000000 ) ) ;
#2259 = DIRECTION ( 'NONE',  ( -1.000000000000000000, -0.000000000000000000, 1.246587554778148159E-16 ) ) ;
#2260 = CARTESIAN_POINT ( 'NONE',  ( 7.404099999999999682, 25.38192949279104127, 8.214969897748558125 ) ) ;
#2261 = EDGE_LOOP ( 'NONE', ( #2391, #1231, #1239, #244 ) ) ;
#2262 = ORIENTED_EDGE ( 'NONE', *, *, #1130, .T. ) ;
#2263 = DIRECTION ( 'NONE',  ( 1.000000000000000000, 0.000000000000000000, -2.254203901386922010E-16 ) ) ;
#2264 = ADVANCED_FACE ( 'NONE', ( #1439 ), #943, .F. ) ;
#2265 = FILL_AREA_STYLE ('',( #2213 ) ) ;
#2266 = EDGE_CURVE ( 'NONE', #1626, #1468, #1154, .T. ) ;
#2267 = DIRECTION ( 'NONE',  ( 1.000000000000000000, -0.000000000000000000, -0.000000000000000000 ) ) ;
#2268 = FILL_AREA_STYLE ('',( #2281 ) ) ;
#2269 = ORIENTED_EDGE ( 'NONE', *, *, #2757, .F. ) ;
#2270 = SURFACE_SIDE_STYLE ('',( #1790 ) ) ;
#2271 = ORIENTED_EDGE ( 'NONE', *, *, #441, .F. ) ;
#2272 = FACE_OUTER_BOUND ( 'NONE', #1284, .T. ) ;
#2273 = PRESENTATION_LAYER_ASSIGNMENT (  '', '', ( #674 ) ) ;
#2274 = SURFACE_SIDE_STYLE ('',( #2064 ) ) ;
#2275 = DIRECTION ( 'NONE',  ( -0.000000000000000000, -1.000000000000000000, -0.000000000000000000 ) ) ;
#2276 = CARTESIAN_POINT ( 'NONE',  ( 0.000000000000000000, 0.000000000000000000, 7.214969897748558125 ) ) ;
#2277 = FACE_OUTER_BOUND ( 'NONE', #513, .T. ) ;
#2278 = UNCERTAINTY_MEASURE_WITH_UNIT (LENGTH_MEASURE( 1.000000000000000082E-05 ), #630, 'distance_accuracy_value', 'NONE');
#2279 = EDGE_CURVE ( 'NONE', #1734, #1067, #1876, .T. ) ;
#2280 = SURFACE_STYLE_USAGE ( .BOTH. , #721 ) ;
#2281 = FILL_AREA_STYLE_COLOUR ( '', #1977 ) ;
#2283 = CARTESIAN_POINT ( 'NONE',  ( -6.025000000000000355, 4.160521579951309334, -4.289830102251443122 ) ) ;
#2282 = SURFACE_STYLE_FILL_AREA ( #463 ) ;
#2284 = COLOUR_RGB ( '',0.3411764705882353033, 0.8392156862745098200, 0.4117647058823529216 ) ;
#2285 = ORIENTED_EDGE ( 'NONE', *, *, #2879, .F. ) ;
#2286 = STYLED_ITEM ( 'NONE', ( #1134 ), #1458 ) ;
#2287 = PRESENTATION_LAYER_ASSIGNMENT (  '', '', ( #1625 ) ) ;
#2288 = CARTESIAN_POINT ( 'NONE',  ( 3.696378337327010044, 46.69741199371047458, 7.214969897748558125 ) ) ;
#2289 = ORIENTED_EDGE ( 'NONE', *, *, #360, .T. ) ;
#2290 = COLOUR_RGB ( '',0.3411764705882353033, 0.8392156862745098200, 0.4117647058823529216 ) ;
#2291 = MECHANICAL_DESIGN_GEOMETRIC_PRESENTATION_REPRESENTATION (  '', ( #1678 ), #1152 ) ;
#2292 = CARTESIAN_POINT ( 'NONE',  ( 6.524999999999999467, 3.660521579951309334, 7.714969897748558125 ) ) ;
#2293 = LINE ( 'NONE', #2309, #2248 ) ;
#2294 =( GEOMETRIC_REPRESENTATION_CONTEXT ( 3 ) GLOBAL_UNCERTAINTY_ASSIGNED_CONTEXT ( ( #280 ) ) GLOBAL_UNIT_ASSIGNED_CONTEXT ( ( #129, #1244, #2675 ) ) REPRESENTATION_CONTEXT ( 'NONE', 'WORKASPACE' ) );
#2295 = ORIENTED_EDGE ( 'NONE', *, *, #752, .F. ) ;
#2296 = LINE ( 'NONE', #273, #2328 ) ;
#2297 =( NAMED_UNIT ( * ) SI_UNIT ( $, .STERADIAN. ) SOLID_ANGLE_UNIT ( ) );
#2298 = CIRCLE ( 'NONE', #800, 0.5000000000000004441 ) ;
#2299 = SURFACE_STYLE_USAGE ( .BOTH. , #1187 ) ;
#2301 = CARTESIAN_POINT ( 'NONE',  ( 0.000000000000000000, 26.15224969871037430, 4.229649326822441324 ) ) ;
#2300 = FILL_AREA_STYLE_COLOUR ( '', #828 ) ;
#2302 = EDGE_CURVE ( 'NONE', #195, #1034, #320, .T. ) ;
#2303 = ORIENTED_EDGE ( 'NONE', *, *, #1144, .T. ) ;
#2304 = DIRECTION ( 'NONE',  ( 0.000000000000000000, 2.890049773385324529E-16, -1.000000000000000000 ) ) ;
#2305 = LINE ( 'NONE', #2086, #1492 ) ;
#2306 = ORIENTED_EDGE ( 'NONE', *, *, #898, .T. ) ;
#2307 = PRESENTATION_STYLE_ASSIGNMENT (( #2561 ) ) ;
#2308 = CARTESIAN_POINT ( 'NONE',  ( 0.000000000000000000, 42.94258221498455441, 7.007438142951594173 ) ) ;
#2309 = CARTESIAN_POINT ( 'NONE',  ( -6.025000000000000355, 0.000000000000000000, 0.000000000000000000 ) ) ;
#2310 = EDGE_LOOP ( 'NONE', ( #2324, #1312, #2437, #1223 ) ) ;
#2311 = EDGE_CURVE ( 'NONE', #2947, #1626, #2077, .T. ) ;
#2312 = DIRECTION ( 'NONE',  ( 1.044048461580570585E-32, 1.000000000000000000, -0.000000000000000000 ) ) ;
#2313 = FACE_OUTER_BOUND ( 'NONE', #20, .T. ) ;
#2314 = UNCERTAINTY_MEASURE_WITH_UNIT (LENGTH_MEASURE( 1.000000000000000082E-05 ), #91, 'distance_accuracy_value', 'NONE');
#2315 = FACE_OUTER_BOUND ( 'NONE', #1495, .T. ) ;
#2316 = LINE ( 'NONE', #766, #1630 ) ;
#2318 =( NAMED_UNIT ( * ) PLANE_ANGLE_UNIT ( ) SI_UNIT ( $, .RADIAN. ) );
#2317 = CARTESIAN_POINT ( 'NONE',  ( -4.499999999999999112, 10.40492157995131173, -1.734723475976807094E-15 ) ) ;
#2319 = EDGE_LOOP ( 'NONE', ( #494, #167, #1389, #532 ) ) ;
#2320 = SURFACE_STYLE_FILL_AREA ( #2766 ) ;
#2321 = EDGE_CURVE ( 'NONE', #2682, #2684, #2296, .T. ) ;
#2322 =( NAMED_UNIT ( * ) SI_UNIT ( $, .STERADIAN. ) SOLID_ANGLE_UNIT ( ) );
#2323 = UNCERTAINTY_MEASURE_WITH_UNIT (LENGTH_MEASURE( 1.000000000000000082E-05 ), #249, 'distance_accuracy_value', 'NONE');
#2324 = ORIENTED_EDGE ( 'NONE', *, *, #2813, .F. ) ;
#2325 = LINE ( 'NONE', #1133, #2155 ) ;
#2326 = EDGE_CURVE ( 'NONE', #1213, #1730, #44, .T. ) ;
#2327 = FACE_OUTER_BOUND ( 'NONE', #2493, .T. ) ;
#2328 = VECTOR ( 'NONE', #527, 1000.000000000000000 ) ;
#2329 = ORIENTED_EDGE ( 'NONE', *, *, #2311, .F. ) ;
#2330 = ADVANCED_FACE ( 'NONE', ( #301 ), #750, .T. ) ;
#2331 = VECTOR ( 'NONE', #2733, 1000.000000000000000 ) ;
#2332 = CARTESIAN_POINT ( 'NONE',  ( 0.000000000000000000, 42.38702445175871958, 1.801656139391032196 ) ) ;
#2333 = VECTOR ( 'NONE', #1033, 1000.000000000000000 ) ;
#2334 = DIRECTION ( 'NONE',  ( 0.000000000000000000, 0.000000000000000000, -1.000000000000000000 ) ) ;
#2335 = PLANE ( 'NONE',  #1852 ) ;
#2337 = DIRECTION ( 'NONE',  ( 0.000000000000000000, 0.000000000000000000, -1.000000000000000000 ) ) ;
#2336 = PRESENTATION_STYLE_ASSIGNMENT (( #983 ) ) ;
#2338 = EDGE_LOOP ( 'NONE', ( #837, #1270, #614, #792 ) ) ;
#2339 = MECHANICAL_DESIGN_GEOMETRIC_PRESENTATION_REPRESENTATION (  '', ( #305 ), #2586 ) ;
#2340 = ORIENTED_EDGE ( 'NONE', *, *, #53, .F. ) ;
#2341 = DIRECTION ( 'NONE',  ( 0.000000000000000000, -1.445024886692662264E-16, 1.000000000000000000 ) ) ;
#2342 = AXIS2_PLACEMENT_3D ( 'NONE', #1046, #1968, #158 ) ;
#2343 = STYLED_ITEM ( 'NONE', ( #1447 ), #322 ) ;
#2344 = DIRECTION ( 'NONE',  ( 0.000000000000000000, 1.000000000000000000, 0.000000000000000000 ) ) ;
#2345 =( NAMED_UNIT ( * ) PLANE_ANGLE_UNIT ( ) SI_UNIT ( $, .RADIAN. ) );
#2346 = COLOUR_RGB ( '',1.000000000000000000, 1.000000000000000000, 1.000000000000000000 ) ;
#2347 = VERTEX_POINT ( 'NONE', #2412 ) ;
#2348 = PRESENTATION_LAYER_ASSIGNMENT (  '', '', ( #1157 ) ) ;
#2349 = AXIS2_PLACEMENT_3D ( 'NONE', #1433, #2717, #153 ) ;
#2350 = CARTESIAN_POINT ( 'NONE',  ( -6.525000000000000355, 0.000000000000000000, 0.000000000000000000 ) ) ;
#2351 = CARTESIAN_POINT ( 'NONE',  ( 1.860000000000000542, 49.19862535933381054, 7.007438142951595061 ) ) ;
#2352 = VECTOR ( 'NONE', #1600, 1000.000000000000000 ) ;
#2353 = CARTESIAN_POINT ( 'NONE',  ( -3.696378337327010044, 46.69741199371047458, 0.4817457909815919814 ) ) ;
#2354 = PLANE ( 'NONE',  #5 ) ;
#2356 = PRESENTATION_STYLE_ASSIGNMENT (( #160 ) ) ;
#2355 = FACE_OUTER_BOUND ( 'NONE', #2156, .T. ) ;
#2357 = ORIENTED_EDGE ( 'NONE', *, *, #1271, .F. ) ;
#2358 = CARTESIAN_POINT ( 'NONE',  ( -6.025000000000000355, 15.64932157995131057, 7.714969897748558125 ) ) ;
#2359 = ORIENTED_EDGE ( 'NONE', *, *, #2919, .F. ) ;
#2360 = PRODUCT ( 'NE182UEEP6AMP', 'NE182UEEP6AMP', '', ( #1942 ) ) ;
#2361 = CARTESIAN_POINT ( 'NONE',  ( -1.859999999999999654, 41.08860207386216956, 3.756396417407844357 ) ) ;
#2362 = CARTESIAN_POINT ( 'NONE',  ( -6.025000000000000355, 15.64932157995130702, -4.289830102251443122 ) ) ;
#2363 = DIRECTION ( 'NONE',  ( -0.000000000000000000, -1.000000000000000000, -0.000000000000000000 ) ) ;
#2364 = VERTEX_POINT ( 'NONE', #1964 ) ;
#2365 = EDGE_CURVE ( 'NONE', #37, #2564, #1036, .T. ) ;
#2366 = SURFACE_SIDE_STYLE ('',( #627 ) ) ;
#2367 = PLANE ( 'NONE',  #549 ) ;
#2368 = CARTESIAN_POINT ( 'NONE',  ( 1.860000000000000542, 46.02901423290583693, 3.756396417407844357 ) ) ;
#2369 = ADVANCED_FACE ( 'NONE', ( #2184 ), #1737, .T. ) ;
#2370 = FILL_AREA_STYLE_COLOUR ( '', #243 ) ;
#2372 = CARTESIAN_POINT ( 'NONE',  ( -6.524999999999999467, 16.14932157995130879, -4.289830102251443122 ) ) ;
#2371 = CARTESIAN_POINT ( 'NONE',  ( 6.524999999999999467, 0.000000000000000000, 0.000000000000000000 ) ) ;
#2373 = ORIENTED_EDGE ( 'NONE', *, *, #1541, .F. ) ;
#2374 = DIRECTION ( 'NONE',  ( 0.000000000000000000, 0.000000000000000000, -1.000000000000000000 ) ) ;
#2375 = VERTEX_POINT ( 'NONE', #2663 ) ;
#2376 = FILL_AREA_STYLE_COLOUR ( '', #2935 ) ;
#2377 = FILL_AREA_STYLE ('',( #716 ) ) ;
#2378 = DIRECTION ( 'NONE',  ( 0.000000000000000000, 0.000000000000000000, -1.000000000000000000 ) ) ;
#2379 = CARTESIAN_POINT ( 'NONE',  ( 7.404099999999999682, 25.38192949279104127, 0.000000000000000000 ) ) ;
#2380 = ORIENTED_EDGE ( 'NONE', *, *, #1673, .T. ) ;
#2381 = CARTESIAN_POINT ( 'NONE',  ( -6.524999999999999467, 4.160521579951309334, -4.289830102251443122 ) ) ;
#2382 = VECTOR ( 'NONE', #514, 1000.000000000000000 ) ;
#2383 = VECTOR ( 'NONE', #2197, 1000.000000000000000 ) ;
#2384 = CARTESIAN_POINT ( 'NONE',  ( 6.025000000000000355, 4.160521579951309334, 7.714969897748558125 ) ) ;
#2386 = CARTESIAN_POINT ( 'NONE',  ( -1.859999999999999654, 49.19862535933381054, 3.756396417407844357 ) ) ;
#2385 = DIRECTION ( 'NONE',  ( -2.167537330038992903E-16, -1.445024886692661771E-16, 1.000000000000000000 ) ) ;
#2387 = ORIENTED_EDGE ( 'NONE', *, *, #802, .F. ) ;
#2388 = EDGE_CURVE ( 'NONE', #1345, #1012, #1719, .T. ) ;
#2389 = LINE ( 'NONE', #1974, #553 ) ;
#2390 = FACE_OUTER_BOUND ( 'NONE', #575, .T. ) ;
#2391 = ORIENTED_EDGE ( 'NONE', *, *, #2423, .F. ) ;
#2392 = CARTESIAN_POINT ( 'NONE',  ( -6.025000000000000355, 4.160521579951309334, -4.789830102251444899 ) ) ;
#2393 = VECTOR ( 'NONE', #2588, 1000.000000000000000 ) ;
#2394 = EDGE_CURVE ( 'NONE', #299, #763, #1228, .T. ) ;
#2395 = STYLED_ITEM ( 'NONE', ( #2779 ), #1274 ) ;
#2396 =( GEOMETRIC_REPRESENTATION_CONTEXT ( 3 ) GLOBAL_UNCERTAINTY_ASSIGNED_CONTEXT ( ( #1459 ) ) GLOBAL_UNIT_ASSIGNED_CONTEXT ( ( #1463, #1487, #806 ) ) REPRESENTATION_CONTEXT ( 'NONE', 'WORKASPACE' ) );
#2397 = EDGE_LOOP ( 'NONE', ( #2465, #1456, #905, #1710, #1816 ) ) ;
#2398 = PRESENTATION_LAYER_ASSIGNMENT (  '', '', ( #1108 ) ) ;
#2399 = FILL_AREA_STYLE ('',( #1469 ) ) ;
#2400 = AXIS2_PLACEMENT_3D ( 'NONE', #1912, #1663, #2374 ) ;
#2401 = AXIS2_PLACEMENT_3D ( 'NONE', #1614, #2529, #497 ) ;
#2402 = CYLINDRICAL_SURFACE ( 'NONE', #1709, 0.5000000000000004441 ) ;
#2403 =( NAMED_UNIT ( * ) PLANE_ANGLE_UNIT ( ) SI_UNIT ( $, .RADIAN. ) );
#2404 = ORIENTED_EDGE ( 'NONE', *, *, #2757, .T. ) ;
#2405 =( NAMED_UNIT ( * ) PLANE_ANGLE_UNIT ( ) SI_UNIT ( $, .RADIAN. ) );
#2406 = LINE ( 'NONE', #1050, #1351 ) ;
#2407 = ORIENTED_EDGE ( 'NONE', *, *, #1494, .T. ) ;
#2408 =( NAMED_UNIT ( * ) SI_UNIT ( $, .STERADIAN. ) SOLID_ANGLE_UNIT ( ) );
#2409 = EDGE_CURVE ( 'NONE', #2866, #895, #155, .T. ) ;
#2410 = CYLINDRICAL_SURFACE ( 'NONE', #1478, 1.625520862771874908 ) ;
#2411 = ORIENTED_EDGE ( 'NONE', *, *, #2613, .T. ) ;
#2412 = CARTESIAN_POINT ( 'NONE',  ( 5.500000000000000888, 9.904921579951311728, -4.289830102251444011 ) ) ;
#2413 = FILL_AREA_STYLE_COLOUR ( '', #643 ) ;
#2414 = UNCERTAINTY_MEASURE_WITH_UNIT (LENGTH_MEASURE( 1.000000000000000082E-05 ), #1552, 'distance_accuracy_value', 'NONE');
#2415 = ADVANCED_FACE ( 'NONE', ( #1074 ), #2424, .F. ) ;
#2416 = SURFACE_STYLE_FILL_AREA ( #2874 ) ;
#2417 = DIRECTION ( 'NONE',  ( -1.000000000000000000, 0.000000000000000000, 4.456370296023766298E-17 ) ) ;
#2418 = ORIENTED_EDGE ( 'NONE', *, *, #1489, .F. ) ;
#2419 = DIRECTION ( 'NONE',  ( 1.246587554778148159E-16, -0.000000000000000000, 1.000000000000000000 ) ) ;
#2420 = ORIENTED_EDGE ( 'NONE', *, *, #2934, .F. ) ;
#2421 = CARTESIAN_POINT ( 'NONE',  ( 7.404099999999999682, 25.38192949279104127, 8.214969897748558125 ) ) ;
#2422 = ORIENTED_EDGE ( 'NONE', *, *, #702, .T. ) ;
#2423 = EDGE_CURVE ( 'NONE', #894, #1591, #2467, .T. ) ;
#2424 = PLANE ( 'NONE',  #102 ) ;
#2425 = SURFACE_STYLE_FILL_AREA ( #1350 ) ;
#2426 = ADVANCED_FACE ( 'NONE', ( #867 ), #2456, .T. ) ;
#2427 = PLANE ( 'NONE',  #838 ) ;
#2429 = DIRECTION ( 'NONE',  ( -1.000000000000000000, 3.132145384741711618E-32, -2.167537330038992903E-16 ) ) ;
#2428 = CARTESIAN_POINT ( 'NONE',  ( 1.923875957837599460, 48.03483042909734024, 2.439940086393481700 ) ) ;
#2430 = ADVANCED_FACE ( 'NONE', ( #11 ), #421, .F. ) ;
#2431 = ORIENTED_EDGE ( 'NONE', *, *, #1474, .T. ) ;
#2432 = FILL_AREA_STYLE ('',( #2203 ) ) ;
#2433 = DIRECTION ( 'NONE',  ( 1.000000000000000000, -0.000000000000000000, -0.000000000000000000 ) ) ;
#2434 = VERTEX_POINT ( 'NONE', #467 ) ;
#2435 = SURFACE_SIDE_STYLE ('',( #863 ) ) ;
#2436 = CARTESIAN_POINT ( 'NONE',  ( 3.696378337327010044, 25.38192949279104127, 0.4817457909815910377 ) ) ;
#2437 = ORIENTED_EDGE ( 'NONE', *, *, #815, .T. ) ;
#2438 =( LENGTH_UNIT ( ) NAMED_UNIT ( * ) SI_UNIT ( .MILLI., .METRE. ) );
#2439 = CIRCLE ( 'NONE', #2597, 0.5000000000000022204 ) ;
#2440 = COLOUR_RGB ( '',1.000000000000000000, 1.000000000000000000, 1.000000000000000000 ) ;
#2441 = VECTOR ( 'NONE', #192, 1000.000000000000000 ) ;
#2442 = MECHANICAL_DESIGN_GEOMETRIC_PRESENTATION_REPRESENTATION (  '', ( #2691 ), #2009 ) ;
#2443 =( NAMED_UNIT ( * ) SI_UNIT ( $, .STERADIAN. ) SOLID_ANGLE_UNIT ( ) );
#2444 = SURFACE_SIDE_STYLE ('',( #1764 ) ) ;
#2445 = VECTOR ( 'NONE', #1826, 1000.000000000000000 ) ;
#2446 =( GEOMETRIC_REPRESENTATION_CONTEXT ( 3 ) GLOBAL_UNCERTAINTY_ASSIGNED_CONTEXT ( ( #2224 ) ) GLOBAL_UNIT_ASSIGNED_CONTEXT ( ( #2937, #1316, #2483 ) ) REPRESENTATION_CONTEXT ( 'NONE', 'WORKASPACE' ) );
#2447 = ORIENTED_EDGE ( 'NONE', *, *, #2700, .F. ) ;
#2448 = VECTOR ( 'NONE', #916, 1000.000000000000000 ) ;
#2449 = COLOUR_RGB ( '',1.000000000000000000, 1.000000000000000000, 1.000000000000000000 ) ;
#2450 = DIRECTION ( 'NONE',  ( -0.000000000000000000, -2.890049773385324036E-16, 1.000000000000000000 ) ) ;
#2451 = VERTEX_POINT ( 'NONE', #236 ) ;
#2452 = CARTESIAN_POINT ( 'NONE',  ( -3.696378337327010044, 46.69741199371047458, 0.4817457909815919814 ) ) ;
#2453 = STYLED_ITEM ( 'NONE', ( #1572 ), #2822 ) ;
#2454 = ORIENTED_EDGE ( 'NONE', *, *, #2879, .T. ) ;
#2455 = CARTESIAN_POINT ( 'NONE',  ( -3.696378337327010044, 32.32753054294656891, 0.4817457909815919814 ) ) ;
#2456 = CYLINDRICAL_SURFACE ( 'NONE', #582, 3.580261140788687513 ) ;
#2457 = CARTESIAN_POINT ( 'NONE',  ( 6.524999999999999467, 16.64932157995131234, -4.289830102251443122 ) ) ;
#2458 = ADVANCED_FACE ( 'NONE', ( #1793 ), #2235, .T. ) ;
#2459 = VERTEX_POINT ( 'NONE', #1349 ) ;
#2460 = CARTESIAN_POINT ( 'NONE',  ( -3.696378337327010044, 36.69795410227509080, 0.4817457909815919814 ) ) ;
#2461 = DIRECTION ( 'NONE',  ( 0.000000000000000000, 0.000000000000000000, -1.000000000000000000 ) ) ;
#2462 = VERTEX_POINT ( 'NONE', #1084 ) ;
#2463 = SURFACE_STYLE_USAGE ( .BOTH. , #1053 ) ;
#2464 = EDGE_CURVE ( 'NONE', #1574, #1863, #2002, .T. ) ;
#2465 = ORIENTED_EDGE ( 'NONE', *, *, #952, .T. ) ;
#2466 = DIRECTION ( 'NONE',  ( -0.000000000000000000, -1.000000000000000000, -0.000000000000000000 ) ) ;
#2467 = LINE ( 'NONE', #2482, #2331 ) ;
#2468 = DIRECTION ( 'NONE',  ( 1.000000000000000000, 0.000000000000000000, 0.000000000000000000 ) ) ;
#2469 = PRESENTATION_STYLE_ASSIGNMENT (( #1305 ) ) ;
#2470 = DIRECTION ( 'NONE',  ( 1.000000000000000000, 0.000000000000000000, 0.000000000000000000 ) ) ;
#2471 = VERTEX_POINT ( 'NONE', #199 ) ;
#2472 = CARTESIAN_POINT ( 'NONE',  ( -6.524999999999999467, 15.64932157995131057, 7.714969897748558125 ) ) ;
#2473 = CARTESIAN_POINT ( 'NONE',  ( -1.859999999999999654, 49.19862535933381054, 7.007438142951595061 ) ) ;
#2474 = VECTOR ( 'NONE', #1893, 1000.000000000000000 ) ;
#2475 = ADVANCED_FACE ( 'NONE', ( #896 ), #2254, .T. ) ;
#2476 = VERTEX_POINT ( 'NONE', #701 ) ;
#2477 = SURFACE_SIDE_STYLE ('',( #444 ) ) ;
#2478 = AXIS2_PLACEMENT_3D ( 'NONE', #1917, #797, #2378 ) ;
#2479 = ORIENTED_EDGE ( 'NONE', *, *, #478, .F. ) ;
#2480 = CYLINDRICAL_SURFACE ( 'NONE', #1194, 0.5000000000000004441 ) ;
#2481 = STYLED_ITEM ( 'NONE', ( #2506 ), #2776 ) ;
#2482 = CARTESIAN_POINT ( 'NONE',  ( 1.990688921540820532E-16, 26.15224969871037430, 7.007438142951594173 ) ) ;
#2483 =( NAMED_UNIT ( * ) SI_UNIT ( $, .STERADIAN. ) SOLID_ANGLE_UNIT ( ) );
#2484 = STYLED_ITEM ( 'NONE', ( #625 ), #76 ) ;
#2485 =( NAMED_UNIT ( * ) SI_UNIT ( $, .STERADIAN. ) SOLID_ANGLE_UNIT ( ) );
#2486 = PRESENTATION_STYLE_ASSIGNMENT (( #1544 ) ) ;
#2487 = VECTOR ( 'NONE', #1892, 1000.000000000000000 ) ;
#2488 = AXIS2_PLACEMENT_3D ( 'NONE', #63, #545, #1410 ) ;
#2489 = LINE ( 'NONE', #460, #1918 ) ;
#2490 = PRESENTATION_STYLE_ASSIGNMENT (( #2050 ) ) ;
#2491 = AXIS2_PLACEMENT_3D ( 'NONE', #1099, #1329, #409 ) ;
#2492 = VECTOR ( 'NONE', #1981, 1000.000000000000000 ) ;
#2493 = EDGE_LOOP ( 'NONE', ( #906, #2225, #2852, #2422 ) ) ;
#2494 = CIRCLE ( 'NONE', #2541, 2.222231052903322901 ) ;
#2495 = EDGE_CURVE ( 'NONE', #1082, #1167, #2144, .T. ) ;
#2496 = PRESENTATION_LAYER_ASSIGNMENT (  '', '', ( #1301 ) ) ;
#2497 = ORIENTED_EDGE ( 'NONE', *, *, #2772, .F. ) ;
#2498 = LINE ( 'NONE', #2933, #164 ) ;
#2499 = ADVANCED_FACE ( 'NONE', ( #1416 ), #2758, .T. ) ;
#2500 =( NAMED_UNIT ( * ) SI_UNIT ( $, .STERADIAN. ) SOLID_ANGLE_UNIT ( ) );
#2501 = MECHANICAL_DESIGN_GEOMETRIC_PRESENTATION_REPRESENTATION (  '', ( #465 ), #1211 ) ;
#2502 = LINE ( 'NONE', #924, #1295 ) ;
#2503 = UNCERTAINTY_MEASURE_WITH_UNIT (LENGTH_MEASURE( 1.000000000000000082E-05 ), #1660, 'distance_accuracy_value', 'NONE');
#2504 = DIRECTION ( 'NONE',  ( 1.000000000000000000, 0.000000000000000000, 0.000000000000000000 ) ) ;
#2505 = LINE ( 'NONE', #653, #1731 ) ;
#2506 = PRESENTATION_STYLE_ASSIGNMENT (( #1601 ) ) ;
#2507 = ORIENTED_EDGE ( 'NONE', *, *, #1091, .F. ) ;
#2508 = FACE_OUTER_BOUND ( 'NONE', #813, .T. ) ;
#2509 = VERTEX_POINT ( 'NONE', #1851 ) ;
#2510 = SURFACE_STYLE_FILL_AREA ( #1886 ) ;
#2511 = DIRECTION ( 'NONE',  ( 0.000000000000000000, 0.000000000000000000, -1.000000000000000000 ) ) ;
#2512 = EDGE_CURVE ( 'NONE', #715, #508, #2770, .T. ) ;
#2513 = DIRECTION ( 'NONE',  ( 0.000000000000000000, 0.000000000000000000, -1.000000000000000000 ) ) ;
#2514 =( NAMED_UNIT ( * ) SI_UNIT ( $, .STERADIAN. ) SOLID_ANGLE_UNIT ( ) );
#2515 = DIRECTION ( 'NONE',  ( -1.000000000000000000, -0.000000000000000000, 0.000000000000000000 ) ) ;
#2516 = CARTESIAN_POINT ( 'NONE',  ( 6.025000000000000355, 16.14932157995130879, -4.289830102251443122 ) ) ;
#2517 = EDGE_CURVE ( 'NONE', #43, #1913, #1212, .T. ) ;
#2518 = CARTESIAN_POINT ( 'NONE',  ( 6.025000000000000355, 4.660521579951310223, 7.714969897748558125 ) ) ;
#2520 = DIRECTION ( 'NONE',  ( 0.000000000000000000, 0.000000000000000000, -1.000000000000000000 ) ) ;
#2519 = LINE ( 'NONE', #854, #699 ) ;
#2521 = ORIENTED_EDGE ( 'NONE', *, *, #2782, .F. ) ;
#2522 = CARTESIAN_POINT ( 'NONE',  ( -7.404099999999999682, 0.000000000000000000, 0.000000000000000000 ) ) ;
#2523 = ORIENTED_EDGE ( 'NONE', *, *, #1346, .F. ) ;
#2524 = PRESENTATION_STYLE_ASSIGNMENT (( #1606 ) ) ;
#2525 = CARTESIAN_POINT ( 'NONE',  ( -7.404099999999999682, 0.000000000000000000, 8.214969897748558125 ) ) ;
#2526 = ORIENTED_EDGE ( 'NONE', *, *, #833, .F. ) ;
#2527 =( NAMED_UNIT ( * ) PLANE_ANGLE_UNIT ( ) SI_UNIT ( $, .RADIAN. ) );
#2528 = CARTESIAN_POINT ( 'NONE',  ( 7.404099999999999682, 0.000000000000000000, 0.000000000000000000 ) ) ;
#2529 = DIRECTION ( 'NONE',  ( 1.000000000000000000, 0.000000000000000000, 0.000000000000000000 ) ) ;
#2530 = CLOSED_SHELL ( 'NONE', ( #2426, #1608, #2951, #1796, #1549, #851, #1952, #522, #2634, #500, #2557, #430, #2599, #772, #1304, #2956, #2149, #1956, #1162, #941, #176, #194, #2227, #388, #670, #2430, #1256, #973, #829 ) ) ;
#2531 = DIRECTION ( 'NONE',  ( 0.000000000000000000, 1.000000000000000000, 0.000000000000000000 ) ) ;
#2533 = DIRECTION ( 'NONE',  ( 0.000000000000000000, 0.000000000000000000, -1.000000000000000000 ) ) ;
#2532 =( LENGTH_UNIT ( ) NAMED_UNIT ( * ) SI_UNIT ( .MILLI., .METRE. ) );
#2534 = COLOUR_RGB ( '',1.000000000000000000, 1.000000000000000000, 1.000000000000000000 ) ;
#2535 =( GEOMETRIC_REPRESENTATION_CONTEXT ( 3 ) GLOBAL_UNCERTAINTY_ASSIGNED_CONTEXT ( ( #2079 ) ) GLOBAL_UNIT_ASSIGNED_CONTEXT ( ( #1466, #1209, #116 ) ) REPRESENTATION_CONTEXT ( 'NONE', 'WORKASPACE' ) );
#2536 = EDGE_LOOP ( 'NONE', ( #110, #2659, #1014, #2239 ) ) ;
#2537 = STYLED_ITEM ( 'NONE', ( #2669 ), #1555 ) ;
#2538 = LINE ( 'NONE', #934, #1029 ) ;
#2539 = PRODUCT_DEFINITION_CONTEXT ( 'detailed design', #1795, 'design' ) ;
#2540 = EDGE_LOOP ( 'NONE', ( #263, #1259, #2340, #154 ) ) ;
#2541 = AXIS2_PLACEMENT_3D ( 'NONE', #840, #611, #385 ) ;
#2542 = VECTOR ( 'NONE', #1417, 1000.000000000000000 ) ;
#2543 =( NAMED_UNIT ( * ) SI_UNIT ( $, .STERADIAN. ) SOLID_ANGLE_UNIT ( ) );
#2544 = VECTOR ( 'NONE', #2739, 1000.000000000000000 ) ;
#2545 = COLOUR_RGB ( '',1.000000000000000000, 1.000000000000000000, 1.000000000000000000 ) ;
#2546 = PRESENTATION_STYLE_ASSIGNMENT (( #283 ) ) ;
#2547 = LINE ( 'NONE', #1405, #2944 ) ;
#2548 = EDGE_LOOP ( 'NONE', ( #2271, #327, #1726, #985 ) ) ;
#2549 = CARTESIAN_POINT ( 'NONE',  ( -7.414099999999999469, 32.32753054294656891, 14.83506833116842927 ) ) ;
#2550 = FACE_BOUND ( 'NONE', #1995, .T. ) ;
#2551 = EDGE_CURVE ( 'NONE', #299, #615, #511, .T. ) ;
#2552 = LINE ( 'NONE', #1186, #635 ) ;
#2553 = FACE_BOUND ( 'NONE', #1343, .T. ) ;
#2555 = SURFACE_STYLE_USAGE ( .BOTH. , #36 ) ;
#2554 = FACE_OUTER_BOUND ( 'NONE', #285, .T. ) ;
#2556 = ORIENTED_EDGE ( 'NONE', *, *, #758, .T. ) ;
#2557 = ADVANCED_FACE ( 'NONE', ( #1002, #1641 ), #1902, .F. ) ;
#2558 = CARTESIAN_POINT ( 'NONE',  ( 1.990688921540820532E-16, 45.02077977371821760, 7.007438142951594173 ) ) ;
#2559 = SURFACE_SIDE_STYLE ('',( #1027 ) ) ;
#2560 = ORIENTED_EDGE ( 'NONE', *, *, #752, .T. ) ;
#2561 = SURFACE_STYLE_USAGE ( .BOTH. , #1640 ) ;
#2562 = PRESENTATION_STYLE_ASSIGNMENT (( #2793 ) ) ;
#2563 = DIRECTION ( 'NONE',  ( 0.000000000000000000, 0.000000000000000000, -1.000000000000000000 ) ) ;
#2564 = VERTEX_POINT ( 'NONE', #2804 ) ;
#2565 = DIRECTION ( 'NONE',  ( 0.000000000000000000, -1.000000000000000000, 0.000000000000000000 ) ) ;
#2566 = UNCERTAINTY_MEASURE_WITH_UNIT (LENGTH_MEASURE( 1.000000000000000082E-05 ), #663, 'distance_accuracy_value', 'NONE');
#2567 = CARTESIAN_POINT ( 'NONE',  ( 4.708463619067515538, 25.38192949279104127, 7.214969897748558125 ) ) ;
#2569 = DIRECTION ( 'NONE',  ( -0.000000000000000000, -1.000000000000000000, -0.000000000000000000 ) ) ;
#2568 = DIRECTION ( 'NONE',  ( 0.000000000000000000, 0.000000000000000000, 1.000000000000000000 ) ) ;
#2570 = ORIENTED_EDGE ( 'NONE', *, *, #426, .T. ) ;
#2571 =( NAMED_UNIT ( * ) PLANE_ANGLE_UNIT ( ) SI_UNIT ( $, .RADIAN. ) );
#2572 = FILL_AREA_STYLE_COLOUR ( '', #1873 ) ;
#2573 = ORIENTED_EDGE ( 'NONE', *, *, #2495, .T. ) ;
#2574 = CARTESIAN_POINT ( 'NONE',  ( -1.859999999999999654, 41.08860207386216956, 3.756396417407844357 ) ) ;
#2575 = CARTESIAN_POINT ( 'NONE',  ( -6.524999999999999467, 4.660521579951310223, 7.714969897748558125 ) ) ;
#2576 = AXIS2_PLACEMENT_3D ( 'NONE', #1135, #2470, #676 ) ;
#2577 = ORIENTED_EDGE ( 'NONE', *, *, #1593, .F. ) ;
#2578 = AXIS2_PLACEMENT_3D ( 'NONE', #846, #172, #571 ) ;
#2579 = LINE ( 'NONE', #2528, #344 ) ;
#2580 =( GEOMETRIC_REPRESENTATION_CONTEXT ( 3 ) GLOBAL_UNCERTAINTY_ASSIGNED_CONTEXT ( ( #936 ) ) GLOBAL_UNIT_ASSIGNED_CONTEXT ( ( #476, #2345, #524 ) ) REPRESENTATION_CONTEXT ( 'NONE', 'WORKASPACE' ) );
#2581 = DIRECTION ( 'NONE',  ( 0.000000000000000000, 1.000000000000000000, 0.000000000000000000 ) ) ;
#2582 = LINE ( 'NONE', #337, #909 ) ;
#2583 = DIRECTION ( 'NONE',  ( 0.000000000000000000, 0.000000000000000000, 1.000000000000000000 ) ) ;
#2584 = ORIENTED_EDGE ( 'NONE', *, *, #892, .T. ) ;
#2585 = CARTESIAN_POINT ( 'NONE',  ( 1.860000000000000542, 41.08860207386216956, 3.756396417407844357 ) ) ;
#2586 =( GEOMETRIC_REPRESENTATION_CONTEXT ( 3 ) GLOBAL_UNCERTAINTY_ASSIGNED_CONTEXT ( ( #781 ) ) GLOBAL_UNIT_ASSIGNED_CONTEXT ( ( #492, #729, #2543 ) ) REPRESENTATION_CONTEXT ( 'NONE', 'WORKASPACE' ) );
#2587 = EDGE_LOOP ( 'NONE', ( #1038, #2215, #826, #523 ) ) ;
#2588 = DIRECTION ( 'NONE',  ( 0.000000000000000000, 1.000000000000000000, 0.000000000000000000 ) ) ;
#2589 = PRESENTATION_LAYER_ASSIGNMENT (  '', '', ( #2395 ) ) ;
#2590 = FILL_AREA_STYLE ('',( #1668 ) ) ;
#2591 = DIRECTION ( 'NONE',  ( -1.000000000000000000, 0.000000000000000000, 0.000000000000000000 ) ) ;
#2592 = VECTOR ( 'NONE', #803, 1000.000000000000000 ) ;
#2593 = VECTOR ( 'NONE', #1037, 1000.000000000000000 ) ;
#2594 = EDGE_LOOP ( 'NONE', ( #1697, #1718, #1642, #807, #2087, #448 ) ) ;
#2595 = EDGE_CURVE ( 'NONE', #225, #1118, #1652, .T. ) ;
#2596 = VECTOR ( 'NONE', #2816, 1000.000000000000000 ) ;
#2597 = AXIS2_PLACEMENT_3D ( 'NONE', #1412, #47, #2147 ) ;
#2598 = AXIS2_PLACEMENT_3D ( 'NONE', #1713, #2419, #1493 ) ;
#2599 = ADVANCED_FACE ( 'NONE', ( #568 ), #2410, .T. ) ;
#2600 = DIRECTION ( 'NONE',  ( 1.000000000000000000, 0.000000000000000000, 0.000000000000000000 ) ) ;
#2601 = LINE ( 'NONE', #529, #2017 ) ;
#2602 = DIRECTION ( 'NONE',  ( -0.000000000000000000, -1.000000000000000000, -0.000000000000000000 ) ) ;
#2603 = EDGE_LOOP ( 'NONE', ( #595, #2556, #1145, #1554 ) ) ;
#2604 = PRESENTATION_LAYER_ASSIGNMENT (  '', '', ( #2453 ) ) ;
#2605 = PLANE ( 'NONE',  #2051 ) ;
#2606 = FACE_OUTER_BOUND ( 'NONE', #2705, .T. ) ;
#2607 = ORIENTED_EDGE ( 'NONE', *, *, #1761, .T. ) ;
#2608 = PLANE ( 'NONE',  #1619 ) ;
#2609 = CARTESIAN_POINT ( 'NONE',  ( 6.025000000000000355, 3.660521579951307558, 0.000000000000000000 ) ) ;
#2610 = DIRECTION ( 'NONE',  ( -1.000000000000000000, 0.000000000000000000, 0.000000000000000000 ) ) ;
#2611 = EDGE_LOOP ( 'NONE', ( #135, #2718, #115, #2084 ) ) ;
#2612 = FILL_AREA_STYLE ('',( #780 ) ) ;
#2613 = EDGE_CURVE ( 'NONE', #37, #1962, #1257, .T. ) ;
#2614 = CARTESIAN_POINT ( 'NONE',  ( -6.025000000000000355, 16.14932157995130879, -4.289830102251443122 ) ) ;
#2615 =( NAMED_UNIT ( * ) SI_UNIT ( $, .STERADIAN. ) SOLID_ANGLE_UNIT ( ) );
#2617 = SURFACE_SIDE_STYLE ('',( #1696 ) ) ;
#2616 = CARTESIAN_POINT ( 'NONE',  ( 6.025000000000000355, 15.64932157995130702, 0.000000000000000000 ) ) ;
#2618 = ORIENTED_EDGE ( 'NONE', *, *, #978, .T. ) ;
#2619 = PLANE ( 'NONE',  #1203 ) ;
#2620 = FILL_AREA_STYLE_COLOUR ( '', #2160 ) ;
#2621 = ORIENTED_EDGE ( 'NONE', *, *, #1736, .T. ) ;
#2622 = CARTESIAN_POINT ( 'NONE',  ( 6.524999999999999467, 3.660521579951309334, 0.000000000000000000 ) ) ;
#2623 =( NAMED_UNIT ( * ) SI_UNIT ( $, .STERADIAN. ) SOLID_ANGLE_UNIT ( ) );
#2624 = DIRECTION ( 'NONE',  ( -1.000000000000000000, -0.000000000000000000, -0.000000000000000000 ) ) ;
#2625 = DIRECTION ( 'NONE',  ( 0.000000000000000000, -0.000000000000000000, -1.000000000000000000 ) ) ;
#2626 = ORIENTED_EDGE ( 'NONE', *, *, #226, .T. ) ;
#2627 =( LENGTH_UNIT ( ) NAMED_UNIT ( * ) SI_UNIT ( .MILLI., .METRE. ) );
#2628 = COLOUR_RGB ( '',1.000000000000000000, 1.000000000000000000, 1.000000000000000000 ) ;
#2629 =( LENGTH_UNIT ( ) NAMED_UNIT ( * ) SI_UNIT ( .MILLI., .METRE. ) );
#2630 = UNCERTAINTY_MEASURE_WITH_UNIT (LENGTH_MEASURE( 1.000000000000000082E-05 ), #1479, 'distance_accuracy_value', 'NONE');
#2631 = DIRECTION ( 'NONE',  ( 0.000000000000000000, 0.000000000000000000, -1.000000000000000000 ) ) ;
#2632 = CARTESIAN_POINT ( 'NONE',  ( -5.499999999999999112, 9.904921579951311728, -4.289830102251445787 ) ) ;
#2633 = ORIENTED_EDGE ( 'NONE', *, *, #1967, .T. ) ;
#2634 = ADVANCED_FACE ( 'NONE', ( #1054 ), #1733, .T. ) ;
#2635 = FACE_OUTER_BOUND ( 'NONE', #90, .T. ) ;
#2636 = CARTESIAN_POINT ( 'NONE',  ( -3.696378337327010044, 46.69741199371047458, 7.214969897748558125 ) ) ;
#2637 = PRESENTATION_LAYER_ASSIGNMENT (  '', '', ( #970 ) ) ;
#2638 = VERTEX_POINT ( 'NONE', #613 ) ;
#2639 = CARTESIAN_POINT ( 'NONE',  ( -4.708463619067512873, 25.38192949279104127, 8.214969897748558125 ) ) ;
#2640 = STYLED_ITEM ( 'NONE', ( #2819 ), #211 ) ;
#2641 =( LENGTH_UNIT ( ) NAMED_UNIT ( * ) SI_UNIT ( .MILLI., .METRE. ) );
#2642 =( NAMED_UNIT ( * ) PLANE_ANGLE_UNIT ( ) SI_UNIT ( $, .RADIAN. ) );
#2643 = VECTOR ( 'NONE', #1679, 1000.000000000000000 ) ;
#2644 = VECTOR ( 'NONE', #2163, 1000.000000000000000 ) ;
#2645 = ORIENTED_EDGE ( 'NONE', *, *, #915, .T. ) ;
#2646 = VECTOR ( 'NONE', #1408, 1000.000000000000000 ) ;
#2647 = CARTESIAN_POINT ( 'NONE',  ( -5.499999999999999112, 10.40492157995131173, -4.289830102251445787 ) ) ;
#2648 = DIRECTION ( 'NONE',  ( -1.000000000000000000, 0.000000000000000000, 0.000000000000000000 ) ) ;
#2649 = MECHANICAL_DESIGN_GEOMETRIC_PRESENTATION_REPRESENTATION (  '', ( #599 ), #1112 ) ;
#2650 = AXIS2_PLACEMENT_3D ( 'NONE', #340, #1206, #1637 ) ;
#2651 = DIRECTION ( 'NONE',  ( 1.000000000000000000, -0.000000000000000000, -0.000000000000000000 ) ) ;
#2652 = SURFACE_STYLE_USAGE ( .BOTH. , #2201 ) ;
#2653 = AXIS2_PLACEMENT_3D ( 'NONE', #694, #34, #2461 ) ;
#2654 = DIRECTION ( 'NONE',  ( -1.000000000000000000, -0.000000000000000000, -0.000000000000000000 ) ) ;
#2655 = EDGE_LOOP ( 'NONE', ( #86, #2008, #418, #1551 ) ) ;
#2656 = SURFACE_SIDE_STYLE ('',( #818 ) ) ;
#2657 = DIRECTION ( 'NONE',  ( -0.000000000000000000, -1.000000000000000000, -0.000000000000000000 ) ) ;
#2658 = EDGE_CURVE ( 'NONE', #1962, #2451, #1960, .T. ) ;
#2659 = ORIENTED_EDGE ( 'NONE', *, *, #2871, .F. ) ;
#2660 =( NAMED_UNIT ( * ) PLANE_ANGLE_UNIT ( ) SI_UNIT ( $, .RADIAN. ) );
#2661 = ORIENTED_EDGE ( 'NONE', *, *, #489, .F. ) ;
#2662 = EDGE_CURVE ( 'NONE', #2932, #1403, #1702, .T. ) ;
#2663 = CARTESIAN_POINT ( 'NONE',  ( -6.524999999999999467, 4.160521579951309334, -4.789830102251444899 ) ) ;
#2664 = FILL_AREA_STYLE_COLOUR ( '', #1391 ) ;
#2665 = LINE ( 'NONE', #2368, #1870 ) ;
#2666 = EDGE_LOOP ( 'NONE', ( #181, #882, #1972, #1325 ) ) ;
#2667 = CARTESIAN_POINT ( 'NONE',  ( -3.696378337327010932, 25.38192949279104127, 7.214969897748558125 ) ) ;
#2668 = ORIENTED_EDGE ( 'NONE', *, *, #2326, .T. ) ;
#2669 = PRESENTATION_STYLE_ASSIGNMENT (( #1508 ) ) ;
#2670 = SURFACE_SIDE_STYLE ('',( #722 ) ) ;
#2671 = VERTEX_POINT ( 'NONE', #1716 ) ;
#2672 = SURFACE_STYLE_FILL_AREA ( #227 ) ;
#2673 = PRESENTATION_LAYER_ASSIGNMENT (  '', '', ( #2137 ) ) ;
#2674 = CARTESIAN_POINT ( 'NONE',  ( -6.524999999999999467, 4.160521579951309334, -4.289830102251443122 ) ) ;
#2676 = FACE_OUTER_BOUND ( 'NONE', #382, .T. ) ;
#2675 =( NAMED_UNIT ( * ) SI_UNIT ( $, .STERADIAN. ) SOLID_ANGLE_UNIT ( ) );
#2677 = MECHANICAL_DESIGN_GEOMETRIC_PRESENTATION_REPRESENTATION (  '', ( #674 ), #1954 ) ;
#2678 = VERTEX_POINT ( 'NONE', #1949 ) ;
#2679 = DIRECTION ( 'NONE',  ( -1.000000000000000000, 0.000000000000000000, 2.254203901386922010E-16 ) ) ;
#2680 =( GEOMETRIC_REPRESENTATION_CONTEXT ( 3 ) GLOBAL_UNCERTAINTY_ASSIGNED_CONTEXT ( ( #1370 ) ) GLOBAL_UNIT_ASSIGNED_CONTEXT ( ( #2936, #2707, #907 ) ) REPRESENTATION_CONTEXT ( 'NONE', 'WORKASPACE' ) );
#2681 = DIRECTION ( 'NONE',  ( -0.000000000000000000, -1.000000000000000000, -0.000000000000000000 ) ) ;
#2682 = VERTEX_POINT ( 'NONE', #2821 ) ;
#2683 = FACE_OUTER_BOUND ( 'NONE', #1759, .T. ) ;
#2684 = VERTEX_POINT ( 'NONE', #331 ) ;
#2685 = EDGE_CURVE ( 'NONE', #518, #2246, #775, .T. ) ;
#2686 = DIRECTION ( 'NONE',  ( 0.000000000000000000, 1.000000000000000000, 0.000000000000000000 ) ) ;
#2687 = FILL_AREA_STYLE ('',( #2920 ) ) ;
#2688 = SURFACE_SIDE_STYLE ('',( #1097 ) ) ;
#2689 = STYLED_ITEM ( 'NONE', ( #1615 ), #1313 ) ;
#2690 = VECTOR ( 'NONE', #1524, 1000.000000000000000 ) ;
#2691 = STYLED_ITEM ( 'NONE', ( #1567 ), #399 ) ;
#2692 = PLANE ( 'NONE',  #1011 ) ;
#2693 = PLANE ( 'NONE',  #454 ) ;
#2694 = EDGE_CURVE ( 'NONE', #43, #894, #1328, .T. ) ;
#2695 = VECTOR ( 'NONE', #2021, 1000.000000000000000 ) ;
#2696 = ORIENTED_EDGE ( 'NONE', *, *, #2157, .F. ) ;
#2697 = CARTESIAN_POINT ( 'NONE',  ( 7.404099999999999682, 10.40492157995131173, 0.000000000000000000 ) ) ;
#2698 = AXIS2_PLACEMENT_3D ( 'NONE', #1505, #1975, #383 ) ;
#2699 =( GEOMETRIC_REPRESENTATION_CONTEXT ( 3 ) GLOBAL_UNCERTAINTY_ASSIGNED_CONTEXT ( ( #2846 ) ) GLOBAL_UNIT_ASSIGNED_CONTEXT ( ( #1176, #1401, #519 ) ) REPRESENTATION_CONTEXT ( 'NONE', 'WORKASPACE' ) );
#2700 = EDGE_CURVE ( 'NONE', #1167, #1082, #1565, .T. ) ;
#2701 = DIRECTION ( 'NONE',  ( 0.000000000000000000, 0.000000000000000000, 1.000000000000000000 ) ) ;
#2702 = ORIENTED_EDGE ( 'NONE', *, *, #2464, .F. ) ;
#2703 = DIRECTION ( 'NONE',  ( 0.000000000000000000, 0.000000000000000000, -1.000000000000000000 ) ) ;
#2704 = AXIS2_PLACEMENT_3D ( 'NONE', #1928, #961, #1695 ) ;
#2705 = EDGE_LOOP ( 'NONE', ( #638, #2842, #1653, #864 ) ) ;
#2706 = CARTESIAN_POINT ( 'NONE',  ( -1.923875957837599460, 48.03483042909734024, 7.305793238017319169 ) ) ;
#2707 =( NAMED_UNIT ( * ) PLANE_ANGLE_UNIT ( ) SI_UNIT ( $, .RADIAN. ) );
#2708 = LINE ( 'NONE', #1303, #1971 ) ;
#2709 = LINE ( 'NONE', #12, #2787 ) ;
#2710 = EDGE_CURVE ( 'NONE', #148, #1647, #1498, .T. ) ;
#2711 = DIRECTION ( 'NONE',  ( -0.000000000000000000, 1.000000000000000000, 1.445024886692662511E-16 ) ) ;
#2712 = ORIENTED_EDGE ( 'NONE', *, *, #661, .F. ) ;
#2713 = CARTESIAN_POINT ( 'NONE',  ( 6.524999999999999467, 15.64932157995131057, 7.714969897748558125 ) ) ;
#2714 = DIRECTION ( 'NONE',  ( 0.000000000000000000, 1.000000000000000000, 0.000000000000000000 ) ) ;
#2715 = EDGE_LOOP ( 'NONE', ( #277, #2668, #2454, #2946 ) ) ;
#2716 =( NAMED_UNIT ( * ) PLANE_ANGLE_UNIT ( ) SI_UNIT ( $, .RADIAN. ) );
#2717 = DIRECTION ( 'NONE',  ( -1.000000000000000000, 0.000000000000000000, 0.000000000000000000 ) ) ;
#2718 = ORIENTED_EDGE ( 'NONE', *, *, #1414, .T. ) ;
#2719 = PLANE ( 'NONE',  #1919 ) ;
#2720 = CARTESIAN_POINT ( 'NONE',  ( 0.000000000000000000, 49.19862535933381054, 5.381917280179719931 ) ) ;
#2721 = LINE ( 'NONE', #2237, #2690 ) ;
#2722 = CARTESIAN_POINT ( 'NONE',  ( -3.696378337327010044, 25.38192949279104127, 0.4817457909815919814 ) ) ;
#2723 = UNCERTAINTY_MEASURE_WITH_UNIT (LENGTH_MEASURE( 1.000000000000000082E-05 ), #2641, 'distance_accuracy_value', 'NONE');
#2724 = DIRECTION ( 'NONE',  ( -0.000000000000000000, -1.000000000000000000, -0.000000000000000000 ) ) ;
#2725 = CARTESIAN_POINT ( 'NONE',  ( -4.708463619067516426, 25.38192949279104127, 0.000000000000000000 ) ) ;
#2726 = DIRECTION ( 'NONE',  ( -0.000000000000000000, -1.000000000000000000, -0.000000000000000000 ) ) ;
#2727 = COLOUR_RGB ( '',0.3411764705882353033, 0.8392156862745098200, 0.4117647058823529216 ) ;
#2728 = ORIENTED_EDGE ( 'NONE', *, *, #732, .F. ) ;
#2729 = DIRECTION ( 'NONE',  ( 1.000000000000000000, -0.000000000000000000, -0.000000000000000000 ) ) ;
#2730 = UNCERTAINTY_MEASURE_WITH_UNIT (LENGTH_MEASURE( 1.000000000000000082E-05 ), #2532, 'distance_accuracy_value', 'NONE');
#2731 = EDGE_LOOP ( 'NONE', ( #1024, #1754, #379, #2074 ) ) ;
#2732 = SURFACE_STYLE_USAGE ( .BOTH. , #1807 ) ;
#2733 = DIRECTION ( 'NONE',  ( -0.000000000000000000, -1.000000000000000000, -0.000000000000000000 ) ) ;
#2734 = CARTESIAN_POINT ( 'NONE',  ( 5.500000000000000888, 9.904921579951311728, -4.289830102251444011 ) ) ;
#2735 =( LENGTH_UNIT ( ) NAMED_UNIT ( * ) SI_UNIT ( .MILLI., .METRE. ) );
#2736 = MECHANICAL_DESIGN_GEOMETRIC_PRESENTATION_REPRESENTATION (  '', ( #2640 ), #2535 ) ;
#2737 = AXIS2_PLACEMENT_3D ( 'NONE', #2516, #2504, #1814 ) ;
#2738 = CARTESIAN_POINT ( 'NONE',  ( -6.524999999999998579, 15.64932157995131057, 0.000000000000000000 ) ) ;
#2739 = DIRECTION ( 'NONE',  ( 1.000000000000000000, 0.000000000000000000, 0.000000000000000000 ) ) ;
#2740 = MECHANICAL_DESIGN_GEOMETRIC_PRESENTATION_REPRESENTATION (  '', ( #642 ), #1488 ) ;
#2741 = VECTOR ( 'NONE', #2648, 1000.000000000000000 ) ;
#2742 = ORIENTED_EDGE ( 'NONE', *, *, #1214, .F. ) ;
#2743 = ADVANCED_FACE ( 'NONE', ( #556 ), #2839, .F. ) ;
#2744 =( GEOMETRIC_REPRESENTATION_CONTEXT ( 3 ) GLOBAL_UNCERTAINTY_ASSIGNED_CONTEXT ( ( #483 ) ) GLOBAL_UNIT_ASSIGNED_CONTEXT ( ( #893, #1103, #221 ) ) REPRESENTATION_CONTEXT ( 'NONE', 'WORKASPACE' ) );
#2745 = ORIENTED_EDGE ( 'NONE', *, *, #1673, .F. ) ;
#2746 =( NAMED_UNIT ( * ) SI_UNIT ( $, .STERADIAN. ) SOLID_ANGLE_UNIT ( ) );
#2747 = DIRECTION ( 'NONE',  ( 0.000000000000000000, -1.000000000000000000, -0.000000000000000000 ) ) ;
#2748 =( LENGTH_UNIT ( ) NAMED_UNIT ( * ) SI_UNIT ( .MILLI., .METRE. ) );
#2749 = DIRECTION ( 'NONE',  ( -1.000000000000000000, -0.000000000000000000, 0.000000000000000000 ) ) ;
#2750 = CARTESIAN_POINT ( 'NONE',  ( 6.524999999999999467, 3.660521579951307558, -4.289830102251443122 ) ) ;
#2751 = CARTESIAN_POINT ( 'NONE',  ( 0.000000000000000000, 26.15224969871037430, 5.381917280179719931 ) ) ;
#2752 = LINE ( 'NONE', #706, #1450 ) ;
#2753 = SURFACE_STYLE_FILL_AREA ( #932 ) ;
#2754 = VERTEX_POINT ( 'NONE', #824 ) ;
#2755 = EDGE_LOOP ( 'NONE', ( #2373, #1196, #2026, #293 ) ) ;
#2756 = DIRECTION ( 'NONE',  ( 0.000000000000000000, -0.000000000000000000, 1.000000000000000000 ) ) ;
#2757 = EDGE_CURVE ( 'NONE', #2364, #1464, #597, .T. ) ;
#2758 = PLANE ( 'NONE',  #1910 ) ;
#2759 =( NAMED_UNIT ( * ) SI_UNIT ( $, .STERADIAN. ) SOLID_ANGLE_UNIT ( ) );
#2760 = ORIENTED_EDGE ( 'NONE', *, *, #1744, .T. ) ;
#2761 = DIRECTION ( 'NONE',  ( 0.000000000000000000, 0.000000000000000000, -1.000000000000000000 ) ) ;
#2762 = CYLINDRICAL_SURFACE ( 'NONE', #456, 2.222231052903322901 ) ;
#2763 = DIRECTION ( 'NONE',  ( 0.000000000000000000, 0.000000000000000000, -1.000000000000000000 ) ) ;
#2764 = FACE_OUTER_BOUND ( 'NONE', #2715, .T. ) ;
#2765 = VERTEX_POINT ( 'NONE', #35 ) ;
#2766 = FILL_AREA_STYLE ('',( #1662 ) ) ;
#2767 = MECHANICAL_DESIGN_GEOMETRIC_PRESENTATION_REPRESENTATION (  '', ( #2137 ), #958 ) ;
#2768 =( LENGTH_UNIT ( ) NAMED_UNIT ( * ) SI_UNIT ( .MILLI., .METRE. ) );
#2769 = EDGE_LOOP ( 'NONE', ( #447, #2882, #184, #1651, #696 ) ) ;
#2770 = LINE ( 'NONE', #2089, #1098 ) ;
#2771 = SURFACE_SIDE_STYLE ('',( #468 ) ) ;
#2772 = EDGE_CURVE ( 'NONE', #2476, #2451, #1748, .T. ) ;
#2773 = ORIENTED_EDGE ( 'NONE', *, *, #2302, .F. ) ;
#2774 = STYLED_ITEM ( 'NONE', ( #2195 ), #2743 ) ;
#2775 = LINE ( 'NONE', #1597, #2108 ) ;
#2776 = ADVANCED_FACE ( 'NONE', ( #233 ), #1297, .T. ) ;
#2777 = UNCERTAINTY_MEASURE_WITH_UNIT (LENGTH_MEASURE( 1.000000000000000082E-05 ), #292, 'distance_accuracy_value', 'NONE');
#2778 = STYLED_ITEM ( 'NONE', ( #10 ), #141 ) ;
#2779 = PRESENTATION_STYLE_ASSIGNMENT (( #259 ) ) ;
#2781 = CYLINDRICAL_SURFACE ( 'NONE', #1438, 0.5000000000000022204 ) ;
#2780 = SURFACE_STYLE_FILL_AREA ( #2082 ) ;
#2782 = EDGE_CURVE ( 'NONE', #1685, #1473, #946, .T. ) ;
#2783 = COLOUR_RGB ( '',1.000000000000000000, 1.000000000000000000, 1.000000000000000000 ) ;
#2784 =( GEOMETRIC_REPRESENTATION_CONTEXT ( 3 ) GLOBAL_UNCERTAINTY_ASSIGNED_CONTEXT ( ( #1156 ) ) GLOBAL_UNIT_ASSIGNED_CONTEXT ( ( #424, #2256, #1514 ) ) REPRESENTATION_CONTEXT ( 'NONE', 'WORKASPACE' ) );
#2785 = EDGE_LOOP ( 'NONE', ( #974, #290, #2418, #2289 ) ) ;
#2786 = CARTESIAN_POINT ( 'NONE',  ( 7.404099999999999682, 0.000000000000000000, 8.214969897748558125 ) ) ;
#2787 = VECTOR ( 'NONE', #688, 1000.000000000000000 ) ;
#2788 = MECHANICAL_DESIGN_GEOMETRIC_PRESENTATION_REPRESENTATION (  '', ( #2893 ), #366 ) ;
#2789 = FACE_OUTER_BOUND ( 'NONE', #1664, .T. ) ;
#2790 = VERTEX_POINT ( 'NONE', #2260 ) ;
#2791 = VECTOR ( 'NONE', #564, 1000.000000000000000 ) ;
#2792 = VECTOR ( 'NONE', #2263, 1000.000000000000000 ) ;
#2793 = SURFACE_STYLE_USAGE ( .BOTH. , #2274 ) ;
#2794 = ORIENTED_EDGE ( 'NONE', *, *, #2512, .F. ) ;
#2795 = SURFACE_STYLE_USAGE ( .BOTH. , #2125 ) ;
#2796 = FACE_OUTER_BOUND ( 'NONE', #1558, .T. ) ;
#2797 = CARTESIAN_POINT ( 'NONE',  ( 4.708463619067515538, 31.24474553631273466, 7.214969897748558125 ) ) ;
#2799 =( LENGTH_UNIT ( ) NAMED_UNIT ( * ) SI_UNIT ( .MILLI., .METRE. ) );
#2798 = DIRECTION ( 'NONE',  ( 0.000000000000000000, 0.000000000000000000, -1.000000000000000000 ) ) ;
#2800 = EDGE_LOOP ( 'NONE', ( #2794, #1518, #723, #2136 ) ) ;
#2801 = CARTESIAN_POINT ( 'NONE',  ( -6.524999999999999467, 4.160521579951309334, -4.289830102251443122 ) ) ;
#2802 = EDGE_LOOP ( 'NONE', ( #1749, #2626, #1499, #1268 ) ) ;
#2803 = SURFACE_SIDE_STYLE ('',( #2510 ) ) ;
#2804 = CARTESIAN_POINT ( 'NONE',  ( -3.696378337327010932, 25.38192949279104127, 0.4817457909815919814 ) ) ;
#2805 = PLANE ( 'NONE',  #2349 ) ;
#2806 = EDGE_LOOP ( 'NONE', ( #1989, #1168, #2387, #83 ) ) ;
#2807 =( LENGTH_UNIT ( ) NAMED_UNIT ( * ) SI_UNIT ( .MILLI., .METRE. ) );
#2808 = UNCERTAINTY_MEASURE_WITH_UNIT (LENGTH_MEASURE( 1.000000000000000082E-05 ), #1461, 'distance_accuracy_value', 'NONE');
#2809 = CARTESIAN_POINT ( 'NONE',  ( -6.525000000000000355, 0.000000000000000000, 0.000000000000000000 ) ) ;
#2810 = DIRECTION ( 'NONE',  ( 1.000000000000000000, 0.000000000000000000, 0.000000000000000000 ) ) ;
#2812 =( NAMED_UNIT ( * ) SI_UNIT ( $, .STERADIAN. ) SOLID_ANGLE_UNIT ( ) );
#2811 = LINE ( 'NONE', #338, #990 ) ;
#2813 = EDGE_CURVE ( 'NONE', #2462, #1909, #2519, .T. ) ;
#2814 = ORIENTED_EDGE ( 'NONE', *, *, #2157, .T. ) ;
#2815 = LINE ( 'NONE', #2585, #1776 ) ;
#2816 = DIRECTION ( 'NONE',  ( 0.000000000000000000, 0.000000000000000000, -1.000000000000000000 ) ) ;
#2817 = EDGE_CURVE ( 'NONE', #1976, #2133, #2298, .T. ) ;
#2818 = ORIENTED_EDGE ( 'NONE', *, *, #2913, .T. ) ;
#2819 = PRESENTATION_STYLE_ASSIGNMENT (( #330 ) ) ;
#2820 = CARTESIAN_POINT ( 'NONE',  ( 1.411121260839063236E-16, 45.02077977371821760, 6.534185233536998538 ) ) ;
#2821 = CARTESIAN_POINT ( 'NONE',  ( 1.923875957837599682, 41.83146668853288475, 7.305793238017318281 ) ) ;
#2822 = ADVANCED_FACE ( 'NONE', ( #2764 ), #1831, .F. ) ;
#2823 = CIRCLE ( 'NONE', #534, 1.625520862771874908 ) ;
#2824 = ORIENTED_EDGE ( 'NONE', *, *, #2005, .F. ) ;
#2825 = COLOUR_RGB ( '',1.000000000000000000, 1.000000000000000000, 1.000000000000000000 ) ;
#2826 = DIRECTION ( 'NONE',  ( -2.167537330038992903E-16, 0.000000000000000000, 1.000000000000000000 ) ) ;
#2827 = CARTESIAN_POINT ( 'NONE',  ( -4.499999999999998224, 9.904921579951311728, -4.289830102251445787 ) ) ;
#2828 = PLANE ( 'NONE',  #213 ) ;
#2829 = DIRECTION ( 'NONE',  ( 1.000000000000000000, 0.000000000000000000, 0.000000000000000000 ) ) ;
#2830 = ORIENTED_EDGE ( 'NONE', *, *, #2883, .F. ) ;
#2831 = DIRECTION ( 'NONE',  ( 0.000000000000000000, 0.000000000000000000, -1.000000000000000000 ) ) ;
#2832 = CARTESIAN_POINT ( 'NONE',  ( -3.696378337327010044, 46.69741199371047458, 7.214969897748558125 ) ) ;
#2833 = AXIS2_PLACEMENT_3D ( 'NONE', #1253, #580, #2134 ) ;
#2834 = ORIENTED_EDGE ( 'NONE', *, *, #1180, .F. ) ;
#2835 = DIRECTION ( 'NONE',  ( -1.000000000000000000, 0.000000000000000000, -0.000000000000000000 ) ) ;
#2836 = VECTOR ( 'NONE', #1335, 1000.000000000000000 ) ;
#2837 = EDGE_CURVE ( 'NONE', #314, #46, #2028, .T. ) ;
#2838 = DIRECTION ( 'NONE',  ( -1.000000000000000000, 0.000000000000000000, -0.000000000000000000 ) ) ;
#2839 = PLANE ( 'NONE',  #1287 ) ;
#2840 = CIRCLE ( 'NONE', #1107, 0.5000000000000022204 ) ;
#2841 = VECTOR ( 'NONE', #1500, 1000.000000000000000 ) ;
#2842 = ORIENTED_EDGE ( 'NONE', *, *, #858, .F. ) ;
#2843 = AXIS2_PLACEMENT_3D ( 'NONE', #2220, #1093, #2194 ) ;
#2844 = AXIS2_PLACEMENT_3D ( 'NONE', #197, #656, #1314 ) ;
#2845 = DIRECTION ( 'NONE',  ( 0.000000000000000000, -1.000000000000000000, -1.445024886692662264E-16 ) ) ;
#2846 = UNCERTAINTY_MEASURE_WITH_UNIT (LENGTH_MEASURE( 1.000000000000000082E-05 ), #1176, 'distance_accuracy_value', 'NONE');
#2847 = CARTESIAN_POINT ( 'NONE',  ( -6.025000000000000355, 4.660521579951310223, 7.714969897748558125 ) ) ;
#2848 =( LENGTH_UNIT ( ) NAMED_UNIT ( * ) SI_UNIT ( .MILLI., .METRE. ) );
#2849 = EDGE_CURVE ( 'NONE', #162, #1415, #1845, .T. ) ;
#2850 = ORIENTED_EDGE ( 'NONE', *, *, #2171, .T. ) ;
#2851 = CARTESIAN_POINT ( 'NONE',  ( -6.025000000000000355, 16.64932157995131234, -4.289830102251443122 ) ) ;
#2852 = ORIENTED_EDGE ( 'NONE', *, *, #38, .T. ) ;
#2853 = LINE ( 'NONE', #810, #1337 ) ;
#2854 = SURFACE_STYLE_FILL_AREA ( #2377 ) ;
#2855 = DIRECTION ( 'NONE',  ( 0.000000000000000000, 0.000000000000000000, -1.000000000000000000 ) ) ;
#2856 = CARTESIAN_POINT ( 'NONE',  ( 0.000000000000000000, 26.15224969871037430, 1.801656139391032196 ) ) ;
#2857 = VERTEX_POINT ( 'NONE', #739 ) ;
#2858 = SURFACE_STYLE_USAGE ( .BOTH. , #1940 ) ;
#2859 = EDGE_CURVE ( 'NONE', #2671, #1334, #2117, .T. ) ;
#2860 = FACE_OUTER_BOUND ( 'NONE', #844, .T. ) ;
#2861 = CARTESIAN_POINT ( 'NONE',  ( -1.923875957837599460, 36.69795410227509080, 7.214969897748558125 ) ) ;
#2862 = ORIENTED_EDGE ( 'NONE', *, *, #1559, .F. ) ;
#2863 = CARTESIAN_POINT ( 'NONE',  ( -5.499999999999999112, 10.40492157995131173, -4.289830102251445787 ) ) ;
#2864 = EDGE_CURVE ( 'NONE', #1639, #99, #131, .T. ) ;
#2865 = FACE_OUTER_BOUND ( 'NONE', #2731, .T. ) ;
#2866 = VERTEX_POINT ( 'NONE', #755 ) ;
#2867 = FACE_OUTER_BOUND ( 'NONE', #387, .T. ) ;
#2868 = DIRECTION ( 'NONE',  ( 1.246587554778148159E-16, -0.000000000000000000, 1.000000000000000000 ) ) ;
#2869 =( NAMED_UNIT ( * ) SI_UNIT ( $, .STERADIAN. ) SOLID_ANGLE_UNIT ( ) );
#2870 = VERTEX_POINT ( 'NONE', #2616 ) ;
#2871 = EDGE_CURVE ( 'NONE', #2638, #620, #2811, .T. ) ;
#2872 = PRESENTATION_LAYER_ASSIGNMENT (  '', '', ( #2091 ) ) ;
#2873 =( GEOMETRIC_REPRESENTATION_CONTEXT ( 3 ) GLOBAL_UNCERTAINTY_ASSIGNED_CONTEXT ( ( #521 ) ) GLOBAL_UNIT_ASSIGNED_CONTEXT ( ( #1890, #1655, #142 ) ) REPRESENTATION_CONTEXT ( 'NONE', 'WORKASPACE' ) );
#2874 = FILL_AREA_STYLE ('',( #585 ) ) ;
#2875 = ADVANCED_FACE ( 'NONE', ( #2554 ), #1020, .F. ) ;
#2876 = FACE_OUTER_BOUND ( 'NONE', #539, .T. ) ;
#2877 = EDGE_LOOP ( 'NONE', ( #1051, #728, #2526, #1250 ) ) ;
#2878 = DIRECTION ( 'NONE',  ( 0.000000000000000000, -0.000000000000000000, 1.000000000000000000 ) ) ;
#2879 = EDGE_CURVE ( 'NONE', #1730, #1771, #95, .T. ) ;
#2880 = DIRECTION ( 'NONE',  ( 0.000000000000000000, 0.000000000000000000, -1.000000000000000000 ) ) ;
#2881 = VECTOR ( 'NONE', #2686, 1000.000000000000000 ) ;
#2882 = ORIENTED_EDGE ( 'NONE', *, *, #935, .F. ) ;
#2883 = EDGE_CURVE ( 'NONE', #1503, #1882, #323, .T. ) ;
#2884 =( GEOMETRIC_REPRESENTATION_CONTEXT ( 3 ) GLOBAL_UNCERTAINTY_ASSIGNED_CONTEXT ( ( #1812 ) ) GLOBAL_UNIT_ASSIGNED_CONTEXT ( ( #761, #2061, #475 ) ) REPRESENTATION_CONTEXT ( 'NONE', 'WORKASPACE' ) );
#2885 = DIRECTION ( 'NONE',  ( 1.000000000000000000, 0.000000000000000000, -1.246587554778148159E-16 ) ) ;
#2886 = CARTESIAN_POINT ( 'NONE',  ( 0.000000000000000000, 42.38702445175871958, 5.381917280179719931 ) ) ;
#2887 = FACE_OUTER_BOUND ( 'NONE', #2587, .T. ) ;
#2888 = ORIENTED_EDGE ( 'NONE', *, *, #1269, .F. ) ;
#2889 = AXIS2_PLACEMENT_3D ( 'NONE', #1025, #133, #1039 ) ;
#2890 =( GEOMETRIC_REPRESENTATION_CONTEXT ( 3 ) GLOBAL_UNCERTAINTY_ASSIGNED_CONTEXT ( ( #457 ) ) GLOBAL_UNIT_ASSIGNED_CONTEXT ( ( #2799, #309, #1616 ) ) REPRESENTATION_CONTEXT ( 'NONE', 'WORKASPACE' ) );
#2891 = ORIENTED_EDGE ( 'NONE', *, *, #2694, .F. ) ;
#2892 =( GEOMETRIC_REPRESENTATION_CONTEXT ( 3 ) GLOBAL_UNCERTAINTY_ASSIGNED_CONTEXT ( ( #304 ) ) GLOBAL_UNIT_ASSIGNED_CONTEXT ( ( #2922, #1763, #2623 ) ) REPRESENTATION_CONTEXT ( 'NONE', 'WORKASPACE' ) );
#2893 = STYLED_ITEM ( 'NONE', ( #1676 ), #557 ) ;
#2894 = AXIS2_PLACEMENT_3D ( 'NONE', #1978, #2000, #151 ) ;
#2895 = AXIS2_PLACEMENT_3D ( 'NONE', #250, #1386, #2065 ) ;
#2896 = SURFACE_STYLE_FILL_AREA ( #1723 ) ;
#2897 = MECHANICAL_DESIGN_GEOMETRIC_PRESENTATION_REPRESENTATION (  '', ( #1301 ), #2744 ) ;
#2898 = ORIENTED_EDGE ( 'NONE', *, *, #2059, .T. ) ;
#2899 = PRESENTATION_STYLE_ASSIGNMENT (( #808 ) ) ;
#2900 = CARTESIAN_POINT ( 'NONE',  ( 6.524999999999999467, 4.660521579951310223, 7.714969897748558125 ) ) ;
#2901 = EDGE_LOOP ( 'NONE', ( #1581, #2076, #2251, #1163 ) ) ;
#2902 = VECTOR ( 'NONE', #1894, 1000.000000000000000 ) ;
#2903 = FILL_AREA_STYLE_COLOUR ( '', #2290 ) ;
#2904 = DIRECTION ( 'NONE',  ( 0.000000000000000000, 0.000000000000000000, 1.000000000000000000 ) ) ;
#2905 = FILL_AREA_STYLE_COLOUR ( '', #1930 ) ;
#2906 = CARTESIAN_POINT ( 'NONE',  ( -4.999999999999998224, 10.40492157995131173, -4.289830102251445787 ) ) ;
#2907 = FILL_AREA_STYLE ('',( #1980 ) ) ;
#2908 = PRESENTATION_STYLE_ASSIGNMENT (( #1242 ) ) ;
#2909 = FILL_AREA_STYLE_COLOUR ( '', #788 ) ;
#2910 = ORIENTED_EDGE ( 'NONE', *, *, #944, .T. ) ;
#2911 =( NAMED_UNIT ( * ) PLANE_ANGLE_UNIT ( ) SI_UNIT ( $, .RADIAN. ) );
#2912 = CARTESIAN_POINT ( 'NONE',  ( 5.500000000000000888, 10.40492157995131173, -4.289830102251444011 ) ) ;
#2913 = EDGE_CURVE ( 'NONE', #1962, #1685, #289, .T. ) ;
#2914 = ORIENTED_EDGE ( 'NONE', *, *, #880, .F. ) ;
#2915 = DIRECTION ( 'NONE',  ( -1.000000000000000000, -0.000000000000000000, -0.000000000000000000 ) ) ;
#2916 = EDGE_CURVE ( 'NONE', #1833, #579, #1446, .T. ) ;
#2917 = VERTEX_POINT ( 'NONE', #1682 ) ;
#2918 = CARTESIAN_POINT ( 'NONE',  ( -4.999999999999998224, 9.904921579951311728, -4.289830102251445787 ) ) ;
#2919 = EDGE_CURVE ( 'NONE', #2684, #314, #785, .T. ) ;
#2920 = FILL_AREA_STYLE_COLOUR ( '', #2927 ) ;
#2921 = LINE ( 'NONE', #2457, #1344 ) ;
#2922 =( LENGTH_UNIT ( ) NAMED_UNIT ( * ) SI_UNIT ( .MILLI., .METRE. ) );
#2923 = APPLICATION_PROTOCOL_DEFINITION ( 'draft international standard', 'automotive_design', 1998, #282 ) ;
#2924 =( GEOMETRIC_REPRESENTATION_CONTEXT ( 3 ) GLOBAL_UNCERTAINTY_ASSIGNED_CONTEXT ( ( #2414 ) ) GLOBAL_UNIT_ASSIGNED_CONTEXT ( ( #1552, #2959, #1762 ) ) REPRESENTATION_CONTEXT ( 'NONE', 'WORKASPACE' ) );
#2925 = ORIENTED_EDGE ( 'NONE', *, *, #2365, .F. ) ;
#2926 = CARTESIAN_POINT ( 'NONE',  ( -4.708463619067515538, 25.38192949279104127, 7.214969897748558125 ) ) ;
#2927 = COLOUR_RGB ( '',1.000000000000000000, 1.000000000000000000, 1.000000000000000000 ) ;
#2928 = DIRECTION ( 'NONE',  ( -0.000000000000000000, -1.000000000000000000, -0.000000000000000000 ) ) ;
#2929 = ORIENTED_EDGE ( 'NONE', *, *, #61, .F. ) ;
#2930 =( LENGTH_UNIT ( ) NAMED_UNIT ( * ) SI_UNIT ( .MILLI., .METRE. ) );
#2931 = MECHANICAL_DESIGN_GEOMETRIC_PRESENTATION_REPRESENTATION (  '', ( #2484 ), #1569 ) ;
#2932 = VERTEX_POINT ( 'NONE', #2317 ) ;
#2933 = CARTESIAN_POINT ( 'NONE',  ( -3.696378337327010044, 46.69741199371047458, 7.214969897748558125 ) ) ;
#2934 = EDGE_CURVE ( 'NONE', #1854, #1132, #1188, .T. ) ;
#2935 = COLOUR_RGB ( '',1.000000000000000000, 1.000000000000000000, 1.000000000000000000 ) ;
#2936 =( LENGTH_UNIT ( ) NAMED_UNIT ( * ) SI_UNIT ( .MILLI., .METRE. ) );
#2937 =( LENGTH_UNIT ( ) NAMED_UNIT ( * ) SI_UNIT ( .MILLI., .METRE. ) );
#2938 =( GEOMETRIC_REPRESENTATION_CONTEXT ( 3 ) GLOBAL_UNCERTAINTY_ASSIGNED_CONTEXT ( ( #1784 ) ) GLOBAL_UNIT_ASSIGNED_CONTEXT ( ( #607, #2911, #1755 ) ) REPRESENTATION_CONTEXT ( 'NONE', 'WORKASPACE' ) );
#2939 = SURFACE_SIDE_STYLE ('',( #889 ) ) ;
#2940 = CIRCLE ( 'NONE', #1445, 3.580261140788687513 ) ;
#2941 = ORIENTED_EDGE ( 'NONE', *, *, #426, .F. ) ;
#2942 = CARTESIAN_POINT ( 'NONE',  ( -3.696378337327010044, 32.32753054294656891, 7.214969897748558125 ) ) ;
#2943 = AXIS2_PLACEMENT_3D ( 'NONE', #754, #1644, #2763 ) ;
#2944 = VECTOR ( 'NONE', #939, 1000.000000000000000 ) ;
#2945 = DIRECTION ( 'NONE',  ( 0.000000000000000000, 0.000000000000000000, 1.000000000000000000 ) ) ;
#2946 = ORIENTED_EDGE ( 'NONE', *, *, #2186, .F. ) ;
#2947 = VERTEX_POINT ( 'NONE', #1880 ) ;
#2948 = EDGE_LOOP ( 'NONE', ( #1849, #2192, #914, #1309 ) ) ;
#2949 = DIRECTION ( 'NONE',  ( -0.000000000000000000, -1.000000000000000000, -0.000000000000000000 ) ) ;
#2950 = LINE ( 'NONE', #1993, #2244 ) ;
#2951 = ADVANCED_FACE ( 'NONE', ( #2355 ), #326, .T. ) ;
#2952 = CARTESIAN_POINT ( 'NONE',  ( 6.025000000000000355, 16.64932157995131590, 0.000000000000000000 ) ) ;
#2953 = DIRECTION ( 'NONE',  ( -1.000000000000000000, -0.000000000000000000, -0.000000000000000000 ) ) ;
#2954 =( NAMED_UNIT ( * ) PLANE_ANGLE_UNIT ( ) SI_UNIT ( $, .RADIAN. ) );
#2955 = VERTEX_POINT ( 'NONE', #1229 ) ;
#2956 = ADVANCED_FACE ( 'NONE', ( #352 ), #1543, .F. ) ;
#2957 = ORIENTED_EDGE ( 'NONE', *, *, #2073, .F. ) ;
#2958 = EDGE_LOOP ( 'NONE', ( #1323, #2233, #773, #548, #2359 ) ) ;
#2959 =( NAMED_UNIT ( * ) PLANE_ANGLE_UNIT ( ) SI_UNIT ( $, .RADIAN. ) );
#2960 = CARTESIAN_POINT ( 'NONE',  ( 4.708463619067515538, 31.24474553631273466, 8.214969897748558125 ) ) ;
ENDSEC;
END-ISO-10303-21;
