ISO-10303-21;
HEADER;
/* Generated by software containing ST-Developer
 * from STEP Tools, Inc. (www.steptools.com) 
 */

FILE_DESCRIPTION(
/* description */ (''),
/* implementation_level */ '2;1');

FILE_NAME(
/* name */ 'Bottom.step',
/* time_stamp */ '2026-09-10T20:11:34-05:00',
/* author */ (''),
/* organization */ (''),
/* preprocessor_version */ 'ST-DEVELOPER v20.2',
/* originating_system */ 'Autodesk Translation Framework v15.15.0.0',
/* authorisation */ '');

FILE_SCHEMA (('AUTOMOTIVE_DESIGN { 1 0 10303 214 3 1 1 }'));
ENDSEC;

DATA;
#10=MECHANICAL_DESIGN_GEOMETRIC_PRESENTATION_REPRESENTATION('',(#17),#3574);
#11=ITEM_DEFINED_TRANSFORMATION($,$,#2112,#2298);
#12=(
REPRESENTATION_RELATIONSHIP($,$,#3588,#3587)
REPRESENTATION_RELATIONSHIP_WITH_TRANSFORMATION(#11)
SHAPE_REPRESENTATION_RELATIONSHIP()
);
#13=CONTEXT_DEPENDENT_SHAPE_REPRESENTATION(#12,#3586);
#14=NEXT_ASSEMBLY_USAGE_OCCURRENCE('Bottom:1','Bottom:1','Bottom:1',#3590,
#3591,'Bottom:1');
#15=SHAPE_REPRESENTATION_RELATIONSHIP('SRR','None',#3588,#16);
#16=ADVANCED_BREP_SHAPE_REPRESENTATION('',(#18),#3573);
#17=STYLED_ITEM('',(#3602),#18);
#18=MANIFOLD_SOLID_BREP('Bottom',#2098);
#19=B_SPLINE_SURFACE_WITH_KNOTS('',3,3,((#3188,#3189,#3190,#3191,#3192,
#3193),(#3194,#3195,#3196,#3197,#3198,#3199),(#3200,#3201,#3202,#3203,#3204,
#3205),(#3206,#3207,#3208,#3209,#3210,#3211),(#3212,#3213,#3214,#3215,#3216,
#3217)),.UNSPECIFIED.,.F.,.F.,.F.,(4,1,4),(4,1,1,4),(-0.00057198961693457,
0.5,1.00057198959832),(-0.000571989616945768,0.448798950512825,0.89759790102565,
1.57079632679489),.UNSPECIFIED.);
#20=B_SPLINE_SURFACE_WITH_KNOTS('',3,3,((#3224,#3225,#3226,#3227,#3228,
#3229),(#3230,#3231,#3232,#3233,#3234,#3235),(#3236,#3237,#3238,#3239,#3240,
#3241),(#3242,#3243,#3244,#3245,#3246,#3247),(#3248,#3249,#3250,#3251,#3252,
#3253)),.UNSPECIFIED.,.F.,.F.,.F.,(4,1,4),(4,1,1,4),(-0.000571989616947906,
0.5,1.00057198959823),(-0.000571989616947973,0.448798950512828,0.897597901025655,
1.5707963267949),.UNSPECIFIED.);
#21=B_SPLINE_CURVE_WITH_KNOTS('',3,(#3169,#3170,#3171,#3172,#3173,#3174,
#3175,#3176,#3177,#3178),.UNSPECIFIED.,.F.,.F.,(4,2,2,2,4),(-0.0388872659746483,
-0.0289868375905114,-0.0190864092063745,-0.00954320460318724,0.),
 .UNSPECIFIED.);
#22=B_SPLINE_CURVE_WITH_KNOTS('',3,(#3361,#3362,#3363,#3364,#3365,#3366,
#3367,#3368,#3369,#3370),.UNSPECIFIED.,.F.,.F.,(4,2,2,2,4),(-0.0781975927909578,
-0.0685811653092794,-0.0589647378276011,-0.049137488485579,-0.0393102391435569),
 .UNSPECIFIED.);
#23=TOROIDAL_SURFACE('',#2154,0.2255,0.03);
#24=TOROIDAL_SURFACE('',#2165,0.2255,0.03);
#25=TOROIDAL_SURFACE('',#2203,0.23,0.04);
#26=TOROIDAL_SURFACE('',#2209,0.23,0.04);
#27=TOROIDAL_SURFACE('',#2215,0.23,0.04);
#28=FACE_BOUND('',#284,.T.);
#29=FACE_BOUND('',#287,.T.);
#30=FACE_BOUND('',#290,.T.);
#31=FACE_BOUND('',#300,.T.);
#32=FACE_BOUND('',#301,.T.);
#33=FACE_BOUND('',#302,.T.);
#34=FACE_BOUND('',#303,.T.);
#35=FACE_BOUND('',#304,.T.);
#36=FACE_BOUND('',#309,.T.);
#37=FACE_BOUND('',#311,.T.);
#38=FACE_BOUND('',#327,.T.);
#39=FACE_BOUND('',#328,.T.);
#40=FACE_BOUND('',#385,.T.);
#41=FACE_BOUND('',#389,.T.);
#42=FACE_BOUND('',#393,.T.);
#43=FACE_BOUND('',#400,.T.);
#44=FACE_BOUND('',#401,.T.);
#45=FACE_BOUND('',#402,.T.);
#46=FACE_BOUND('',#403,.T.);
#47=FACE_BOUND('',#404,.T.);
#48=CYLINDRICAL_SURFACE('',#2130,0.169571428571429);
#49=CYLINDRICAL_SURFACE('',#2135,0.169571428571428);
#50=CYLINDRICAL_SURFACE('',#2140,0.169571428571428);
#51=CYLINDRICAL_SURFACE('',#2163,0.1955);
#52=CYLINDRICAL_SURFACE('',#2168,0.1955);
#53=CYLINDRICAL_SURFACE('',#2174,0.01);
#54=CYLINDRICAL_SURFACE('',#2177,0.01);
#55=CYLINDRICAL_SURFACE('',#2185,0.05);
#56=CYLINDRICAL_SURFACE('',#2187,0.05);
#57=CYLINDRICAL_SURFACE('',#2188,0.05);
#58=CYLINDRICAL_SURFACE('',#2190,0.02);
#59=CYLINDRICAL_SURFACE('',#2192,0.02);
#60=CYLINDRICAL_SURFACE('',#2194,0.02);
#61=CYLINDRICAL_SURFACE('',#2201,0.02);
#62=CYLINDRICAL_SURFACE('',#2207,0.19);
#63=CYLINDRICAL_SURFACE('',#2213,0.19);
#64=CYLINDRICAL_SURFACE('',#2219,0.19);
#65=CYLINDRICAL_SURFACE('',#2221,0.01);
#66=CYLINDRICAL_SURFACE('',#2228,0.125);
#67=CYLINDRICAL_SURFACE('',#2229,0.125);
#68=CYLINDRICAL_SURFACE('',#2266,0.046875);
#69=CYLINDRICAL_SURFACE('',#2269,0.046875);
#70=CYLINDRICAL_SURFACE('',#2272,0.0954999999999999);
#71=CYLINDRICAL_SURFACE('',#2274,0.0954999999999999);
#72=CYLINDRICAL_SURFACE('',#2279,0.1375);
#73=CYLINDRICAL_SURFACE('',#2281,0.075);
#74=CYLINDRICAL_SURFACE('',#2285,0.1375);
#75=CYLINDRICAL_SURFACE('',#2287,0.075);
#76=CYLINDRICAL_SURFACE('',#2291,0.1375);
#77=CYLINDRICAL_SURFACE('',#2293,0.075);
#78=ELLIPSE('',#2121,0.0282842712474622,0.02);
#79=ELLIPSE('',#2175,0.0141421356237307,0.01);
#80=ELLIPSE('',#2176,0.0141421356237302,0.01);
#81=ELLIPSE('',#2179,0.0583095189484532,0.05);
#82=ELLIPSE('',#2180,0.0583095189484529,0.05);
#83=ELLIPSE('',#2182,0.0583095189484529,0.05);
#84=ELLIPSE('',#2183,0.0583095189484532,0.05);
#85=CIRCLE('',#2116,0.00500000000000024);
#86=CIRCLE('',#2124,0.02);
#87=CIRCLE('',#2125,0.0199999999999995);
#88=CIRCLE('',#2131,0.169571428571429);
#89=CIRCLE('',#2132,0.169571428571429);
#90=CIRCLE('',#2134,0.075);
#91=CIRCLE('',#2136,0.169571428571428);
#92=CIRCLE('',#2137,0.169571428571428);
#93=CIRCLE('',#2139,0.075);
#94=CIRCLE('',#2141,0.169571428571428);
#95=CIRCLE('',#2142,0.169571428571428);
#96=CIRCLE('',#2144,0.075);
#97=CIRCLE('',#2152,0.02);
#98=CIRCLE('',#2153,0.02);
#99=CIRCLE('',#2155,0.2255);
#100=CIRCLE('',#2156,0.03);
#101=CIRCLE('',#2157,0.1955);
#102=CIRCLE('',#2159,0.2255);
#103=CIRCLE('',#2160,0.23);
#104=CIRCLE('',#2161,0.23);
#105=CIRCLE('',#2162,0.23);
#106=CIRCLE('',#2164,0.1955);
#107=CIRCLE('',#2166,0.03);
#108=CIRCLE('',#2167,0.1955);
#109=CIRCLE('',#2169,0.1955);
#110=CIRCLE('',#2171,0.0954999999999999);
#111=CIRCLE('',#2173,0.0954999999999999);
#112=CIRCLE('',#2181,0.0199999999999999);
#113=CIRCLE('',#2184,0.0200000000000002);
#114=CIRCLE('',#2186,0.05);
#115=CIRCLE('',#2189,0.05);
#116=CIRCLE('',#2195,0.02);
#117=CIRCLE('',#2197,0.02);
#118=CIRCLE('',#2199,0.046875);
#119=CIRCLE('',#2200,0.046875);
#120=CIRCLE('',#2204,0.19);
#121=CIRCLE('',#2205,0.04);
#122=CIRCLE('',#2206,0.19);
#123=CIRCLE('',#2208,0.19);
#124=CIRCLE('',#2210,0.19);
#125=CIRCLE('',#2211,0.04);
#126=CIRCLE('',#2212,0.19);
#127=CIRCLE('',#2214,0.19);
#128=CIRCLE('',#2216,0.19);
#129=CIRCLE('',#2217,0.04);
#130=CIRCLE('',#2218,0.19);
#131=CIRCLE('',#2220,0.19);
#132=CIRCLE('',#2223,0.125);
#133=CIRCLE('',#2224,0.125);
#134=CIRCLE('',#2226,0.125);
#135=CIRCLE('',#2227,0.125);
#136=CIRCLE('',#2267,0.046875);
#137=CIRCLE('',#2270,0.046875);
#138=CIRCLE('',#2273,0.0954999999999999);
#139=CIRCLE('',#2275,0.0954999999999999);
#140=CIRCLE('',#2277,0.1375);
#141=CIRCLE('',#2278,0.075);
#142=CIRCLE('',#2280,0.1375);
#143=CIRCLE('',#2283,0.1375);
#144=CIRCLE('',#2284,0.075);
#145=CIRCLE('',#2286,0.1375);
#146=CIRCLE('',#2289,0.1375);
#147=CIRCLE('',#2290,0.075);
#148=CIRCLE('',#2292,0.1375);
#149=CONICAL_SURFACE('',#2115,0.00499999999999954,0.785398163397431);
#150=CONICAL_SURFACE('',#2262,0.19,0.0314182296463762);
#151=CONICAL_SURFACE('',#2263,0.19,0.031418229646376);
#152=CONICAL_SURFACE('',#2264,0.19,0.0314182296463762);
#153=FACE_OUTER_BOUND('',#269,.T.);
#154=FACE_OUTER_BOUND('',#270,.T.);
#155=FACE_OUTER_BOUND('',#271,.T.);
#156=FACE_OUTER_BOUND('',#272,.T.);
#157=FACE_OUTER_BOUND('',#273,.T.);
#158=FACE_OUTER_BOUND('',#274,.T.);
#159=FACE_OUTER_BOUND('',#275,.T.);
#160=FACE_OUTER_BOUND('',#276,.T.);
#161=FACE_OUTER_BOUND('',#277,.T.);
#162=FACE_OUTER_BOUND('',#278,.T.);
#163=FACE_OUTER_BOUND('',#279,.T.);
#164=FACE_OUTER_BOUND('',#280,.T.);
#165=FACE_OUTER_BOUND('',#281,.T.);
#166=FACE_OUTER_BOUND('',#282,.T.);
#167=FACE_OUTER_BOUND('',#283,.T.);
#168=FACE_OUTER_BOUND('',#285,.T.);
#169=FACE_OUTER_BOUND('',#286,.T.);
#170=FACE_OUTER_BOUND('',#288,.T.);
#171=FACE_OUTER_BOUND('',#289,.T.);
#172=FACE_OUTER_BOUND('',#291,.T.);
#173=FACE_OUTER_BOUND('',#292,.T.);
#174=FACE_OUTER_BOUND('',#293,.T.);
#175=FACE_OUTER_BOUND('',#294,.T.);
#176=FACE_OUTER_BOUND('',#295,.T.);
#177=FACE_OUTER_BOUND('',#296,.T.);
#178=FACE_OUTER_BOUND('',#297,.T.);
#179=FACE_OUTER_BOUND('',#298,.T.);
#180=FACE_OUTER_BOUND('',#299,.T.);
#181=FACE_OUTER_BOUND('',#305,.T.);
#182=FACE_OUTER_BOUND('',#306,.T.);
#183=FACE_OUTER_BOUND('',#307,.T.);
#184=FACE_OUTER_BOUND('',#308,.T.);
#185=FACE_OUTER_BOUND('',#310,.T.);
#186=FACE_OUTER_BOUND('',#312,.T.);
#187=FACE_OUTER_BOUND('',#313,.T.);
#188=FACE_OUTER_BOUND('',#314,.T.);
#189=FACE_OUTER_BOUND('',#315,.T.);
#190=FACE_OUTER_BOUND('',#316,.T.);
#191=FACE_OUTER_BOUND('',#317,.T.);
#192=FACE_OUTER_BOUND('',#318,.T.);
#193=FACE_OUTER_BOUND('',#319,.T.);
#194=FACE_OUTER_BOUND('',#320,.T.);
#195=FACE_OUTER_BOUND('',#321,.T.);
#196=FACE_OUTER_BOUND('',#322,.T.);
#197=FACE_OUTER_BOUND('',#323,.T.);
#198=FACE_OUTER_BOUND('',#324,.T.);
#199=FACE_OUTER_BOUND('',#325,.T.);
#200=FACE_OUTER_BOUND('',#326,.T.);
#201=FACE_OUTER_BOUND('',#329,.T.);
#202=FACE_OUTER_BOUND('',#330,.T.);
#203=FACE_OUTER_BOUND('',#331,.T.);
#204=FACE_OUTER_BOUND('',#332,.T.);
#205=FACE_OUTER_BOUND('',#333,.T.);
#206=FACE_OUTER_BOUND('',#334,.T.);
#207=FACE_OUTER_BOUND('',#335,.T.);
#208=FACE_OUTER_BOUND('',#336,.T.);
#209=FACE_OUTER_BOUND('',#337,.T.);
#210=FACE_OUTER_BOUND('',#338,.T.);
#211=FACE_OUTER_BOUND('',#339,.T.);
#212=FACE_OUTER_BOUND('',#340,.T.);
#213=FACE_OUTER_BOUND('',#341,.T.);
#214=FACE_OUTER_BOUND('',#342,.T.);
#215=FACE_OUTER_BOUND('',#343,.T.);
#216=FACE_OUTER_BOUND('',#344,.T.);
#217=FACE_OUTER_BOUND('',#345,.T.);
#218=FACE_OUTER_BOUND('',#346,.T.);
#219=FACE_OUTER_BOUND('',#347,.T.);
#220=FACE_OUTER_BOUND('',#348,.T.);
#221=FACE_OUTER_BOUND('',#349,.T.);
#222=FACE_OUTER_BOUND('',#350,.T.);
#223=FACE_OUTER_BOUND('',#351,.T.);
#224=FACE_OUTER_BOUND('',#352,.T.);
#225=FACE_OUTER_BOUND('',#353,.T.);
#226=FACE_OUTER_BOUND('',#354,.T.);
#227=FACE_OUTER_BOUND('',#355,.T.);
#228=FACE_OUTER_BOUND('',#356,.T.);
#229=FACE_OUTER_BOUND('',#357,.T.);
#230=FACE_OUTER_BOUND('',#358,.T.);
#231=FACE_OUTER_BOUND('',#359,.T.);
#232=FACE_OUTER_BOUND('',#360,.T.);
#233=FACE_OUTER_BOUND('',#361,.T.);
#234=FACE_OUTER_BOUND('',#362,.T.);
#235=FACE_OUTER_BOUND('',#363,.T.);
#236=FACE_OUTER_BOUND('',#364,.T.);
#237=FACE_OUTER_BOUND('',#365,.T.);
#238=FACE_OUTER_BOUND('',#366,.T.);
#239=FACE_OUTER_BOUND('',#367,.T.);
#240=FACE_OUTER_BOUND('',#368,.T.);
#241=FACE_OUTER_BOUND('',#369,.T.);
#242=FACE_OUTER_BOUND('',#370,.T.);
#243=FACE_OUTER_BOUND('',#371,.T.);
#244=FACE_OUTER_BOUND('',#372,.T.);
#245=FACE_OUTER_BOUND('',#373,.T.);
#246=FACE_OUTER_BOUND('',#374,.T.);
#247=FACE_OUTER_BOUND('',#375,.T.);
#248=FACE_OUTER_BOUND('',#376,.T.);
#249=FACE_OUTER_BOUND('',#377,.T.);
#250=FACE_OUTER_BOUND('',#378,.T.);
#251=FACE_OUTER_BOUND('',#379,.T.);
#252=FACE_OUTER_BOUND('',#380,.T.);
#253=FACE_OUTER_BOUND('',#381,.T.);
#254=FACE_OUTER_BOUND('',#382,.T.);
#255=FACE_OUTER_BOUND('',#383,.T.);
#256=FACE_OUTER_BOUND('',#384,.T.);
#257=FACE_OUTER_BOUND('',#386,.T.);
#258=FACE_OUTER_BOUND('',#387,.T.);
#259=FACE_OUTER_BOUND('',#388,.T.);
#260=FACE_OUTER_BOUND('',#390,.T.);
#261=FACE_OUTER_BOUND('',#391,.T.);
#262=FACE_OUTER_BOUND('',#392,.T.);
#263=FACE_OUTER_BOUND('',#394,.T.);
#264=FACE_OUTER_BOUND('',#395,.T.);
#265=FACE_OUTER_BOUND('',#396,.T.);
#266=FACE_OUTER_BOUND('',#397,.T.);
#267=FACE_OUTER_BOUND('',#398,.T.);
#268=FACE_OUTER_BOUND('',#399,.T.);
#269=EDGE_LOOP('',(#1323,#1324,#1325,#1326,#1327));
#270=EDGE_LOOP('',(#1328,#1329,#1330,#1331));
#271=EDGE_LOOP('',(#1332,#1333,#1334));
#272=EDGE_LOOP('',(#1335,#1336,#1337,#1338));
#273=EDGE_LOOP('',(#1339,#1340,#1341,#1342));
#274=EDGE_LOOP('',(#1343,#1344,#1345,#1346,#1347));
#275=EDGE_LOOP('',(#1348,#1349,#1350,#1351,#1352,#1353));
#276=EDGE_LOOP('',(#1354,#1355,#1356,#1357));
#277=EDGE_LOOP('',(#1358,#1359,#1360,#1361,#1362,#1363,#1364,#1365));
#278=EDGE_LOOP('',(#1366,#1367,#1368,#1369));
#279=EDGE_LOOP('',(#1370,#1371,#1372,#1373,#1374,#1375,#1376,#1377));
#280=EDGE_LOOP('',(#1378,#1379,#1380,#1381));
#281=EDGE_LOOP('',(#1382,#1383,#1384,#1385,#1386,#1387,#1388,#1389,#1390,
#1391,#1392,#1393,#1394,#1395,#1396,#1397,#1398,#1399,#1400,#1401,#1402,
#1403,#1404,#1405));
#282=EDGE_LOOP('',(#1406,#1407,#1408,#1409));
#283=EDGE_LOOP('',(#1410));
#284=EDGE_LOOP('',(#1411));
#285=EDGE_LOOP('',(#1412,#1413,#1414,#1415));
#286=EDGE_LOOP('',(#1416));
#287=EDGE_LOOP('',(#1417));
#288=EDGE_LOOP('',(#1418,#1419,#1420,#1421));
#289=EDGE_LOOP('',(#1422));
#290=EDGE_LOOP('',(#1423));
#291=EDGE_LOOP('',(#1424,#1425,#1426,#1427));
#292=EDGE_LOOP('',(#1428,#1429,#1430,#1431));
#293=EDGE_LOOP('',(#1432,#1433,#1434,#1435));
#294=EDGE_LOOP('',(#1436,#1437,#1438,#1439));
#295=EDGE_LOOP('',(#1440,#1441,#1442,#1443));
#296=EDGE_LOOP('',(#1444,#1445,#1446,#1447));
#297=EDGE_LOOP('',(#1448,#1449,#1450,#1451,#1452,#1453,#1454,#1455,#1456,
#1457,#1458,#1459,#1460,#1461,#1462,#1463,#1464,#1465,#1466,#1467,#1468,
#1469,#1470,#1471,#1472,#1473));
#298=EDGE_LOOP('',(#1474,#1475,#1476,#1477));
#299=EDGE_LOOP('',(#1478,#1479,#1480,#1481));
#300=EDGE_LOOP('',(#1482));
#301=EDGE_LOOP('',(#1483));
#302=EDGE_LOOP('',(#1484));
#303=EDGE_LOOP('',(#1485));
#304=EDGE_LOOP('',(#1486));
#305=EDGE_LOOP('',(#1487,#1488,#1489,#1490));
#306=EDGE_LOOP('',(#1491,#1492,#1493,#1494));
#307=EDGE_LOOP('',(#1495,#1496,#1497,#1498));
#308=EDGE_LOOP('',(#1499));
#309=EDGE_LOOP('',(#1500));
#310=EDGE_LOOP('',(#1501));
#311=EDGE_LOOP('',(#1502));
#312=EDGE_LOOP('',(#1503,#1504,#1505,#1506));
#313=EDGE_LOOP('',(#1507,#1508,#1509,#1510));
#314=EDGE_LOOP('',(#1511,#1512,#1513,#1514,#1515,#1516,#1517,#1518));
#315=EDGE_LOOP('',(#1519,#1520,#1521));
#316=EDGE_LOOP('',(#1522,#1523,#1524));
#317=EDGE_LOOP('',(#1525,#1526,#1527,#1528));
#318=EDGE_LOOP('',(#1529,#1530,#1531,#1532));
#319=EDGE_LOOP('',(#1533,#1534,#1535,#1536));
#320=EDGE_LOOP('',(#1537,#1538,#1539,#1540));
#321=EDGE_LOOP('',(#1541,#1542,#1543,#1544,#1545,#1546,#1547,#1548,#1549,
#1550,#1551,#1552,#1553,#1554,#1555,#1556,#1557,#1558,#1559));
#322=EDGE_LOOP('',(#1560,#1561,#1562,#1563,#1564));
#323=EDGE_LOOP('',(#1565,#1566,#1567,#1568,#1569,#1570,#1571,#1572));
#324=EDGE_LOOP('',(#1573,#1574,#1575,#1576));
#325=EDGE_LOOP('',(#1577,#1578,#1579,#1580,#1581,#1582));
#326=EDGE_LOOP('',(#1583,#1584,#1585,#1586,#1587,#1588,#1589,#1590));
#327=EDGE_LOOP('',(#1591));
#328=EDGE_LOOP('',(#1592));
#329=EDGE_LOOP('',(#1593,#1594,#1595,#1596));
#330=EDGE_LOOP('',(#1597,#1598,#1599,#1600,#1601,#1602,#1603,#1604));
#331=EDGE_LOOP('',(#1605,#1606,#1607,#1608,#1609));
#332=EDGE_LOOP('',(#1610,#1611,#1612,#1613,#1614));
#333=EDGE_LOOP('',(#1615,#1616,#1617,#1618,#1619));
#334=EDGE_LOOP('',(#1620,#1621,#1622,#1623,#1624));
#335=EDGE_LOOP('',(#1625,#1626,#1627,#1628,#1629));
#336=EDGE_LOOP('',(#1630,#1631,#1632,#1633,#1634));
#337=EDGE_LOOP('',(#1635,#1636,#1637,#1638));
#338=EDGE_LOOP('',(#1639,#1640,#1641,#1642,#1643,#1644,#1645,#1646));
#339=EDGE_LOOP('',(#1647,#1648,#1649,#1650,#1651,#1652,#1653,#1654));
#340=EDGE_LOOP('',(#1655,#1656,#1657,#1658,#1659,#1660));
#341=EDGE_LOOP('',(#1661,#1662,#1663,#1664));
#342=EDGE_LOOP('',(#1665,#1666,#1667,#1668));
#343=EDGE_LOOP('',(#1669,#1670,#1671,#1672));
#344=EDGE_LOOP('',(#1673,#1674,#1675,#1676));
#345=EDGE_LOOP('',(#1677,#1678,#1679,#1680));
#346=EDGE_LOOP('',(#1681,#1682,#1683,#1684));
#347=EDGE_LOOP('',(#1685,#1686,#1687,#1688));
#348=EDGE_LOOP('',(#1689,#1690,#1691,#1692));
#349=EDGE_LOOP('',(#1693,#1694,#1695,#1696));
#350=EDGE_LOOP('',(#1697,#1698,#1699,#1700));
#351=EDGE_LOOP('',(#1701,#1702,#1703,#1704));
#352=EDGE_LOOP('',(#1705,#1706,#1707,#1708));
#353=EDGE_LOOP('',(#1709,#1710,#1711,#1712));
#354=EDGE_LOOP('',(#1713,#1714,#1715,#1716,#1717,#1718,#1719,#1720));
#355=EDGE_LOOP('',(#1721,#1722,#1723,#1724,#1725,#1726,#1727,#1728,#1729,
#1730,#1731,#1732,#1733));
#356=EDGE_LOOP('',(#1734,#1735,#1736,#1737));
#357=EDGE_LOOP('',(#1738,#1739,#1740,#1741));
#358=EDGE_LOOP('',(#1742,#1743,#1744,#1745));
#359=EDGE_LOOP('',(#1746,#1747,#1748,#1749,#1750,#1751,#1752,#1753));
#360=EDGE_LOOP('',(#1754,#1755,#1756,#1757));
#361=EDGE_LOOP('',(#1758,#1759,#1760,#1761));
#362=EDGE_LOOP('',(#1762,#1763,#1764,#1765,#1766,#1767));
#363=EDGE_LOOP('',(#1768,#1769,#1770,#1771));
#364=EDGE_LOOP('',(#1772,#1773,#1774,#1775));
#365=EDGE_LOOP('',(#1776,#1777,#1778,#1779));
#366=EDGE_LOOP('',(#1780,#1781,#1782,#1783));
#367=EDGE_LOOP('',(#1784,#1785,#1786,#1787,#1788,#1789,#1790,#1791));
#368=EDGE_LOOP('',(#1792,#1793,#1794,#1795));
#369=EDGE_LOOP('',(#1796,#1797,#1798,#1799));
#370=EDGE_LOOP('',(#1800,#1801,#1802,#1803));
#371=EDGE_LOOP('',(#1804,#1805,#1806,#1807));
#372=EDGE_LOOP('',(#1808,#1809,#1810,#1811));
#373=EDGE_LOOP('',(#1812,#1813,#1814,#1815));
#374=EDGE_LOOP('',(#1816,#1817,#1818,#1819));
#375=EDGE_LOOP('',(#1820,#1821,#1822,#1823));
#376=EDGE_LOOP('',(#1824,#1825,#1826,#1827));
#377=EDGE_LOOP('',(#1828,#1829,#1830,#1831,#1832,#1833,#1834,#1835));
#378=EDGE_LOOP('',(#1836,#1837,#1838,#1839));
#379=EDGE_LOOP('',(#1840));
#380=EDGE_LOOP('',(#1841,#1842,#1843,#1844));
#381=EDGE_LOOP('',(#1845));
#382=EDGE_LOOP('',(#1846,#1847,#1848,#1849));
#383=EDGE_LOOP('',(#1850,#1851,#1852,#1853));
#384=EDGE_LOOP('',(#1854));
#385=EDGE_LOOP('',(#1855));
#386=EDGE_LOOP('',(#1856,#1857,#1858,#1859));
#387=EDGE_LOOP('',(#1860,#1861,#1862,#1863));
#388=EDGE_LOOP('',(#1864));
#389=EDGE_LOOP('',(#1865));
#390=EDGE_LOOP('',(#1866,#1867,#1868,#1869));
#391=EDGE_LOOP('',(#1870,#1871,#1872,#1873));
#392=EDGE_LOOP('',(#1874));
#393=EDGE_LOOP('',(#1875));
#394=EDGE_LOOP('',(#1876,#1877,#1878,#1879));
#395=EDGE_LOOP('',(#1880,#1881,#1882,#1883));
#396=EDGE_LOOP('',(#1884,#1885,#1886,#1887,#1888,#1889));
#397=EDGE_LOOP('',(#1890,#1891,#1892,#1893));
#398=EDGE_LOOP('',(#1894,#1895,#1896,#1897));
#399=EDGE_LOOP('',(#1898,#1899,#1900,#1901));
#400=EDGE_LOOP('',(#1902));
#401=EDGE_LOOP('',(#1903));
#402=EDGE_LOOP('',(#1904));
#403=EDGE_LOOP('',(#1905));
#404=EDGE_LOOP('',(#1906));
#405=LINE('',#2899,#624);
#406=LINE('',#2901,#625);
#407=LINE('',#2903,#626);
#408=LINE('',#2905,#627);
#409=LINE('',#2906,#628);
#410=LINE('',#2909,#629);
#411=LINE('',#2911,#630);
#412=LINE('',#2912,#631);
#413=LINE('',#2915,#632);
#414=LINE('',#2920,#633);
#415=LINE('',#2922,#634);
#416=LINE('',#2924,#635);
#417=LINE('',#2925,#636);
#418=LINE('',#2928,#637);
#419=LINE('',#2930,#638);
#420=LINE('',#2931,#639);
#421=LINE('',#2934,#640);
#422=LINE('',#2936,#641);
#423=LINE('',#2937,#642);
#424=LINE('',#2942,#643);
#425=LINE('',#2944,#644);
#426=LINE('',#2945,#645);
#427=LINE('',#2948,#646);
#428=LINE('',#2949,#647);
#429=LINE('',#2954,#648);
#430=LINE('',#2958,#649);
#431=LINE('',#2959,#650);
#432=LINE('',#2963,#651);
#433=LINE('',#2965,#652);
#434=LINE('',#2967,#653);
#435=LINE('',#2968,#654);
#436=LINE('',#2971,#655);
#437=LINE('',#2973,#656);
#438=LINE('',#2975,#657);
#439=LINE('',#2977,#658);
#440=LINE('',#2979,#659);
#441=LINE('',#2981,#660);
#442=LINE('',#2982,#661);
#443=LINE('',#2985,#662);
#444=LINE('',#2986,#663);
#445=LINE('',#2989,#664);
#446=LINE('',#2991,#665);
#447=LINE('',#2993,#666);
#448=LINE('',#2995,#667);
#449=LINE('',#2997,#668);
#450=LINE('',#2999,#669);
#451=LINE('',#3001,#670);
#452=LINE('',#3003,#671);
#453=LINE('',#3005,#672);
#454=LINE('',#3007,#673);
#455=LINE('',#3009,#674);
#456=LINE('',#3011,#675);
#457=LINE('',#3013,#676);
#458=LINE('',#3014,#677);
#459=LINE('',#3016,#678);
#460=LINE('',#3018,#679);
#461=LINE('',#3019,#680);
#462=LINE('',#3021,#681);
#463=LINE('',#3022,#682);
#464=LINE('',#3027,#683);
#465=LINE('',#3036,#684);
#466=LINE('',#3045,#685);
#467=LINE('',#3051,#686);
#468=LINE('',#3053,#687);
#469=LINE('',#3057,#688);
#470=LINE('',#3059,#689);
#471=LINE('',#3061,#690);
#472=LINE('',#3062,#691);
#473=LINE('',#3066,#692);
#474=LINE('',#3068,#693);
#475=LINE('',#3070,#694);
#476=LINE('',#3071,#695);
#477=LINE('',#3073,#696);
#478=LINE('',#3074,#697);
#479=LINE('',#3076,#698);
#480=LINE('',#3079,#699);
#481=LINE('',#3080,#700);
#482=LINE('',#3082,#701);
#483=LINE('',#3084,#702);
#484=LINE('',#3086,#703);
#485=LINE('',#3088,#704);
#486=LINE('',#3090,#705);
#487=LINE('',#3092,#706);
#488=LINE('',#3094,#707);
#489=LINE('',#3096,#708);
#490=LINE('',#3098,#709);
#491=LINE('',#3100,#710);
#492=LINE('',#3102,#711);
#493=LINE('',#3104,#712);
#494=LINE('',#3106,#713);
#495=LINE('',#3108,#714);
#496=LINE('',#3110,#715);
#497=LINE('',#3112,#716);
#498=LINE('',#3116,#717);
#499=LINE('',#3119,#718);
#500=LINE('',#3129,#719);
#501=LINE('',#3131,#720);
#502=LINE('',#3133,#721);
#503=LINE('',#3134,#722);
#504=LINE('',#3146,#723);
#505=LINE('',#3154,#724);
#506=LINE('',#3166,#725);
#507=LINE('',#3179,#726);
#508=LINE('',#3181,#727);
#509=LINE('',#3183,#728);
#510=LINE('',#3185,#729);
#511=LINE('',#3186,#730);
#512=LINE('',#3187,#731);
#513=LINE('',#3262,#732);
#514=LINE('',#3265,#733);
#515=LINE('',#3267,#734);
#516=LINE('',#3268,#735);
#517=LINE('',#3271,#736);
#518=LINE('',#3274,#737);
#519=LINE('',#3276,#738);
#520=LINE('',#3277,#739);
#521=LINE('',#3280,#740);
#522=LINE('',#3282,#741);
#523=LINE('',#3283,#742);
#524=LINE('',#3284,#743);
#525=LINE('',#3286,#744);
#526=LINE('',#3289,#745);
#527=LINE('',#3291,#746);
#528=LINE('',#3293,#747);
#529=LINE('',#3295,#748);
#530=LINE('',#3296,#749);
#531=LINE('',#3299,#750);
#532=LINE('',#3302,#751);
#533=LINE('',#3305,#752);
#534=LINE('',#3308,#753);
#535=LINE('',#3309,#754);
#536=LINE('',#3312,#755);
#537=LINE('',#3314,#756);
#538=LINE('',#3315,#757);
#539=LINE('',#3316,#758);
#540=LINE('',#3324,#759);
#541=LINE('',#3326,#760);
#542=LINE('',#3327,#761);
#543=LINE('',#3336,#762);
#544=LINE('',#3346,#763);
#545=LINE('',#3356,#764);
#546=LINE('',#3360,#765);
#547=LINE('',#3373,#766);
#548=LINE('',#3375,#767);
#549=LINE('',#3379,#768);
#550=LINE('',#3385,#769);
#551=LINE('',#3389,#770);
#552=LINE('',#3390,#771);
#553=LINE('',#3392,#772);
#554=LINE('',#3394,#773);
#555=LINE('',#3395,#774);
#556=LINE('',#3398,#775);
#557=LINE('',#3400,#776);
#558=LINE('',#3401,#777);
#559=LINE('',#3404,#778);
#560=LINE('',#3406,#779);
#561=LINE('',#3407,#780);
#562=LINE('',#3410,#781);
#563=LINE('',#3411,#782);
#564=LINE('',#3414,#783);
#565=LINE('',#3415,#784);
#566=LINE('',#3418,#785);
#567=LINE('',#3420,#786);
#568=LINE('',#3421,#787);
#569=LINE('',#3424,#788);
#570=LINE('',#3426,#789);
#571=LINE('',#3427,#790);
#572=LINE('',#3430,#791);
#573=LINE('',#3431,#792);
#574=LINE('',#3434,#793);
#575=LINE('',#3435,#794);
#576=LINE('',#3438,#795);
#577=LINE('',#3439,#796);
#578=LINE('',#3442,#797);
#579=LINE('',#3443,#798);
#580=LINE('',#3446,#799);
#581=LINE('',#3447,#800);
#582=LINE('',#3448,#801);
#583=LINE('',#3450,#802);
#584=LINE('',#3453,#803);
#585=LINE('',#3454,#804);
#586=LINE('',#3456,#805);
#587=LINE('',#3458,#806);
#588=LINE('',#3459,#807);
#589=LINE('',#3461,#808);
#590=LINE('',#3464,#809);
#591=LINE('',#3466,#810);
#592=LINE('',#3467,#811);
#593=LINE('',#3470,#812);
#594=LINE('',#3471,#813);
#595=LINE('',#3473,#814);
#596=LINE('',#3475,#815);
#597=LINE('',#3477,#816);
#598=LINE('',#3478,#817);
#599=LINE('',#3482,#818);
#600=LINE('',#3485,#819);
#601=LINE('',#3486,#820);
#602=LINE('',#3488,#821);
#603=LINE('',#3491,#822);
#604=LINE('',#3493,#823);
#605=LINE('',#3497,#824);
#606=LINE('',#3498,#825);
#607=LINE('',#3501,#826);
#608=LINE('',#3504,#827);
#609=LINE('',#3506,#828);
#610=LINE('',#3508,#829);
#611=LINE('',#3512,#830);
#612=LINE('',#3517,#831);
#613=LINE('',#3523,#832);
#614=LINE('',#3527,#833);
#615=LINE('',#3536,#834);
#616=LINE('',#3538,#835);
#617=LINE('',#3547,#836);
#618=LINE('',#3549,#837);
#619=LINE('',#3558,#838);
#620=LINE('',#3560,#839);
#621=LINE('',#3562,#840);
#622=LINE('',#3563,#841);
#623=LINE('',#3565,#842);
#624=VECTOR('',#2305,0.393700787401575);
#625=VECTOR('',#2306,0.393700787401575);
#626=VECTOR('',#2307,0.393700787401575);
#627=VECTOR('',#2308,0.393700787401575);
#628=VECTOR('',#2309,0.393700787401575);
#629=VECTOR('',#2312,0.393700787401575);
#630=VECTOR('',#2313,0.393700787401575);
#631=VECTOR('',#2314,0.393700787401575);
#632=VECTOR('',#2317,0.393700787401575);
#633=VECTOR('',#2322,0.393700787401575);
#634=VECTOR('',#2323,0.393700787401575);
#635=VECTOR('',#2324,0.393700787401575);
#636=VECTOR('',#2325,0.393700787401575);
#637=VECTOR('',#2328,0.393700787401575);
#638=VECTOR('',#2329,0.393700787401575);
#639=VECTOR('',#2330,0.393700787401575);
#640=VECTOR('',#2333,0.393700787401575);
#641=VECTOR('',#2334,0.393700787401575);
#642=VECTOR('',#2335,0.393700787401575);
#643=VECTOR('',#2340,0.393700787401575);
#644=VECTOR('',#2341,0.393700787401575);
#645=VECTOR('',#2342,0.393700787401575);
#646=VECTOR('',#2345,0.393700787401575);
#647=VECTOR('',#2346,0.393700787401575);
#648=VECTOR('',#2351,0.393700787401575);
#649=VECTOR('',#2354,0.393700787401575);
#650=VECTOR('',#2355,0.393700787401575);
#651=VECTOR('',#2358,0.393700787401575);
#652=VECTOR('',#2359,0.393700787401575);
#653=VECTOR('',#2360,0.393700787401575);
#654=VECTOR('',#2361,0.393700787401575);
#655=VECTOR('',#2364,0.393700787401575);
#656=VECTOR('',#2365,0.393700787401575);
#657=VECTOR('',#2366,0.393700787401575);
#658=VECTOR('',#2367,0.393700787401575);
#659=VECTOR('',#2368,0.393700787401575);
#660=VECTOR('',#2369,0.393700787401575);
#661=VECTOR('',#2370,0.393700787401575);
#662=VECTOR('',#2373,0.393700787401575);
#663=VECTOR('',#2374,0.393700787401575);
#664=VECTOR('',#2377,0.393700787401575);
#665=VECTOR('',#2378,0.393700787401575);
#666=VECTOR('',#2379,0.393700787401575);
#667=VECTOR('',#2380,0.393700787401575);
#668=VECTOR('',#2381,0.393700787401575);
#669=VECTOR('',#2382,0.393700787401575);
#670=VECTOR('',#2383,0.393700787401575);
#671=VECTOR('',#2384,0.393700787401575);
#672=VECTOR('',#2385,0.393700787401575);
#673=VECTOR('',#2386,0.393700787401575);
#674=VECTOR('',#2387,0.393700787401575);
#675=VECTOR('',#2388,0.393700787401575);
#676=VECTOR('',#2389,0.393700787401575);
#677=VECTOR('',#2390,0.393700787401575);
#678=VECTOR('',#2391,0.393700787401575);
#679=VECTOR('',#2392,0.393700787401575);
#680=VECTOR('',#2393,0.393700787401575);
#681=VECTOR('',#2394,0.393700787401575);
#682=VECTOR('',#2395,0.393700787401575);
#683=VECTOR('',#2400,0.169571428571429);
#684=VECTOR('',#2411,0.169571428571428);
#685=VECTOR('',#2422,0.169571428571428);
#686=VECTOR('',#2431,0.393700787401575);
#687=VECTOR('',#2434,0.393700787401575);
#688=VECTOR('',#2437,0.393700787401575);
#689=VECTOR('',#2438,0.393700787401575);
#690=VECTOR('',#2439,0.393700787401575);
#691=VECTOR('',#2440,0.393700787401575);
#692=VECTOR('',#2443,0.393700787401575);
#693=VECTOR('',#2444,0.393700787401575);
#694=VECTOR('',#2445,0.393700787401575);
#695=VECTOR('',#2446,0.393700787401575);
#696=VECTOR('',#2449,0.393700787401575);
#697=VECTOR('',#2450,0.393700787401575);
#698=VECTOR('',#2453,0.393700787401575);
#699=VECTOR('',#2456,0.393700787401575);
#700=VECTOR('',#2457,0.393700787401575);
#701=VECTOR('',#2458,0.393700787401575);
#702=VECTOR('',#2459,0.393700787401575);
#703=VECTOR('',#2460,0.393700787401575);
#704=VECTOR('',#2461,0.393700787401575);
#705=VECTOR('',#2462,0.393700787401575);
#706=VECTOR('',#2463,0.393700787401575);
#707=VECTOR('',#2464,0.393700787401575);
#708=VECTOR('',#2465,0.393700787401575);
#709=VECTOR('',#2466,0.393700787401575);
#710=VECTOR('',#2467,0.393700787401575);
#711=VECTOR('',#2468,0.393700787401575);
#712=VECTOR('',#2469,0.393700787401575);
#713=VECTOR('',#2470,0.393700787401575);
#714=VECTOR('',#2471,0.393700787401575);
#715=VECTOR('',#2472,0.393700787401575);
#716=VECTOR('',#2473,0.393700787401575);
#717=VECTOR('',#2476,0.393700787401575);
#718=VECTOR('',#2479,0.393700787401575);
#719=VECTOR('',#2490,0.393700787401575);
#720=VECTOR('',#2491,0.393700787401575);
#721=VECTOR('',#2492,0.393700787401575);
#722=VECTOR('',#2493,0.393700787401575);
#723=VECTOR('',#2506,0.1955);
#724=VECTOR('',#2517,0.1955);
#725=VECTOR('',#2532,0.393700787401575);
#726=VECTOR('',#2535,0.393700787401575);
#727=VECTOR('',#2538,0.393700787401575);
#728=VECTOR('',#2539,0.393700787401575);
#729=VECTOR('',#2540,0.393700787401575);
#730=VECTOR('',#2541,0.393700787401575);
#731=VECTOR('',#2542,0.393700787401575);
#732=VECTOR('',#2557,0.393700787401575);
#733=VECTOR('',#2560,0.393700787401575);
#734=VECTOR('',#2563,0.393700787401575);
#735=VECTOR('',#2564,0.393700787401575);
#736=VECTOR('',#2567,0.393700787401575);
#737=VECTOR('',#2570,0.393700787401575);
#738=VECTOR('',#2573,0.393700787401575);
#739=VECTOR('',#2574,0.393700787401575);
#740=VECTOR('',#2577,0.393700787401575);
#741=VECTOR('',#2578,0.393700787401575);
#742=VECTOR('',#2579,0.393700787401575);
#743=VECTOR('',#2580,0.393700787401575);
#744=VECTOR('',#2583,0.393700787401575);
#745=VECTOR('',#2586,0.393700787401575);
#746=VECTOR('',#2587,0.393700787401575);
#747=VECTOR('',#2588,0.393700787401575);
#748=VECTOR('',#2589,0.393700787401575);
#749=VECTOR('',#2590,0.393700787401575);
#750=VECTOR('',#2593,0.393700787401575);
#751=VECTOR('',#2596,0.393700787401575);
#752=VECTOR('',#2599,0.393700787401575);
#753=VECTOR('',#2602,0.393700787401575);
#754=VECTOR('',#2603,0.393700787401575);
#755=VECTOR('',#2606,0.393700787401575);
#756=VECTOR('',#2607,0.393700787401575);
#757=VECTOR('',#2608,0.393700787401575);
#758=VECTOR('',#2609,0.393700787401575);
#759=VECTOR('',#2618,0.393700787401575);
#760=VECTOR('',#2619,0.393700787401575);
#761=VECTOR('',#2620,0.393700787401575);
#762=VECTOR('',#2631,0.19);
#763=VECTOR('',#2644,0.19);
#764=VECTOR('',#2657,0.19);
#765=VECTOR('',#2662,0.393700787401575);
#766=VECTOR('',#2665,0.393700787401575);
#767=VECTOR('',#2666,0.393700787401575);
#768=VECTOR('',#2669,0.393700787401575);
#769=VECTOR('',#2676,0.393700787401575);
#770=VECTOR('',#2679,0.393700787401575);
#771=VECTOR('',#2680,0.393700787401575);
#772=VECTOR('',#2683,0.125);
#773=VECTOR('',#2686,0.125);
#774=VECTOR('',#2687,0.393700787401575);
#775=VECTOR('',#2690,0.393700787401575);
#776=VECTOR('',#2691,0.393700787401575);
#777=VECTOR('',#2692,0.393700787401575);
#778=VECTOR('',#2695,0.393700787401575);
#779=VECTOR('',#2696,0.393700787401575);
#780=VECTOR('',#2697,0.393700787401575);
#781=VECTOR('',#2700,0.393700787401575);
#782=VECTOR('',#2701,0.393700787401575);
#783=VECTOR('',#2704,0.393700787401575);
#784=VECTOR('',#2705,0.393700787401575);
#785=VECTOR('',#2708,0.393700787401575);
#786=VECTOR('',#2709,0.393700787401575);
#787=VECTOR('',#2710,0.393700787401575);
#788=VECTOR('',#2713,0.393700787401575);
#789=VECTOR('',#2714,0.393700787401575);
#790=VECTOR('',#2715,0.393700787401575);
#791=VECTOR('',#2718,0.393700787401575);
#792=VECTOR('',#2719,0.393700787401575);
#793=VECTOR('',#2722,0.393700787401575);
#794=VECTOR('',#2723,0.393700787401575);
#795=VECTOR('',#2726,0.393700787401575);
#796=VECTOR('',#2727,0.393700787401575);
#797=VECTOR('',#2730,0.393700787401575);
#798=VECTOR('',#2731,0.393700787401575);
#799=VECTOR('',#2734,0.393700787401575);
#800=VECTOR('',#2735,0.393700787401575);
#801=VECTOR('',#2736,0.393700787401575);
#802=VECTOR('',#2739,0.393700787401575);
#803=VECTOR('',#2742,0.393700787401575);
#804=VECTOR('',#2743,0.393700787401575);
#805=VECTOR('',#2744,0.393700787401575);
#806=VECTOR('',#2745,0.393700787401575);
#807=VECTOR('',#2746,0.393700787401575);
#808=VECTOR('',#2749,0.393700787401575);
#809=VECTOR('',#2752,0.393700787401575);
#810=VECTOR('',#2753,0.393700787401575);
#811=VECTOR('',#2754,0.393700787401575);
#812=VECTOR('',#2757,0.393700787401575);
#813=VECTOR('',#2758,0.393700787401575);
#814=VECTOR('',#2761,0.393700787401575);
#815=VECTOR('',#2764,0.393700787401575);
#816=VECTOR('',#2765,0.393700787401575);
#817=VECTOR('',#2766,0.393700787401575);
#818=VECTOR('',#2773,0.393700787401575);
#819=VECTOR('',#2776,0.393700787401575);
#820=VECTOR('',#2777,0.393700787401575);
#821=VECTOR('',#2780,0.393700787401575);
#822=VECTOR('',#2785,0.393700787401575);
#823=VECTOR('',#2788,0.393700787401575);
#824=VECTOR('',#2795,0.393700787401575);
#825=VECTOR('',#2796,0.393700787401575);
#826=VECTOR('',#2801,0.393700787401575);
#827=VECTOR('',#2806,0.19);
#828=VECTOR('',#2809,0.19);
#829=VECTOR('',#2812,0.19);
#830=VECTOR('',#2817,0.046875);
#831=VECTOR('',#2824,0.046875);
#832=VECTOR('',#2833,0.0954999999999999);
#833=VECTOR('',#2838,0.0954999999999999);
#834=VECTOR('',#2849,0.1375);
#835=VECTOR('',#2852,0.075);
#836=VECTOR('',#2863,0.1375);
#837=VECTOR('',#2866,0.075);
#838=VECTOR('',#2877,0.1375);
#839=VECTOR('',#2880,0.075);
#840=VECTOR('',#2883,0.393700787401575);
#841=VECTOR('',#2884,0.393700787401575);
#842=VECTOR('',#2887,0.393700787401575);
#843=VERTEX_POINT('',#2897);
#844=VERTEX_POINT('',#2898);
#845=VERTEX_POINT('',#2900);
#846=VERTEX_POINT('',#2902);
#847=VERTEX_POINT('',#2904);
#848=VERTEX_POINT('',#2908);
#849=VERTEX_POINT('',#2910);
#850=VERTEX_POINT('',#2914);
#851=VERTEX_POINT('',#2918);
#852=VERTEX_POINT('',#2919);
#853=VERTEX_POINT('',#2921);
#854=VERTEX_POINT('',#2923);
#855=VERTEX_POINT('',#2927);
#856=VERTEX_POINT('',#2929);
#857=VERTEX_POINT('',#2933);
#858=VERTEX_POINT('',#2935);
#859=VERTEX_POINT('',#2939);
#860=VERTEX_POINT('',#2940);
#861=VERTEX_POINT('',#2943);
#862=VERTEX_POINT('',#2947);
#863=VERTEX_POINT('',#2951);
#864=VERTEX_POINT('',#2953);
#865=VERTEX_POINT('',#2955);
#866=VERTEX_POINT('',#2957);
#867=VERTEX_POINT('',#2961);
#868=VERTEX_POINT('',#2962);
#869=VERTEX_POINT('',#2964);
#870=VERTEX_POINT('',#2966);
#871=VERTEX_POINT('',#2970);
#872=VERTEX_POINT('',#2972);
#873=VERTEX_POINT('',#2974);
#874=VERTEX_POINT('',#2976);
#875=VERTEX_POINT('',#2978);
#876=VERTEX_POINT('',#2980);
#877=VERTEX_POINT('',#2984);
#878=VERTEX_POINT('',#2988);
#879=VERTEX_POINT('',#2990);
#880=VERTEX_POINT('',#2992);
#881=VERTEX_POINT('',#2994);
#882=VERTEX_POINT('',#2996);
#883=VERTEX_POINT('',#2998);
#884=VERTEX_POINT('',#3000);
#885=VERTEX_POINT('',#3002);
#886=VERTEX_POINT('',#3004);
#887=VERTEX_POINT('',#3006);
#888=VERTEX_POINT('',#3008);
#889=VERTEX_POINT('',#3010);
#890=VERTEX_POINT('',#3012);
#891=VERTEX_POINT('',#3015);
#892=VERTEX_POINT('',#3017);
#893=VERTEX_POINT('',#3020);
#894=VERTEX_POINT('',#3024);
#895=VERTEX_POINT('',#3026);
#896=VERTEX_POINT('',#3030);
#897=VERTEX_POINT('',#3033);
#898=VERTEX_POINT('',#3035);
#899=VERTEX_POINT('',#3039);
#900=VERTEX_POINT('',#3042);
#901=VERTEX_POINT('',#3044);
#902=VERTEX_POINT('',#3048);
#903=VERTEX_POINT('',#3055);
#904=VERTEX_POINT('',#3056);
#905=VERTEX_POINT('',#3058);
#906=VERTEX_POINT('',#3060);
#907=VERTEX_POINT('',#3064);
#908=VERTEX_POINT('',#3065);
#909=VERTEX_POINT('',#3067);
#910=VERTEX_POINT('',#3069);
#911=VERTEX_POINT('',#3078);
#912=VERTEX_POINT('',#3081);
#913=VERTEX_POINT('',#3083);
#914=VERTEX_POINT('',#3085);
#915=VERTEX_POINT('',#3087);
#916=VERTEX_POINT('',#3089);
#917=VERTEX_POINT('',#3091);
#918=VERTEX_POINT('',#3093);
#919=VERTEX_POINT('',#3095);
#920=VERTEX_POINT('',#3097);
#921=VERTEX_POINT('',#3099);
#922=VERTEX_POINT('',#3101);
#923=VERTEX_POINT('',#3103);
#924=VERTEX_POINT('',#3105);
#925=VERTEX_POINT('',#3107);
#926=VERTEX_POINT('',#3109);
#927=VERTEX_POINT('',#3111);
#928=VERTEX_POINT('',#3113);
#929=VERTEX_POINT('',#3115);
#930=VERTEX_POINT('',#3117);
#931=VERTEX_POINT('',#3121);
#932=VERTEX_POINT('',#3123);
#933=VERTEX_POINT('',#3127);
#934=VERTEX_POINT('',#3128);
#935=VERTEX_POINT('',#3130);
#936=VERTEX_POINT('',#3132);
#937=VERTEX_POINT('',#3135);
#938=VERTEX_POINT('',#3137);
#939=VERTEX_POINT('',#3139);
#940=VERTEX_POINT('',#3141);
#941=VERTEX_POINT('',#3144);
#942=VERTEX_POINT('',#3148);
#943=VERTEX_POINT('',#3152);
#944=VERTEX_POINT('',#3156);
#945=VERTEX_POINT('',#3159);
#946=VERTEX_POINT('',#3162);
#947=VERTEX_POINT('',#3164);
#948=VERTEX_POINT('',#3168);
#949=VERTEX_POINT('',#3182);
#950=VERTEX_POINT('',#3184);
#951=VERTEX_POINT('',#3218);
#952=VERTEX_POINT('',#3219);
#953=VERTEX_POINT('',#3221);
#954=VERTEX_POINT('',#3254);
#955=VERTEX_POINT('',#3255);
#956=VERTEX_POINT('',#3257);
#957=VERTEX_POINT('',#3261);
#958=VERTEX_POINT('',#3263);
#959=VERTEX_POINT('',#3270);
#960=VERTEX_POINT('',#3272);
#961=VERTEX_POINT('',#3279);
#962=VERTEX_POINT('',#3281);
#963=VERTEX_POINT('',#3288);
#964=VERTEX_POINT('',#3290);
#965=VERTEX_POINT('',#3292);
#966=VERTEX_POINT('',#3294);
#967=VERTEX_POINT('',#3298);
#968=VERTEX_POINT('',#3300);
#969=VERTEX_POINT('',#3304);
#970=VERTEX_POINT('',#3307);
#971=VERTEX_POINT('',#3311);
#972=VERTEX_POINT('',#3313);
#973=VERTEX_POINT('',#3317);
#974=VERTEX_POINT('',#3319);
#975=VERTEX_POINT('',#3323);
#976=VERTEX_POINT('',#3325);
#977=VERTEX_POINT('',#3329);
#978=VERTEX_POINT('',#3330);
#979=VERTEX_POINT('',#3335);
#980=VERTEX_POINT('',#3339);
#981=VERTEX_POINT('',#3340);
#982=VERTEX_POINT('',#3345);
#983=VERTEX_POINT('',#3349);
#984=VERTEX_POINT('',#3350);
#985=VERTEX_POINT('',#3355);
#986=VERTEX_POINT('',#3359);
#987=VERTEX_POINT('',#3372);
#988=VERTEX_POINT('',#3374);
#989=VERTEX_POINT('',#3376);
#990=VERTEX_POINT('',#3378);
#991=VERTEX_POINT('',#3382);
#992=VERTEX_POINT('',#3384);
#993=VERTEX_POINT('',#3386);
#994=VERTEX_POINT('',#3388);
#995=VERTEX_POINT('',#3397);
#996=VERTEX_POINT('',#3399);
#997=VERTEX_POINT('',#3403);
#998=VERTEX_POINT('',#3405);
#999=VERTEX_POINT('',#3409);
#1000=VERTEX_POINT('',#3413);
#1001=VERTEX_POINT('',#3417);
#1002=VERTEX_POINT('',#3419);
#1003=VERTEX_POINT('',#3423);
#1004=VERTEX_POINT('',#3425);
#1005=VERTEX_POINT('',#3429);
#1006=VERTEX_POINT('',#3433);
#1007=VERTEX_POINT('',#3437);
#1008=VERTEX_POINT('',#3441);
#1009=VERTEX_POINT('',#3445);
#1010=VERTEX_POINT('',#3452);
#1011=VERTEX_POINT('',#3455);
#1012=VERTEX_POINT('',#3457);
#1013=VERTEX_POINT('',#3463);
#1014=VERTEX_POINT('',#3465);
#1015=VERTEX_POINT('',#3469);
#1016=VERTEX_POINT('',#3476);
#1017=VERTEX_POINT('',#3484);
#1018=VERTEX_POINT('',#3511);
#1019=VERTEX_POINT('',#3516);
#1020=VERTEX_POINT('',#3521);
#1021=VERTEX_POINT('',#3525);
#1022=VERTEX_POINT('',#3529);
#1023=VERTEX_POINT('',#3531);
#1024=VERTEX_POINT('',#3534);
#1025=VERTEX_POINT('',#3540);
#1026=VERTEX_POINT('',#3542);
#1027=VERTEX_POINT('',#3545);
#1028=VERTEX_POINT('',#3551);
#1029=VERTEX_POINT('',#3553);
#1030=VERTEX_POINT('',#3556);
#1031=EDGE_CURVE('',#843,#844,#405,.T.);
#1032=EDGE_CURVE('',#843,#845,#406,.T.);
#1033=EDGE_CURVE('',#845,#846,#407,.T.);
#1034=EDGE_CURVE('',#847,#846,#408,.T.);
#1035=EDGE_CURVE('',#844,#847,#409,.T.);
#1036=EDGE_CURVE('',#844,#848,#410,.T.);
#1037=EDGE_CURVE('',#849,#847,#411,.T.);
#1038=EDGE_CURVE('',#848,#849,#412,.T.);
#1039=EDGE_CURVE('',#843,#850,#413,.T.);
#1040=EDGE_CURVE('',#850,#845,#85,.T.);
#1041=EDGE_CURVE('',#851,#852,#414,.T.);
#1042=EDGE_CURVE('',#852,#853,#415,.T.);
#1043=EDGE_CURVE('',#853,#854,#416,.T.);
#1044=EDGE_CURVE('',#854,#851,#417,.T.);
#1045=EDGE_CURVE('',#852,#855,#418,.T.);
#1046=EDGE_CURVE('',#855,#856,#419,.T.);
#1047=EDGE_CURVE('',#856,#853,#420,.T.);
#1048=EDGE_CURVE('',#857,#851,#421,.T.);
#1049=EDGE_CURVE('',#858,#857,#422,.F.);
#1050=EDGE_CURVE('',#858,#855,#423,.T.);
#1051=EDGE_CURVE('',#859,#860,#78,.T.);
#1052=EDGE_CURVE('',#860,#850,#424,.T.);
#1053=EDGE_CURVE('',#844,#861,#425,.T.);
#1054=EDGE_CURVE('',#861,#859,#426,.T.);
#1055=EDGE_CURVE('',#862,#848,#427,.F.);
#1056=EDGE_CURVE('',#862,#861,#428,.T.);
#1057=EDGE_CURVE('',#863,#860,#86,.T.);
#1058=EDGE_CURVE('',#863,#864,#429,.T.);
#1059=EDGE_CURVE('',#864,#865,#87,.T.);
#1060=EDGE_CURVE('',#865,#866,#430,.T.);
#1061=EDGE_CURVE('',#846,#866,#431,.T.);
#1062=EDGE_CURVE('',#867,#868,#432,.T.);
#1063=EDGE_CURVE('',#869,#867,#433,.T.);
#1064=EDGE_CURVE('',#869,#870,#434,.T.);
#1065=EDGE_CURVE('',#868,#870,#435,.T.);
#1066=EDGE_CURVE('',#867,#871,#436,.T.);
#1067=EDGE_CURVE('',#871,#872,#437,.T.);
#1068=EDGE_CURVE('',#873,#872,#438,.F.);
#1069=EDGE_CURVE('',#874,#873,#439,.T.);
#1070=EDGE_CURVE('',#875,#874,#440,.T.);
#1071=EDGE_CURVE('',#876,#875,#441,.T.);
#1072=EDGE_CURVE('',#869,#876,#442,.F.);
#1073=EDGE_CURVE('',#877,#868,#443,.T.);
#1074=EDGE_CURVE('',#877,#871,#444,.T.);
#1075=EDGE_CURVE('',#849,#878,#445,.F.);
#1076=EDGE_CURVE('',#879,#878,#446,.T.);
#1077=EDGE_CURVE('',#880,#879,#447,.T.);
#1078=EDGE_CURVE('',#880,#881,#448,.T.);
#1079=EDGE_CURVE('',#881,#882,#449,.F.);
#1080=EDGE_CURVE('',#882,#883,#450,.T.);
#1081=EDGE_CURVE('',#884,#883,#451,.T.);
#1082=EDGE_CURVE('',#885,#884,#452,.T.);
#1083=EDGE_CURVE('',#885,#886,#453,.F.);
#1084=EDGE_CURVE('',#886,#887,#454,.F.);
#1085=EDGE_CURVE('',#887,#888,#455,.F.);
#1086=EDGE_CURVE('',#888,#889,#456,.F.);
#1087=EDGE_CURVE('',#889,#890,#457,.F.);
#1088=EDGE_CURVE('',#890,#870,#458,.F.);
#1089=EDGE_CURVE('',#876,#891,#459,.F.);
#1090=EDGE_CURVE('',#891,#892,#460,.T.);
#1091=EDGE_CURVE('',#892,#858,#461,.F.);
#1092=EDGE_CURVE('',#857,#893,#462,.F.);
#1093=EDGE_CURVE('',#893,#862,#463,.T.);
#1094=EDGE_CURVE('',#894,#894,#88,.T.);
#1095=EDGE_CURVE('',#894,#895,#464,.T.);
#1096=EDGE_CURVE('',#895,#895,#89,.T.);
#1097=EDGE_CURVE('',#896,#896,#90,.F.);
#1098=EDGE_CURVE('',#897,#897,#91,.F.);
#1099=EDGE_CURVE('',#897,#898,#465,.T.);
#1100=EDGE_CURVE('',#898,#898,#92,.T.);
#1101=EDGE_CURVE('',#899,#899,#93,.T.);
#1102=EDGE_CURVE('',#900,#900,#94,.T.);
#1103=EDGE_CURVE('',#900,#901,#466,.T.);
#1104=EDGE_CURVE('',#901,#901,#95,.T.);
#1105=EDGE_CURVE('',#902,#902,#96,.F.);
#1106=EDGE_CURVE('',#892,#856,#467,.T.);
#1107=EDGE_CURVE('',#893,#854,#468,.T.);
#1108=EDGE_CURVE('',#903,#904,#469,.F.);
#1109=EDGE_CURVE('',#903,#905,#470,.F.);
#1110=EDGE_CURVE('',#906,#905,#471,.T.);
#1111=EDGE_CURVE('',#904,#906,#472,.T.);
#1112=EDGE_CURVE('',#907,#908,#473,.F.);
#1113=EDGE_CURVE('',#907,#909,#474,.T.);
#1114=EDGE_CURVE('',#910,#909,#475,.T.);
#1115=EDGE_CURVE('',#908,#910,#476,.T.);
#1116=EDGE_CURVE('',#908,#903,#477,.T.);
#1117=EDGE_CURVE('',#905,#910,#478,.F.);
#1118=EDGE_CURVE('',#909,#906,#479,.T.);
#1119=EDGE_CURVE('',#904,#911,#480,.T.);
#1120=EDGE_CURVE('',#911,#873,#481,.F.);
#1121=EDGE_CURVE('',#872,#912,#482,.F.);
#1122=EDGE_CURVE('',#912,#913,#483,.F.);
#1123=EDGE_CURVE('',#913,#914,#484,.F.);
#1124=EDGE_CURVE('',#914,#915,#485,.F.);
#1125=EDGE_CURVE('',#915,#916,#486,.F.);
#1126=EDGE_CURVE('',#916,#917,#487,.F.);
#1127=EDGE_CURVE('',#917,#918,#488,.F.);
#1128=EDGE_CURVE('',#918,#919,#489,.F.);
#1129=EDGE_CURVE('',#919,#920,#490,.F.);
#1130=EDGE_CURVE('',#921,#920,#491,.F.);
#1131=EDGE_CURVE('',#922,#921,#492,.T.);
#1132=EDGE_CURVE('',#923,#922,#493,.F.);
#1133=EDGE_CURVE('',#923,#924,#494,.F.);
#1134=EDGE_CURVE('',#924,#925,#495,.F.);
#1135=EDGE_CURVE('',#925,#926,#496,.F.);
#1136=EDGE_CURVE('',#926,#927,#497,.T.);
#1137=EDGE_CURVE('',#928,#927,#97,.F.);
#1138=EDGE_CURVE('',#928,#929,#498,.T.);
#1139=EDGE_CURVE('',#930,#929,#98,.F.);
#1140=EDGE_CURVE('',#930,#907,#499,.T.);
#1141=EDGE_CURVE('',#931,#931,#99,.T.);
#1142=EDGE_CURVE('',#931,#932,#100,.T.);
#1143=EDGE_CURVE('',#932,#932,#101,.T.);
#1144=EDGE_CURVE('',#933,#934,#500,.T.);
#1145=EDGE_CURVE('',#935,#933,#501,.T.);
#1146=EDGE_CURVE('',#936,#935,#502,.T.);
#1147=EDGE_CURVE('',#934,#936,#503,.T.);
#1148=EDGE_CURVE('',#937,#937,#102,.T.);
#1149=EDGE_CURVE('',#938,#938,#103,.T.);
#1150=EDGE_CURVE('',#939,#939,#104,.T.);
#1151=EDGE_CURVE('',#940,#940,#105,.T.);
#1152=EDGE_CURVE('',#941,#941,#106,.T.);
#1153=EDGE_CURVE('',#941,#932,#504,.T.);
#1154=EDGE_CURVE('',#937,#942,#107,.T.);
#1155=EDGE_CURVE('',#942,#942,#108,.T.);
#1156=EDGE_CURVE('',#943,#943,#109,.T.);
#1157=EDGE_CURVE('',#943,#942,#505,.T.);
#1158=EDGE_CURVE('',#944,#944,#110,.T.);
#1159=EDGE_CURVE('',#945,#945,#111,.T.);
#1160=EDGE_CURVE('',#933,#946,#79,.T.);
#1161=EDGE_CURVE('',#947,#934,#80,.T.);
#1162=EDGE_CURVE('',#947,#946,#506,.T.);
#1163=EDGE_CURVE('',#948,#936,#21,.T.);
#1164=EDGE_CURVE('',#948,#947,#507,.T.);
#1165=EDGE_CURVE('',#947,#915,#508,.F.);
#1166=EDGE_CURVE('',#949,#914,#509,.F.);
#1167=EDGE_CURVE('',#950,#949,#510,.F.);
#1168=EDGE_CURVE('',#889,#950,#511,.F.);
#1169=EDGE_CURVE('',#888,#946,#512,.F.);
#1170=EDGE_CURVE('',#951,#952,#81,.T.);
#1171=EDGE_CURVE('',#952,#953,#82,.T.);
#1172=EDGE_CURVE('',#953,#951,#112,.T.);
#1173=EDGE_CURVE('',#954,#955,#83,.T.);
#1174=EDGE_CURVE('',#955,#956,#84,.T.);
#1175=EDGE_CURVE('',#956,#954,#113,.T.);
#1176=EDGE_CURVE('',#955,#957,#513,.T.);
#1177=EDGE_CURVE('',#957,#958,#114,.T.);
#1178=EDGE_CURVE('',#958,#956,#514,.T.);
#1179=EDGE_CURVE('',#952,#955,#515,.T.);
#1180=EDGE_CURVE('',#954,#953,#516,.T.);
#1181=EDGE_CURVE('',#951,#959,#517,.T.);
#1182=EDGE_CURVE('',#959,#960,#115,.T.);
#1183=EDGE_CURVE('',#960,#952,#518,.T.);
#1184=EDGE_CURVE('',#953,#930,#519,.T.);
#1185=EDGE_CURVE('',#929,#951,#520,.T.);
#1186=EDGE_CURVE('',#891,#961,#521,.T.);
#1187=EDGE_CURVE('',#961,#962,#522,.T.);
#1188=EDGE_CURVE('',#962,#911,#523,.T.);
#1189=EDGE_CURVE('',#859,#954,#524,.T.);
#1190=EDGE_CURVE('',#956,#863,#525,.T.);
#1191=EDGE_CURVE('',#958,#963,#526,.T.);
#1192=EDGE_CURVE('',#963,#964,#527,.T.);
#1193=EDGE_CURVE('',#964,#965,#528,.T.);
#1194=EDGE_CURVE('',#966,#965,#529,.T.);
#1195=EDGE_CURVE('',#864,#966,#530,.T.);
#1196=EDGE_CURVE('',#927,#967,#531,.T.);
#1197=EDGE_CURVE('',#967,#968,#116,.T.);
#1198=EDGE_CURVE('',#968,#928,#532,.T.);
#1199=EDGE_CURVE('',#967,#969,#533,.T.);
#1200=EDGE_CURVE('',#966,#969,#117,.T.);
#1201=EDGE_CURVE('',#965,#970,#534,.T.);
#1202=EDGE_CURVE('',#970,#968,#535,.T.);
#1203=EDGE_CURVE('',#926,#971,#536,.T.);
#1204=EDGE_CURVE('',#971,#972,#537,.T.);
#1205=EDGE_CURVE('',#866,#972,#538,.T.);
#1206=EDGE_CURVE('',#865,#969,#539,.T.);
#1207=EDGE_CURVE('',#973,#973,#118,.T.);
#1208=EDGE_CURVE('',#974,#974,#119,.T.);
#1209=EDGE_CURVE('',#970,#975,#540,.T.);
#1210=EDGE_CURVE('',#975,#976,#541,.T.);
#1211=EDGE_CURVE('',#976,#959,#542,.T.);
#1212=EDGE_CURVE('',#977,#978,#120,.T.);
#1213=EDGE_CURVE('',#978,#938,#121,.T.);
#1214=EDGE_CURVE('',#978,#977,#122,.T.);
#1215=EDGE_CURVE('',#977,#979,#543,.T.);
#1216=EDGE_CURVE('',#979,#979,#123,.T.);
#1217=EDGE_CURVE('',#980,#981,#124,.T.);
#1218=EDGE_CURVE('',#981,#940,#125,.T.);
#1219=EDGE_CURVE('',#981,#980,#126,.T.);
#1220=EDGE_CURVE('',#980,#982,#544,.T.);
#1221=EDGE_CURVE('',#982,#982,#127,.T.);
#1222=EDGE_CURVE('',#983,#984,#128,.T.);
#1223=EDGE_CURVE('',#984,#939,#129,.T.);
#1224=EDGE_CURVE('',#984,#983,#130,.T.);
#1225=EDGE_CURVE('',#983,#985,#545,.T.);
#1226=EDGE_CURVE('',#985,#985,#131,.T.);
#1227=EDGE_CURVE('',#946,#986,#546,.T.);
#1228=EDGE_CURVE('',#935,#986,#22,.T.);
#1229=EDGE_CURVE('',#987,#887,#547,.F.);
#1230=EDGE_CURVE('',#987,#988,#548,.F.);
#1231=EDGE_CURVE('',#988,#989,#132,.T.);
#1232=EDGE_CURVE('',#990,#989,#549,.T.);
#1233=EDGE_CURVE('',#990,#986,#133,.T.);
#1234=EDGE_CURVE('',#991,#948,#134,.F.);
#1235=EDGE_CURVE('',#992,#991,#550,.T.);
#1236=EDGE_CURVE('',#993,#992,#135,.F.);
#1237=EDGE_CURVE('',#993,#994,#551,.F.);
#1238=EDGE_CURVE('',#916,#994,#552,.F.);
#1239=EDGE_CURVE('',#990,#991,#553,.T.);
#1240=EDGE_CURVE('',#992,#989,#554,.T.);
#1241=EDGE_CURVE('',#988,#993,#555,.T.);
#1242=EDGE_CURVE('',#922,#995,#556,.T.);
#1243=EDGE_CURVE('',#996,#995,#557,.T.);
#1244=EDGE_CURVE('',#923,#996,#558,.T.);
#1245=EDGE_CURVE('',#997,#920,#559,.T.);
#1246=EDGE_CURVE('',#998,#997,#560,.T.);
#1247=EDGE_CURVE('',#921,#998,#561,.T.);
#1248=EDGE_CURVE('',#999,#996,#562,.T.);
#1249=EDGE_CURVE('',#924,#999,#563,.T.);
#1250=EDGE_CURVE('',#1000,#995,#564,.T.);
#1251=EDGE_CURVE('',#1000,#999,#565,.T.);
#1252=EDGE_CURVE('',#1001,#880,#566,.T.);
#1253=EDGE_CURVE('',#1002,#1001,#567,.T.);
#1254=EDGE_CURVE('',#881,#1002,#568,.T.);
#1255=EDGE_CURVE('',#882,#1003,#569,.T.);
#1256=EDGE_CURVE('',#1004,#1003,#570,.T.);
#1257=EDGE_CURVE('',#883,#1004,#571,.T.);
#1258=EDGE_CURVE('',#879,#1005,#572,.T.);
#1259=EDGE_CURVE('',#1005,#1001,#573,.T.);
#1260=EDGE_CURVE('',#1004,#1006,#574,.T.);
#1261=EDGE_CURVE('',#1006,#884,#575,.T.);
#1262=EDGE_CURVE('',#1007,#1002,#576,.T.);
#1263=EDGE_CURVE('',#1007,#1005,#577,.F.);
#1264=EDGE_CURVE('',#950,#1008,#578,.T.);
#1265=EDGE_CURVE('',#1008,#890,#579,.F.);
#1266=EDGE_CURVE('',#972,#1009,#580,.T.);
#1267=EDGE_CURVE('',#971,#1000,#581,.T.);
#1268=EDGE_CURVE('',#1000,#1009,#582,.F.);
#1269=EDGE_CURVE('',#878,#1007,#583,.T.);
#1270=EDGE_CURVE('',#997,#1010,#584,.F.);
#1271=EDGE_CURVE('',#1006,#1010,#585,.F.);
#1272=EDGE_CURVE('',#1011,#1003,#586,.T.);
#1273=EDGE_CURVE('',#1012,#1011,#587,.F.);
#1274=EDGE_CURVE('',#998,#1012,#588,.T.);
#1275=EDGE_CURVE('',#1009,#1011,#589,.T.);
#1276=EDGE_CURVE('',#1013,#886,#590,.F.);
#1277=EDGE_CURVE('',#1014,#885,#591,.T.);
#1278=EDGE_CURVE('',#1014,#1013,#592,.T.);
#1279=EDGE_CURVE('',#913,#1015,#593,.F.);
#1280=EDGE_CURVE('',#949,#1015,#594,.T.);
#1281=EDGE_CURVE('',#925,#1000,#595,.T.);
#1282=EDGE_CURVE('',#1010,#919,#596,.F.);
#1283=EDGE_CURVE('',#1016,#918,#597,.F.);
#1284=EDGE_CURVE('',#1014,#1016,#598,.F.);
#1285=EDGE_CURVE('',#1000,#1012,#599,.F.);
#1286=EDGE_CURVE('',#917,#1017,#600,.F.);
#1287=EDGE_CURVE('',#1016,#1017,#601,.T.);
#1288=EDGE_CURVE('',#1015,#1008,#602,.F.);
#1289=EDGE_CURVE('',#1017,#1013,#603,.F.);
#1290=EDGE_CURVE('',#994,#987,#604,.F.);
#1291=EDGE_CURVE('',#874,#962,#605,.T.);
#1292=EDGE_CURVE('',#875,#961,#606,.T.);
#1293=EDGE_CURVE('',#912,#877,#607,.F.);
#1294=EDGE_CURVE('',#979,#901,#608,.T.);
#1295=EDGE_CURVE('',#982,#895,#609,.T.);
#1296=EDGE_CURVE('',#985,#898,#610,.T.);
#1297=EDGE_CURVE('',#973,#1018,#611,.T.);
#1298=EDGE_CURVE('',#1018,#1018,#136,.T.);
#1299=EDGE_CURVE('',#974,#1019,#612,.T.);
#1300=EDGE_CURVE('',#1019,#1019,#137,.T.);
#1301=EDGE_CURVE('',#1020,#1020,#138,.T.);
#1302=EDGE_CURVE('',#1020,#944,#613,.T.);
#1303=EDGE_CURVE('',#1021,#1021,#139,.T.);
#1304=EDGE_CURVE('',#1021,#945,#614,.T.);
#1305=EDGE_CURVE('',#1022,#1022,#140,.T.);
#1306=EDGE_CURVE('',#1023,#1023,#141,.T.);
#1307=EDGE_CURVE('',#1024,#1024,#142,.T.);
#1308=EDGE_CURVE('',#1024,#1022,#615,.T.);
#1309=EDGE_CURVE('',#1023,#896,#616,.T.);
#1310=EDGE_CURVE('',#1025,#1025,#143,.T.);
#1311=EDGE_CURVE('',#1026,#1026,#144,.T.);
#1312=EDGE_CURVE('',#1027,#1027,#145,.T.);
#1313=EDGE_CURVE('',#1027,#1025,#617,.T.);
#1314=EDGE_CURVE('',#1026,#899,#618,.T.);
#1315=EDGE_CURVE('',#1028,#1028,#146,.T.);
#1316=EDGE_CURVE('',#1029,#1029,#147,.T.);
#1317=EDGE_CURVE('',#1030,#1030,#148,.T.);
#1318=EDGE_CURVE('',#1030,#1028,#619,.T.);
#1319=EDGE_CURVE('',#1029,#902,#620,.T.);
#1320=EDGE_CURVE('',#976,#963,#621,.T.);
#1321=EDGE_CURVE('',#960,#957,#622,.T.);
#1322=EDGE_CURVE('',#964,#975,#623,.T.);
#1323=ORIENTED_EDGE('',*,*,#1031,.F.);
#1324=ORIENTED_EDGE('',*,*,#1032,.T.);
#1325=ORIENTED_EDGE('',*,*,#1033,.T.);
#1326=ORIENTED_EDGE('',*,*,#1034,.F.);
#1327=ORIENTED_EDGE('',*,*,#1035,.F.);
#1328=ORIENTED_EDGE('',*,*,#1036,.F.);
#1329=ORIENTED_EDGE('',*,*,#1035,.T.);
#1330=ORIENTED_EDGE('',*,*,#1037,.F.);
#1331=ORIENTED_EDGE('',*,*,#1038,.F.);
#1332=ORIENTED_EDGE('',*,*,#1039,.T.);
#1333=ORIENTED_EDGE('',*,*,#1040,.T.);
#1334=ORIENTED_EDGE('',*,*,#1032,.F.);
#1335=ORIENTED_EDGE('',*,*,#1041,.T.);
#1336=ORIENTED_EDGE('',*,*,#1042,.T.);
#1337=ORIENTED_EDGE('',*,*,#1043,.T.);
#1338=ORIENTED_EDGE('',*,*,#1044,.T.);
#1339=ORIENTED_EDGE('',*,*,#1042,.F.);
#1340=ORIENTED_EDGE('',*,*,#1045,.T.);
#1341=ORIENTED_EDGE('',*,*,#1046,.T.);
#1342=ORIENTED_EDGE('',*,*,#1047,.T.);
#1343=ORIENTED_EDGE('',*,*,#1041,.F.);
#1344=ORIENTED_EDGE('',*,*,#1048,.F.);
#1345=ORIENTED_EDGE('',*,*,#1049,.F.);
#1346=ORIENTED_EDGE('',*,*,#1050,.T.);
#1347=ORIENTED_EDGE('',*,*,#1045,.F.);
#1348=ORIENTED_EDGE('',*,*,#1051,.T.);
#1349=ORIENTED_EDGE('',*,*,#1052,.T.);
#1350=ORIENTED_EDGE('',*,*,#1039,.F.);
#1351=ORIENTED_EDGE('',*,*,#1031,.T.);
#1352=ORIENTED_EDGE('',*,*,#1053,.T.);
#1353=ORIENTED_EDGE('',*,*,#1054,.T.);
#1354=ORIENTED_EDGE('',*,*,#1053,.F.);
#1355=ORIENTED_EDGE('',*,*,#1036,.T.);
#1356=ORIENTED_EDGE('',*,*,#1055,.F.);
#1357=ORIENTED_EDGE('',*,*,#1056,.T.);
#1358=ORIENTED_EDGE('',*,*,#1052,.F.);
#1359=ORIENTED_EDGE('',*,*,#1057,.F.);
#1360=ORIENTED_EDGE('',*,*,#1058,.T.);
#1361=ORIENTED_EDGE('',*,*,#1059,.T.);
#1362=ORIENTED_EDGE('',*,*,#1060,.T.);
#1363=ORIENTED_EDGE('',*,*,#1061,.F.);
#1364=ORIENTED_EDGE('',*,*,#1033,.F.);
#1365=ORIENTED_EDGE('',*,*,#1040,.F.);
#1366=ORIENTED_EDGE('',*,*,#1062,.F.);
#1367=ORIENTED_EDGE('',*,*,#1063,.F.);
#1368=ORIENTED_EDGE('',*,*,#1064,.T.);
#1369=ORIENTED_EDGE('',*,*,#1065,.F.);
#1370=ORIENTED_EDGE('',*,*,#1063,.T.);
#1371=ORIENTED_EDGE('',*,*,#1066,.T.);
#1372=ORIENTED_EDGE('',*,*,#1067,.T.);
#1373=ORIENTED_EDGE('',*,*,#1068,.F.);
#1374=ORIENTED_EDGE('',*,*,#1069,.F.);
#1375=ORIENTED_EDGE('',*,*,#1070,.F.);
#1376=ORIENTED_EDGE('',*,*,#1071,.F.);
#1377=ORIENTED_EDGE('',*,*,#1072,.F.);
#1378=ORIENTED_EDGE('',*,*,#1062,.T.);
#1379=ORIENTED_EDGE('',*,*,#1073,.F.);
#1380=ORIENTED_EDGE('',*,*,#1074,.T.);
#1381=ORIENTED_EDGE('',*,*,#1066,.F.);
#1382=ORIENTED_EDGE('',*,*,#1038,.T.);
#1383=ORIENTED_EDGE('',*,*,#1075,.T.);
#1384=ORIENTED_EDGE('',*,*,#1076,.F.);
#1385=ORIENTED_EDGE('',*,*,#1077,.F.);
#1386=ORIENTED_EDGE('',*,*,#1078,.T.);
#1387=ORIENTED_EDGE('',*,*,#1079,.T.);
#1388=ORIENTED_EDGE('',*,*,#1080,.T.);
#1389=ORIENTED_EDGE('',*,*,#1081,.F.);
#1390=ORIENTED_EDGE('',*,*,#1082,.F.);
#1391=ORIENTED_EDGE('',*,*,#1083,.T.);
#1392=ORIENTED_EDGE('',*,*,#1084,.T.);
#1393=ORIENTED_EDGE('',*,*,#1085,.T.);
#1394=ORIENTED_EDGE('',*,*,#1086,.T.);
#1395=ORIENTED_EDGE('',*,*,#1087,.T.);
#1396=ORIENTED_EDGE('',*,*,#1088,.T.);
#1397=ORIENTED_EDGE('',*,*,#1064,.F.);
#1398=ORIENTED_EDGE('',*,*,#1072,.T.);
#1399=ORIENTED_EDGE('',*,*,#1089,.T.);
#1400=ORIENTED_EDGE('',*,*,#1090,.T.);
#1401=ORIENTED_EDGE('',*,*,#1091,.T.);
#1402=ORIENTED_EDGE('',*,*,#1049,.T.);
#1403=ORIENTED_EDGE('',*,*,#1092,.T.);
#1404=ORIENTED_EDGE('',*,*,#1093,.T.);
#1405=ORIENTED_EDGE('',*,*,#1055,.T.);
#1406=ORIENTED_EDGE('',*,*,#1094,.F.);
#1407=ORIENTED_EDGE('',*,*,#1095,.T.);
#1408=ORIENTED_EDGE('',*,*,#1096,.F.);
#1409=ORIENTED_EDGE('',*,*,#1095,.F.);
#1410=ORIENTED_EDGE('',*,*,#1094,.T.);
#1411=ORIENTED_EDGE('',*,*,#1097,.T.);
#1412=ORIENTED_EDGE('',*,*,#1098,.F.);
#1413=ORIENTED_EDGE('',*,*,#1099,.T.);
#1414=ORIENTED_EDGE('',*,*,#1100,.F.);
#1415=ORIENTED_EDGE('',*,*,#1099,.F.);
#1416=ORIENTED_EDGE('',*,*,#1098,.T.);
#1417=ORIENTED_EDGE('',*,*,#1101,.T.);
#1418=ORIENTED_EDGE('',*,*,#1102,.F.);
#1419=ORIENTED_EDGE('',*,*,#1103,.T.);
#1420=ORIENTED_EDGE('',*,*,#1104,.F.);
#1421=ORIENTED_EDGE('',*,*,#1103,.F.);
#1422=ORIENTED_EDGE('',*,*,#1102,.T.);
#1423=ORIENTED_EDGE('',*,*,#1105,.T.);
#1424=ORIENTED_EDGE('',*,*,#1091,.F.);
#1425=ORIENTED_EDGE('',*,*,#1106,.T.);
#1426=ORIENTED_EDGE('',*,*,#1046,.F.);
#1427=ORIENTED_EDGE('',*,*,#1050,.F.);
#1428=ORIENTED_EDGE('',*,*,#1044,.F.);
#1429=ORIENTED_EDGE('',*,*,#1107,.F.);
#1430=ORIENTED_EDGE('',*,*,#1092,.F.);
#1431=ORIENTED_EDGE('',*,*,#1048,.T.);
#1432=ORIENTED_EDGE('',*,*,#1108,.F.);
#1433=ORIENTED_EDGE('',*,*,#1109,.T.);
#1434=ORIENTED_EDGE('',*,*,#1110,.F.);
#1435=ORIENTED_EDGE('',*,*,#1111,.F.);
#1436=ORIENTED_EDGE('',*,*,#1112,.F.);
#1437=ORIENTED_EDGE('',*,*,#1113,.T.);
#1438=ORIENTED_EDGE('',*,*,#1114,.F.);
#1439=ORIENTED_EDGE('',*,*,#1115,.F.);
#1440=ORIENTED_EDGE('',*,*,#1116,.F.);
#1441=ORIENTED_EDGE('',*,*,#1115,.T.);
#1442=ORIENTED_EDGE('',*,*,#1117,.F.);
#1443=ORIENTED_EDGE('',*,*,#1109,.F.);
#1444=ORIENTED_EDGE('',*,*,#1117,.T.);
#1445=ORIENTED_EDGE('',*,*,#1114,.T.);
#1446=ORIENTED_EDGE('',*,*,#1118,.T.);
#1447=ORIENTED_EDGE('',*,*,#1110,.T.);
#1448=ORIENTED_EDGE('',*,*,#1112,.T.);
#1449=ORIENTED_EDGE('',*,*,#1116,.T.);
#1450=ORIENTED_EDGE('',*,*,#1108,.T.);
#1451=ORIENTED_EDGE('',*,*,#1119,.T.);
#1452=ORIENTED_EDGE('',*,*,#1120,.T.);
#1453=ORIENTED_EDGE('',*,*,#1068,.T.);
#1454=ORIENTED_EDGE('',*,*,#1121,.T.);
#1455=ORIENTED_EDGE('',*,*,#1122,.T.);
#1456=ORIENTED_EDGE('',*,*,#1123,.T.);
#1457=ORIENTED_EDGE('',*,*,#1124,.T.);
#1458=ORIENTED_EDGE('',*,*,#1125,.T.);
#1459=ORIENTED_EDGE('',*,*,#1126,.T.);
#1460=ORIENTED_EDGE('',*,*,#1127,.T.);
#1461=ORIENTED_EDGE('',*,*,#1128,.T.);
#1462=ORIENTED_EDGE('',*,*,#1129,.T.);
#1463=ORIENTED_EDGE('',*,*,#1130,.F.);
#1464=ORIENTED_EDGE('',*,*,#1131,.F.);
#1465=ORIENTED_EDGE('',*,*,#1132,.F.);
#1466=ORIENTED_EDGE('',*,*,#1133,.T.);
#1467=ORIENTED_EDGE('',*,*,#1134,.T.);
#1468=ORIENTED_EDGE('',*,*,#1135,.T.);
#1469=ORIENTED_EDGE('',*,*,#1136,.T.);
#1470=ORIENTED_EDGE('',*,*,#1137,.F.);
#1471=ORIENTED_EDGE('',*,*,#1138,.T.);
#1472=ORIENTED_EDGE('',*,*,#1139,.F.);
#1473=ORIENTED_EDGE('',*,*,#1140,.T.);
#1474=ORIENTED_EDGE('',*,*,#1141,.T.);
#1475=ORIENTED_EDGE('',*,*,#1142,.T.);
#1476=ORIENTED_EDGE('',*,*,#1143,.T.);
#1477=ORIENTED_EDGE('',*,*,#1142,.F.);
#1478=ORIENTED_EDGE('',*,*,#1144,.F.);
#1479=ORIENTED_EDGE('',*,*,#1145,.F.);
#1480=ORIENTED_EDGE('',*,*,#1146,.F.);
#1481=ORIENTED_EDGE('',*,*,#1147,.F.);
#1482=ORIENTED_EDGE('',*,*,#1148,.F.);
#1483=ORIENTED_EDGE('',*,*,#1149,.F.);
#1484=ORIENTED_EDGE('',*,*,#1150,.F.);
#1485=ORIENTED_EDGE('',*,*,#1151,.F.);
#1486=ORIENTED_EDGE('',*,*,#1141,.F.);
#1487=ORIENTED_EDGE('',*,*,#1152,.F.);
#1488=ORIENTED_EDGE('',*,*,#1153,.T.);
#1489=ORIENTED_EDGE('',*,*,#1143,.F.);
#1490=ORIENTED_EDGE('',*,*,#1153,.F.);
#1491=ORIENTED_EDGE('',*,*,#1148,.T.);
#1492=ORIENTED_EDGE('',*,*,#1154,.T.);
#1493=ORIENTED_EDGE('',*,*,#1155,.T.);
#1494=ORIENTED_EDGE('',*,*,#1154,.F.);
#1495=ORIENTED_EDGE('',*,*,#1156,.F.);
#1496=ORIENTED_EDGE('',*,*,#1157,.T.);
#1497=ORIENTED_EDGE('',*,*,#1155,.F.);
#1498=ORIENTED_EDGE('',*,*,#1157,.F.);
#1499=ORIENTED_EDGE('',*,*,#1156,.T.);
#1500=ORIENTED_EDGE('',*,*,#1158,.T.);
#1501=ORIENTED_EDGE('',*,*,#1152,.T.);
#1502=ORIENTED_EDGE('',*,*,#1159,.T.);
#1503=ORIENTED_EDGE('',*,*,#1160,.F.);
#1504=ORIENTED_EDGE('',*,*,#1144,.T.);
#1505=ORIENTED_EDGE('',*,*,#1161,.F.);
#1506=ORIENTED_EDGE('',*,*,#1162,.T.);
#1507=ORIENTED_EDGE('',*,*,#1161,.T.);
#1508=ORIENTED_EDGE('',*,*,#1147,.T.);
#1509=ORIENTED_EDGE('',*,*,#1163,.F.);
#1510=ORIENTED_EDGE('',*,*,#1164,.T.);
#1511=ORIENTED_EDGE('',*,*,#1162,.F.);
#1512=ORIENTED_EDGE('',*,*,#1165,.T.);
#1513=ORIENTED_EDGE('',*,*,#1124,.F.);
#1514=ORIENTED_EDGE('',*,*,#1166,.F.);
#1515=ORIENTED_EDGE('',*,*,#1167,.F.);
#1516=ORIENTED_EDGE('',*,*,#1168,.F.);
#1517=ORIENTED_EDGE('',*,*,#1086,.F.);
#1518=ORIENTED_EDGE('',*,*,#1169,.T.);
#1519=ORIENTED_EDGE('',*,*,#1170,.T.);
#1520=ORIENTED_EDGE('',*,*,#1171,.T.);
#1521=ORIENTED_EDGE('',*,*,#1172,.T.);
#1522=ORIENTED_EDGE('',*,*,#1173,.T.);
#1523=ORIENTED_EDGE('',*,*,#1174,.T.);
#1524=ORIENTED_EDGE('',*,*,#1175,.T.);
#1525=ORIENTED_EDGE('',*,*,#1174,.F.);
#1526=ORIENTED_EDGE('',*,*,#1176,.T.);
#1527=ORIENTED_EDGE('',*,*,#1177,.T.);
#1528=ORIENTED_EDGE('',*,*,#1178,.T.);
#1529=ORIENTED_EDGE('',*,*,#1171,.F.);
#1530=ORIENTED_EDGE('',*,*,#1179,.T.);
#1531=ORIENTED_EDGE('',*,*,#1173,.F.);
#1532=ORIENTED_EDGE('',*,*,#1180,.T.);
#1533=ORIENTED_EDGE('',*,*,#1170,.F.);
#1534=ORIENTED_EDGE('',*,*,#1181,.T.);
#1535=ORIENTED_EDGE('',*,*,#1182,.T.);
#1536=ORIENTED_EDGE('',*,*,#1183,.T.);
#1537=ORIENTED_EDGE('',*,*,#1172,.F.);
#1538=ORIENTED_EDGE('',*,*,#1184,.T.);
#1539=ORIENTED_EDGE('',*,*,#1139,.T.);
#1540=ORIENTED_EDGE('',*,*,#1185,.T.);
#1541=ORIENTED_EDGE('',*,*,#1043,.F.);
#1542=ORIENTED_EDGE('',*,*,#1047,.F.);
#1543=ORIENTED_EDGE('',*,*,#1106,.F.);
#1544=ORIENTED_EDGE('',*,*,#1090,.F.);
#1545=ORIENTED_EDGE('',*,*,#1186,.T.);
#1546=ORIENTED_EDGE('',*,*,#1187,.T.);
#1547=ORIENTED_EDGE('',*,*,#1188,.T.);
#1548=ORIENTED_EDGE('',*,*,#1119,.F.);
#1549=ORIENTED_EDGE('',*,*,#1111,.T.);
#1550=ORIENTED_EDGE('',*,*,#1118,.F.);
#1551=ORIENTED_EDGE('',*,*,#1113,.F.);
#1552=ORIENTED_EDGE('',*,*,#1140,.F.);
#1553=ORIENTED_EDGE('',*,*,#1184,.F.);
#1554=ORIENTED_EDGE('',*,*,#1180,.F.);
#1555=ORIENTED_EDGE('',*,*,#1189,.F.);
#1556=ORIENTED_EDGE('',*,*,#1054,.F.);
#1557=ORIENTED_EDGE('',*,*,#1056,.F.);
#1558=ORIENTED_EDGE('',*,*,#1093,.F.);
#1559=ORIENTED_EDGE('',*,*,#1107,.T.);
#1560=ORIENTED_EDGE('',*,*,#1051,.F.);
#1561=ORIENTED_EDGE('',*,*,#1189,.T.);
#1562=ORIENTED_EDGE('',*,*,#1175,.F.);
#1563=ORIENTED_EDGE('',*,*,#1190,.T.);
#1564=ORIENTED_EDGE('',*,*,#1057,.T.);
#1565=ORIENTED_EDGE('',*,*,#1058,.F.);
#1566=ORIENTED_EDGE('',*,*,#1190,.F.);
#1567=ORIENTED_EDGE('',*,*,#1178,.F.);
#1568=ORIENTED_EDGE('',*,*,#1191,.T.);
#1569=ORIENTED_EDGE('',*,*,#1192,.T.);
#1570=ORIENTED_EDGE('',*,*,#1193,.T.);
#1571=ORIENTED_EDGE('',*,*,#1194,.F.);
#1572=ORIENTED_EDGE('',*,*,#1195,.F.);
#1573=ORIENTED_EDGE('',*,*,#1137,.T.);
#1574=ORIENTED_EDGE('',*,*,#1196,.T.);
#1575=ORIENTED_EDGE('',*,*,#1197,.T.);
#1576=ORIENTED_EDGE('',*,*,#1198,.T.);
#1577=ORIENTED_EDGE('',*,*,#1197,.F.);
#1578=ORIENTED_EDGE('',*,*,#1199,.T.);
#1579=ORIENTED_EDGE('',*,*,#1200,.F.);
#1580=ORIENTED_EDGE('',*,*,#1194,.T.);
#1581=ORIENTED_EDGE('',*,*,#1201,.T.);
#1582=ORIENTED_EDGE('',*,*,#1202,.T.);
#1583=ORIENTED_EDGE('',*,*,#1196,.F.);
#1584=ORIENTED_EDGE('',*,*,#1136,.F.);
#1585=ORIENTED_EDGE('',*,*,#1203,.T.);
#1586=ORIENTED_EDGE('',*,*,#1204,.T.);
#1587=ORIENTED_EDGE('',*,*,#1205,.F.);
#1588=ORIENTED_EDGE('',*,*,#1060,.F.);
#1589=ORIENTED_EDGE('',*,*,#1206,.T.);
#1590=ORIENTED_EDGE('',*,*,#1199,.F.);
#1591=ORIENTED_EDGE('',*,*,#1207,.T.);
#1592=ORIENTED_EDGE('',*,*,#1208,.T.);
#1593=ORIENTED_EDGE('',*,*,#1195,.T.);
#1594=ORIENTED_EDGE('',*,*,#1200,.T.);
#1595=ORIENTED_EDGE('',*,*,#1206,.F.);
#1596=ORIENTED_EDGE('',*,*,#1059,.F.);
#1597=ORIENTED_EDGE('',*,*,#1181,.F.);
#1598=ORIENTED_EDGE('',*,*,#1185,.F.);
#1599=ORIENTED_EDGE('',*,*,#1138,.F.);
#1600=ORIENTED_EDGE('',*,*,#1198,.F.);
#1601=ORIENTED_EDGE('',*,*,#1202,.F.);
#1602=ORIENTED_EDGE('',*,*,#1209,.T.);
#1603=ORIENTED_EDGE('',*,*,#1210,.T.);
#1604=ORIENTED_EDGE('',*,*,#1211,.T.);
#1605=ORIENTED_EDGE('',*,*,#1212,.T.);
#1606=ORIENTED_EDGE('',*,*,#1213,.T.);
#1607=ORIENTED_EDGE('',*,*,#1149,.T.);
#1608=ORIENTED_EDGE('',*,*,#1213,.F.);
#1609=ORIENTED_EDGE('',*,*,#1214,.T.);
#1610=ORIENTED_EDGE('',*,*,#1212,.F.);
#1611=ORIENTED_EDGE('',*,*,#1215,.T.);
#1612=ORIENTED_EDGE('',*,*,#1216,.T.);
#1613=ORIENTED_EDGE('',*,*,#1215,.F.);
#1614=ORIENTED_EDGE('',*,*,#1214,.F.);
#1615=ORIENTED_EDGE('',*,*,#1217,.T.);
#1616=ORIENTED_EDGE('',*,*,#1218,.T.);
#1617=ORIENTED_EDGE('',*,*,#1151,.T.);
#1618=ORIENTED_EDGE('',*,*,#1218,.F.);
#1619=ORIENTED_EDGE('',*,*,#1219,.T.);
#1620=ORIENTED_EDGE('',*,*,#1217,.F.);
#1621=ORIENTED_EDGE('',*,*,#1220,.T.);
#1622=ORIENTED_EDGE('',*,*,#1221,.T.);
#1623=ORIENTED_EDGE('',*,*,#1220,.F.);
#1624=ORIENTED_EDGE('',*,*,#1219,.F.);
#1625=ORIENTED_EDGE('',*,*,#1222,.T.);
#1626=ORIENTED_EDGE('',*,*,#1223,.T.);
#1627=ORIENTED_EDGE('',*,*,#1150,.T.);
#1628=ORIENTED_EDGE('',*,*,#1223,.F.);
#1629=ORIENTED_EDGE('',*,*,#1224,.T.);
#1630=ORIENTED_EDGE('',*,*,#1222,.F.);
#1631=ORIENTED_EDGE('',*,*,#1225,.T.);
#1632=ORIENTED_EDGE('',*,*,#1226,.T.);
#1633=ORIENTED_EDGE('',*,*,#1225,.F.);
#1634=ORIENTED_EDGE('',*,*,#1224,.F.);
#1635=ORIENTED_EDGE('',*,*,#1160,.T.);
#1636=ORIENTED_EDGE('',*,*,#1227,.T.);
#1637=ORIENTED_EDGE('',*,*,#1228,.F.);
#1638=ORIENTED_EDGE('',*,*,#1145,.T.);
#1639=ORIENTED_EDGE('',*,*,#1227,.F.);
#1640=ORIENTED_EDGE('',*,*,#1169,.F.);
#1641=ORIENTED_EDGE('',*,*,#1085,.F.);
#1642=ORIENTED_EDGE('',*,*,#1229,.F.);
#1643=ORIENTED_EDGE('',*,*,#1230,.T.);
#1644=ORIENTED_EDGE('',*,*,#1231,.T.);
#1645=ORIENTED_EDGE('',*,*,#1232,.F.);
#1646=ORIENTED_EDGE('',*,*,#1233,.T.);
#1647=ORIENTED_EDGE('',*,*,#1164,.F.);
#1648=ORIENTED_EDGE('',*,*,#1234,.F.);
#1649=ORIENTED_EDGE('',*,*,#1235,.F.);
#1650=ORIENTED_EDGE('',*,*,#1236,.F.);
#1651=ORIENTED_EDGE('',*,*,#1237,.T.);
#1652=ORIENTED_EDGE('',*,*,#1238,.F.);
#1653=ORIENTED_EDGE('',*,*,#1125,.F.);
#1654=ORIENTED_EDGE('',*,*,#1165,.F.);
#1655=ORIENTED_EDGE('',*,*,#1228,.T.);
#1656=ORIENTED_EDGE('',*,*,#1233,.F.);
#1657=ORIENTED_EDGE('',*,*,#1239,.T.);
#1658=ORIENTED_EDGE('',*,*,#1234,.T.);
#1659=ORIENTED_EDGE('',*,*,#1163,.T.);
#1660=ORIENTED_EDGE('',*,*,#1146,.T.);
#1661=ORIENTED_EDGE('',*,*,#1236,.T.);
#1662=ORIENTED_EDGE('',*,*,#1240,.T.);
#1663=ORIENTED_EDGE('',*,*,#1231,.F.);
#1664=ORIENTED_EDGE('',*,*,#1241,.T.);
#1665=ORIENTED_EDGE('',*,*,#1132,.T.);
#1666=ORIENTED_EDGE('',*,*,#1242,.T.);
#1667=ORIENTED_EDGE('',*,*,#1243,.F.);
#1668=ORIENTED_EDGE('',*,*,#1244,.F.);
#1669=ORIENTED_EDGE('',*,*,#1130,.T.);
#1670=ORIENTED_EDGE('',*,*,#1245,.F.);
#1671=ORIENTED_EDGE('',*,*,#1246,.F.);
#1672=ORIENTED_EDGE('',*,*,#1247,.F.);
#1673=ORIENTED_EDGE('',*,*,#1244,.T.);
#1674=ORIENTED_EDGE('',*,*,#1248,.F.);
#1675=ORIENTED_EDGE('',*,*,#1249,.F.);
#1676=ORIENTED_EDGE('',*,*,#1133,.F.);
#1677=ORIENTED_EDGE('',*,*,#1243,.T.);
#1678=ORIENTED_EDGE('',*,*,#1250,.F.);
#1679=ORIENTED_EDGE('',*,*,#1251,.T.);
#1680=ORIENTED_EDGE('',*,*,#1248,.T.);
#1681=ORIENTED_EDGE('',*,*,#1078,.F.);
#1682=ORIENTED_EDGE('',*,*,#1252,.F.);
#1683=ORIENTED_EDGE('',*,*,#1253,.F.);
#1684=ORIENTED_EDGE('',*,*,#1254,.F.);
#1685=ORIENTED_EDGE('',*,*,#1080,.F.);
#1686=ORIENTED_EDGE('',*,*,#1255,.T.);
#1687=ORIENTED_EDGE('',*,*,#1256,.F.);
#1688=ORIENTED_EDGE('',*,*,#1257,.F.);
#1689=ORIENTED_EDGE('',*,*,#1252,.T.);
#1690=ORIENTED_EDGE('',*,*,#1077,.T.);
#1691=ORIENTED_EDGE('',*,*,#1258,.T.);
#1692=ORIENTED_EDGE('',*,*,#1259,.T.);
#1693=ORIENTED_EDGE('',*,*,#1257,.T.);
#1694=ORIENTED_EDGE('',*,*,#1260,.T.);
#1695=ORIENTED_EDGE('',*,*,#1261,.T.);
#1696=ORIENTED_EDGE('',*,*,#1081,.T.);
#1697=ORIENTED_EDGE('',*,*,#1262,.T.);
#1698=ORIENTED_EDGE('',*,*,#1253,.T.);
#1699=ORIENTED_EDGE('',*,*,#1259,.F.);
#1700=ORIENTED_EDGE('',*,*,#1263,.F.);
#1701=ORIENTED_EDGE('',*,*,#1264,.T.);
#1702=ORIENTED_EDGE('',*,*,#1265,.T.);
#1703=ORIENTED_EDGE('',*,*,#1087,.F.);
#1704=ORIENTED_EDGE('',*,*,#1168,.T.);
#1705=ORIENTED_EDGE('',*,*,#1266,.F.);
#1706=ORIENTED_EDGE('',*,*,#1204,.F.);
#1707=ORIENTED_EDGE('',*,*,#1267,.T.);
#1708=ORIENTED_EDGE('',*,*,#1268,.T.);
#1709=ORIENTED_EDGE('',*,*,#1263,.T.);
#1710=ORIENTED_EDGE('',*,*,#1258,.F.);
#1711=ORIENTED_EDGE('',*,*,#1076,.T.);
#1712=ORIENTED_EDGE('',*,*,#1269,.T.);
#1713=ORIENTED_EDGE('',*,*,#1246,.T.);
#1714=ORIENTED_EDGE('',*,*,#1270,.T.);
#1715=ORIENTED_EDGE('',*,*,#1271,.F.);
#1716=ORIENTED_EDGE('',*,*,#1260,.F.);
#1717=ORIENTED_EDGE('',*,*,#1256,.T.);
#1718=ORIENTED_EDGE('',*,*,#1272,.F.);
#1719=ORIENTED_EDGE('',*,*,#1273,.F.);
#1720=ORIENTED_EDGE('',*,*,#1274,.F.);
#1721=ORIENTED_EDGE('',*,*,#1269,.F.);
#1722=ORIENTED_EDGE('',*,*,#1075,.F.);
#1723=ORIENTED_EDGE('',*,*,#1037,.T.);
#1724=ORIENTED_EDGE('',*,*,#1034,.T.);
#1725=ORIENTED_EDGE('',*,*,#1061,.T.);
#1726=ORIENTED_EDGE('',*,*,#1205,.T.);
#1727=ORIENTED_EDGE('',*,*,#1266,.T.);
#1728=ORIENTED_EDGE('',*,*,#1275,.T.);
#1729=ORIENTED_EDGE('',*,*,#1272,.T.);
#1730=ORIENTED_EDGE('',*,*,#1255,.F.);
#1731=ORIENTED_EDGE('',*,*,#1079,.F.);
#1732=ORIENTED_EDGE('',*,*,#1254,.T.);
#1733=ORIENTED_EDGE('',*,*,#1262,.F.);
#1734=ORIENTED_EDGE('',*,*,#1276,.T.);
#1735=ORIENTED_EDGE('',*,*,#1083,.F.);
#1736=ORIENTED_EDGE('',*,*,#1277,.F.);
#1737=ORIENTED_EDGE('',*,*,#1278,.T.);
#1738=ORIENTED_EDGE('',*,*,#1166,.T.);
#1739=ORIENTED_EDGE('',*,*,#1123,.F.);
#1740=ORIENTED_EDGE('',*,*,#1279,.T.);
#1741=ORIENTED_EDGE('',*,*,#1280,.F.);
#1742=ORIENTED_EDGE('',*,*,#1281,.F.);
#1743=ORIENTED_EDGE('',*,*,#1134,.F.);
#1744=ORIENTED_EDGE('',*,*,#1249,.T.);
#1745=ORIENTED_EDGE('',*,*,#1251,.F.);
#1746=ORIENTED_EDGE('',*,*,#1271,.T.);
#1747=ORIENTED_EDGE('',*,*,#1282,.T.);
#1748=ORIENTED_EDGE('',*,*,#1128,.F.);
#1749=ORIENTED_EDGE('',*,*,#1283,.F.);
#1750=ORIENTED_EDGE('',*,*,#1284,.F.);
#1751=ORIENTED_EDGE('',*,*,#1277,.T.);
#1752=ORIENTED_EDGE('',*,*,#1082,.T.);
#1753=ORIENTED_EDGE('',*,*,#1261,.F.);
#1754=ORIENTED_EDGE('',*,*,#1245,.T.);
#1755=ORIENTED_EDGE('',*,*,#1129,.F.);
#1756=ORIENTED_EDGE('',*,*,#1282,.F.);
#1757=ORIENTED_EDGE('',*,*,#1270,.F.);
#1758=ORIENTED_EDGE('',*,*,#1281,.T.);
#1759=ORIENTED_EDGE('',*,*,#1267,.F.);
#1760=ORIENTED_EDGE('',*,*,#1203,.F.);
#1761=ORIENTED_EDGE('',*,*,#1135,.F.);
#1762=ORIENTED_EDGE('',*,*,#1274,.T.);
#1763=ORIENTED_EDGE('',*,*,#1285,.F.);
#1764=ORIENTED_EDGE('',*,*,#1250,.T.);
#1765=ORIENTED_EDGE('',*,*,#1242,.F.);
#1766=ORIENTED_EDGE('',*,*,#1131,.T.);
#1767=ORIENTED_EDGE('',*,*,#1247,.T.);
#1768=ORIENTED_EDGE('',*,*,#1283,.T.);
#1769=ORIENTED_EDGE('',*,*,#1127,.F.);
#1770=ORIENTED_EDGE('',*,*,#1286,.T.);
#1771=ORIENTED_EDGE('',*,*,#1287,.F.);
#1772=ORIENTED_EDGE('',*,*,#1280,.T.);
#1773=ORIENTED_EDGE('',*,*,#1288,.T.);
#1774=ORIENTED_EDGE('',*,*,#1264,.F.);
#1775=ORIENTED_EDGE('',*,*,#1167,.T.);
#1776=ORIENTED_EDGE('',*,*,#1235,.T.);
#1777=ORIENTED_EDGE('',*,*,#1239,.F.);
#1778=ORIENTED_EDGE('',*,*,#1232,.T.);
#1779=ORIENTED_EDGE('',*,*,#1240,.F.);
#1780=ORIENTED_EDGE('',*,*,#1287,.T.);
#1781=ORIENTED_EDGE('',*,*,#1289,.T.);
#1782=ORIENTED_EDGE('',*,*,#1278,.F.);
#1783=ORIENTED_EDGE('',*,*,#1284,.T.);
#1784=ORIENTED_EDGE('',*,*,#1229,.T.);
#1785=ORIENTED_EDGE('',*,*,#1084,.F.);
#1786=ORIENTED_EDGE('',*,*,#1276,.F.);
#1787=ORIENTED_EDGE('',*,*,#1289,.F.);
#1788=ORIENTED_EDGE('',*,*,#1286,.F.);
#1789=ORIENTED_EDGE('',*,*,#1126,.F.);
#1790=ORIENTED_EDGE('',*,*,#1238,.T.);
#1791=ORIENTED_EDGE('',*,*,#1290,.T.);
#1792=ORIENTED_EDGE('',*,*,#1241,.F.);
#1793=ORIENTED_EDGE('',*,*,#1230,.F.);
#1794=ORIENTED_EDGE('',*,*,#1290,.F.);
#1795=ORIENTED_EDGE('',*,*,#1237,.F.);
#1796=ORIENTED_EDGE('',*,*,#1268,.F.);
#1797=ORIENTED_EDGE('',*,*,#1285,.T.);
#1798=ORIENTED_EDGE('',*,*,#1273,.T.);
#1799=ORIENTED_EDGE('',*,*,#1275,.F.);
#1800=ORIENTED_EDGE('',*,*,#1070,.T.);
#1801=ORIENTED_EDGE('',*,*,#1291,.T.);
#1802=ORIENTED_EDGE('',*,*,#1187,.F.);
#1803=ORIENTED_EDGE('',*,*,#1292,.F.);
#1804=ORIENTED_EDGE('',*,*,#1292,.T.);
#1805=ORIENTED_EDGE('',*,*,#1186,.F.);
#1806=ORIENTED_EDGE('',*,*,#1089,.F.);
#1807=ORIENTED_EDGE('',*,*,#1071,.T.);
#1808=ORIENTED_EDGE('',*,*,#1067,.F.);
#1809=ORIENTED_EDGE('',*,*,#1074,.F.);
#1810=ORIENTED_EDGE('',*,*,#1293,.F.);
#1811=ORIENTED_EDGE('',*,*,#1121,.F.);
#1812=ORIENTED_EDGE('',*,*,#1069,.T.);
#1813=ORIENTED_EDGE('',*,*,#1120,.F.);
#1814=ORIENTED_EDGE('',*,*,#1188,.F.);
#1815=ORIENTED_EDGE('',*,*,#1291,.F.);
#1816=ORIENTED_EDGE('',*,*,#1216,.F.);
#1817=ORIENTED_EDGE('',*,*,#1294,.T.);
#1818=ORIENTED_EDGE('',*,*,#1104,.T.);
#1819=ORIENTED_EDGE('',*,*,#1294,.F.);
#1820=ORIENTED_EDGE('',*,*,#1221,.F.);
#1821=ORIENTED_EDGE('',*,*,#1295,.T.);
#1822=ORIENTED_EDGE('',*,*,#1096,.T.);
#1823=ORIENTED_EDGE('',*,*,#1295,.F.);
#1824=ORIENTED_EDGE('',*,*,#1226,.F.);
#1825=ORIENTED_EDGE('',*,*,#1296,.T.);
#1826=ORIENTED_EDGE('',*,*,#1100,.T.);
#1827=ORIENTED_EDGE('',*,*,#1296,.F.);
#1828=ORIENTED_EDGE('',*,*,#1065,.T.);
#1829=ORIENTED_EDGE('',*,*,#1088,.F.);
#1830=ORIENTED_EDGE('',*,*,#1265,.F.);
#1831=ORIENTED_EDGE('',*,*,#1288,.F.);
#1832=ORIENTED_EDGE('',*,*,#1279,.F.);
#1833=ORIENTED_EDGE('',*,*,#1122,.F.);
#1834=ORIENTED_EDGE('',*,*,#1293,.T.);
#1835=ORIENTED_EDGE('',*,*,#1073,.T.);
#1836=ORIENTED_EDGE('',*,*,#1207,.F.);
#1837=ORIENTED_EDGE('',*,*,#1297,.T.);
#1838=ORIENTED_EDGE('',*,*,#1298,.T.);
#1839=ORIENTED_EDGE('',*,*,#1297,.F.);
#1840=ORIENTED_EDGE('',*,*,#1298,.F.);
#1841=ORIENTED_EDGE('',*,*,#1208,.F.);
#1842=ORIENTED_EDGE('',*,*,#1299,.T.);
#1843=ORIENTED_EDGE('',*,*,#1300,.T.);
#1844=ORIENTED_EDGE('',*,*,#1299,.F.);
#1845=ORIENTED_EDGE('',*,*,#1300,.F.);
#1846=ORIENTED_EDGE('',*,*,#1301,.F.);
#1847=ORIENTED_EDGE('',*,*,#1302,.T.);
#1848=ORIENTED_EDGE('',*,*,#1158,.F.);
#1849=ORIENTED_EDGE('',*,*,#1302,.F.);
#1850=ORIENTED_EDGE('',*,*,#1303,.F.);
#1851=ORIENTED_EDGE('',*,*,#1304,.T.);
#1852=ORIENTED_EDGE('',*,*,#1159,.F.);
#1853=ORIENTED_EDGE('',*,*,#1304,.F.);
#1854=ORIENTED_EDGE('',*,*,#1305,.F.);
#1855=ORIENTED_EDGE('',*,*,#1306,.T.);
#1856=ORIENTED_EDGE('',*,*,#1307,.F.);
#1857=ORIENTED_EDGE('',*,*,#1308,.T.);
#1858=ORIENTED_EDGE('',*,*,#1305,.T.);
#1859=ORIENTED_EDGE('',*,*,#1308,.F.);
#1860=ORIENTED_EDGE('',*,*,#1306,.F.);
#1861=ORIENTED_EDGE('',*,*,#1309,.T.);
#1862=ORIENTED_EDGE('',*,*,#1097,.F.);
#1863=ORIENTED_EDGE('',*,*,#1309,.F.);
#1864=ORIENTED_EDGE('',*,*,#1310,.F.);
#1865=ORIENTED_EDGE('',*,*,#1311,.T.);
#1866=ORIENTED_EDGE('',*,*,#1312,.F.);
#1867=ORIENTED_EDGE('',*,*,#1313,.T.);
#1868=ORIENTED_EDGE('',*,*,#1310,.T.);
#1869=ORIENTED_EDGE('',*,*,#1313,.F.);
#1870=ORIENTED_EDGE('',*,*,#1311,.F.);
#1871=ORIENTED_EDGE('',*,*,#1314,.T.);
#1872=ORIENTED_EDGE('',*,*,#1101,.F.);
#1873=ORIENTED_EDGE('',*,*,#1314,.F.);
#1874=ORIENTED_EDGE('',*,*,#1315,.F.);
#1875=ORIENTED_EDGE('',*,*,#1316,.T.);
#1876=ORIENTED_EDGE('',*,*,#1317,.F.);
#1877=ORIENTED_EDGE('',*,*,#1318,.T.);
#1878=ORIENTED_EDGE('',*,*,#1315,.T.);
#1879=ORIENTED_EDGE('',*,*,#1318,.F.);
#1880=ORIENTED_EDGE('',*,*,#1316,.F.);
#1881=ORIENTED_EDGE('',*,*,#1319,.T.);
#1882=ORIENTED_EDGE('',*,*,#1105,.F.);
#1883=ORIENTED_EDGE('',*,*,#1319,.F.);
#1884=ORIENTED_EDGE('',*,*,#1182,.F.);
#1885=ORIENTED_EDGE('',*,*,#1211,.F.);
#1886=ORIENTED_EDGE('',*,*,#1320,.T.);
#1887=ORIENTED_EDGE('',*,*,#1191,.F.);
#1888=ORIENTED_EDGE('',*,*,#1177,.F.);
#1889=ORIENTED_EDGE('',*,*,#1321,.F.);
#1890=ORIENTED_EDGE('',*,*,#1201,.F.);
#1891=ORIENTED_EDGE('',*,*,#1193,.F.);
#1892=ORIENTED_EDGE('',*,*,#1322,.T.);
#1893=ORIENTED_EDGE('',*,*,#1209,.F.);
#1894=ORIENTED_EDGE('',*,*,#1322,.F.);
#1895=ORIENTED_EDGE('',*,*,#1192,.F.);
#1896=ORIENTED_EDGE('',*,*,#1320,.F.);
#1897=ORIENTED_EDGE('',*,*,#1210,.F.);
#1898=ORIENTED_EDGE('',*,*,#1183,.F.);
#1899=ORIENTED_EDGE('',*,*,#1321,.T.);
#1900=ORIENTED_EDGE('',*,*,#1176,.F.);
#1901=ORIENTED_EDGE('',*,*,#1179,.F.);
#1902=ORIENTED_EDGE('',*,*,#1301,.T.);
#1903=ORIENTED_EDGE('',*,*,#1303,.T.);
#1904=ORIENTED_EDGE('',*,*,#1307,.T.);
#1905=ORIENTED_EDGE('',*,*,#1312,.T.);
#1906=ORIENTED_EDGE('',*,*,#1317,.T.);
#1907=PLANE('',#2113);
#1908=PLANE('',#2114);
#1909=PLANE('',#2117);
#1910=PLANE('',#2118);
#1911=PLANE('',#2119);
#1912=PLANE('',#2120);
#1913=PLANE('',#2122);
#1914=PLANE('',#2123);
#1915=PLANE('',#2126);
#1916=PLANE('',#2127);
#1917=PLANE('',#2128);
#1918=PLANE('',#2129);
#1919=PLANE('',#2133);
#1920=PLANE('',#2138);
#1921=PLANE('',#2143);
#1922=PLANE('',#2145);
#1923=PLANE('',#2146);
#1924=PLANE('',#2147);
#1925=PLANE('',#2148);
#1926=PLANE('',#2149);
#1927=PLANE('',#2150);
#1928=PLANE('',#2151);
#1929=PLANE('',#2158);
#1930=PLANE('',#2170);
#1931=PLANE('',#2172);
#1932=PLANE('',#2178);
#1933=PLANE('',#2191);
#1934=PLANE('',#2193);
#1935=PLANE('',#2196);
#1936=PLANE('',#2198);
#1937=PLANE('',#2202);
#1938=PLANE('',#2222);
#1939=PLANE('',#2225);
#1940=PLANE('',#2230);
#1941=PLANE('',#2231);
#1942=PLANE('',#2232);
#1943=PLANE('',#2233);
#1944=PLANE('',#2234);
#1945=PLANE('',#2235);
#1946=PLANE('',#2236);
#1947=PLANE('',#2237);
#1948=PLANE('',#2238);
#1949=PLANE('',#2239);
#1950=PLANE('',#2240);
#1951=PLANE('',#2241);
#1952=PLANE('',#2242);
#1953=PLANE('',#2243);
#1954=PLANE('',#2244);
#1955=PLANE('',#2245);
#1956=PLANE('',#2246);
#1957=PLANE('',#2247);
#1958=PLANE('',#2248);
#1959=PLANE('',#2249);
#1960=PLANE('',#2250);
#1961=PLANE('',#2251);
#1962=PLANE('',#2252);
#1963=PLANE('',#2253);
#1964=PLANE('',#2254);
#1965=PLANE('',#2255);
#1966=PLANE('',#2256);
#1967=PLANE('',#2257);
#1968=PLANE('',#2258);
#1969=PLANE('',#2259);
#1970=PLANE('',#2260);
#1971=PLANE('',#2261);
#1972=PLANE('',#2265);
#1973=PLANE('',#2268);
#1974=PLANE('',#2271);
#1975=PLANE('',#2276);
#1976=PLANE('',#2282);
#1977=PLANE('',#2288);
#1978=PLANE('',#2294);
#1979=PLANE('',#2295);
#1980=PLANE('',#2296);
#1981=PLANE('',#2297);
#1982=ADVANCED_FACE('',(#153),#1907,.T.);
#1983=ADVANCED_FACE('',(#154),#1908,.T.);
#1984=ADVANCED_FACE('',(#155),#149,.F.);
#1985=ADVANCED_FACE('',(#156),#1909,.T.);
#1986=ADVANCED_FACE('',(#157),#1910,.T.);
#1987=ADVANCED_FACE('',(#158),#1911,.T.);
#1988=ADVANCED_FACE('',(#159),#1912,.T.);
#1989=ADVANCED_FACE('',(#160),#1913,.T.);
#1990=ADVANCED_FACE('',(#161),#1914,.T.);
#1991=ADVANCED_FACE('',(#162),#1915,.T.);
#1992=ADVANCED_FACE('',(#163),#1916,.F.);
#1993=ADVANCED_FACE('',(#164),#1917,.F.);
#1994=ADVANCED_FACE('',(#165),#1918,.T.);
#1995=ADVANCED_FACE('',(#166),#48,.T.);
#1996=ADVANCED_FACE('',(#167,#28),#1919,.T.);
#1997=ADVANCED_FACE('',(#168),#49,.T.);
#1998=ADVANCED_FACE('',(#169,#29),#1920,.F.);
#1999=ADVANCED_FACE('',(#170),#50,.T.);
#2000=ADVANCED_FACE('',(#171,#30),#1921,.T.);
#2001=ADVANCED_FACE('',(#172),#1922,.T.);
#2002=ADVANCED_FACE('',(#173),#1923,.T.);
#2003=ADVANCED_FACE('',(#174),#1924,.T.);
#2004=ADVANCED_FACE('',(#175),#1925,.T.);
#2005=ADVANCED_FACE('',(#176),#1926,.T.);
#2006=ADVANCED_FACE('',(#177),#1927,.T.);
#2007=ADVANCED_FACE('',(#178),#1928,.T.);
#2008=ADVANCED_FACE('',(#179),#23,.F.);
#2009=ADVANCED_FACE('',(#180,#31,#32,#33,#34,#35),#1929,.T.);
#2010=ADVANCED_FACE('',(#181),#51,.T.);
#2011=ADVANCED_FACE('',(#182),#24,.F.);
#2012=ADVANCED_FACE('',(#183),#52,.T.);
#2013=ADVANCED_FACE('',(#184,#36),#1930,.T.);
#2014=ADVANCED_FACE('',(#185,#37),#1931,.T.);
#2015=ADVANCED_FACE('',(#186),#53,.F.);
#2016=ADVANCED_FACE('',(#187),#54,.F.);
#2017=ADVANCED_FACE('',(#188),#1932,.F.);
#2018=ADVANCED_FACE('',(#189),#19,.F.);
#2019=ADVANCED_FACE('',(#190),#20,.F.);
#2020=ADVANCED_FACE('',(#191),#55,.T.);
#2021=ADVANCED_FACE('',(#192),#56,.T.);
#2022=ADVANCED_FACE('',(#193),#57,.T.);
#2023=ADVANCED_FACE('',(#194),#58,.T.);
#2024=ADVANCED_FACE('',(#195),#1933,.T.);
#2025=ADVANCED_FACE('',(#196),#59,.T.);
#2026=ADVANCED_FACE('',(#197),#1934,.T.);
#2027=ADVANCED_FACE('',(#198),#60,.T.);
#2028=ADVANCED_FACE('',(#199),#1935,.F.);
#2029=ADVANCED_FACE('',(#200,#38,#39),#1936,.T.);
#2030=ADVANCED_FACE('',(#201),#61,.T.);
#2031=ADVANCED_FACE('',(#202),#1937,.T.);
#2032=ADVANCED_FACE('',(#203),#25,.F.);
#2033=ADVANCED_FACE('',(#204),#62,.T.);
#2034=ADVANCED_FACE('',(#205),#26,.F.);
#2035=ADVANCED_FACE('',(#206),#63,.T.);
#2036=ADVANCED_FACE('',(#207),#27,.F.);
#2037=ADVANCED_FACE('',(#208),#64,.T.);
#2038=ADVANCED_FACE('',(#209),#65,.F.);
#2039=ADVANCED_FACE('',(#210),#1938,.F.);
#2040=ADVANCED_FACE('',(#211),#1939,.F.);
#2041=ADVANCED_FACE('',(#212),#66,.T.);
#2042=ADVANCED_FACE('',(#213),#67,.T.);
#2043=ADVANCED_FACE('',(#214),#1940,.T.);
#2044=ADVANCED_FACE('',(#215),#1941,.T.);
#2045=ADVANCED_FACE('',(#216),#1942,.F.);
#2046=ADVANCED_FACE('',(#217),#1943,.F.);
#2047=ADVANCED_FACE('',(#218),#1944,.T.);
#2048=ADVANCED_FACE('',(#219),#1945,.T.);
#2049=ADVANCED_FACE('',(#220),#1946,.T.);
#2050=ADVANCED_FACE('',(#221),#1947,.T.);
#2051=ADVANCED_FACE('',(#222),#1948,.F.);
#2052=ADVANCED_FACE('',(#223),#1949,.F.);
#2053=ADVANCED_FACE('',(#224),#1950,.F.);
#2054=ADVANCED_FACE('',(#225),#1951,.T.);
#2055=ADVANCED_FACE('',(#226),#1952,.F.);
#2056=ADVANCED_FACE('',(#227),#1953,.F.);
#2057=ADVANCED_FACE('',(#228),#1954,.F.);
#2058=ADVANCED_FACE('',(#229),#1955,.F.);
#2059=ADVANCED_FACE('',(#230),#1956,.F.);
#2060=ADVANCED_FACE('',(#231),#1957,.F.);
#2061=ADVANCED_FACE('',(#232),#1958,.F.);
#2062=ADVANCED_FACE('',(#233),#1959,.F.);
#2063=ADVANCED_FACE('',(#234),#1960,.F.);
#2064=ADVANCED_FACE('',(#235),#1961,.F.);
#2065=ADVANCED_FACE('',(#236),#1962,.F.);
#2066=ADVANCED_FACE('',(#237),#1963,.F.);
#2067=ADVANCED_FACE('',(#238),#1964,.F.);
#2068=ADVANCED_FACE('',(#239),#1965,.F.);
#2069=ADVANCED_FACE('',(#240),#1966,.F.);
#2070=ADVANCED_FACE('',(#241),#1967,.F.);
#2071=ADVANCED_FACE('',(#242),#1968,.F.);
#2072=ADVANCED_FACE('',(#243),#1969,.F.);
#2073=ADVANCED_FACE('',(#244),#1970,.F.);
#2074=ADVANCED_FACE('',(#245),#1971,.F.);
#2075=ADVANCED_FACE('',(#246),#150,.T.);
#2076=ADVANCED_FACE('',(#247),#151,.T.);
#2077=ADVANCED_FACE('',(#248),#152,.T.);
#2078=ADVANCED_FACE('',(#249),#1972,.F.);
#2079=ADVANCED_FACE('',(#250),#68,.F.);
#2080=ADVANCED_FACE('',(#251),#1973,.T.);
#2081=ADVANCED_FACE('',(#252),#69,.F.);
#2082=ADVANCED_FACE('',(#253),#1974,.T.);
#2083=ADVANCED_FACE('',(#254),#70,.F.);
#2084=ADVANCED_FACE('',(#255),#71,.F.);
#2085=ADVANCED_FACE('',(#256,#40),#1975,.F.);
#2086=ADVANCED_FACE('',(#257),#72,.F.);
#2087=ADVANCED_FACE('',(#258),#73,.F.);
#2088=ADVANCED_FACE('',(#259,#41),#1976,.F.);
#2089=ADVANCED_FACE('',(#260),#74,.F.);
#2090=ADVANCED_FACE('',(#261),#75,.F.);
#2091=ADVANCED_FACE('',(#262,#42),#1977,.F.);
#2092=ADVANCED_FACE('',(#263),#76,.F.);
#2093=ADVANCED_FACE('',(#264),#77,.F.);
#2094=ADVANCED_FACE('',(#265),#1978,.F.);
#2095=ADVANCED_FACE('',(#266),#1979,.F.);
#2096=ADVANCED_FACE('',(#267),#1980,.F.);
#2097=ADVANCED_FACE('',(#268,#43,#44,#45,#46,#47),#1981,.F.);
#2098=CLOSED_SHELL('',(#1982,#1983,#1984,#1985,#1986,#1987,#1988,#1989,
#1990,#1991,#1992,#1993,#1994,#1995,#1996,#1997,#1998,#1999,#2000,#2001,
#2002,#2003,#2004,#2005,#2006,#2007,#2008,#2009,#2010,#2011,#2012,#2013,
#2014,#2015,#2016,#2017,#2018,#2019,#2020,#2021,#2022,#2023,#2024,#2025,
#2026,#2027,#2028,#2029,#2030,#2031,#2032,#2033,#2034,#2035,#2036,#2037,
#2038,#2039,#2040,#2041,#2042,#2043,#2044,#2045,#2046,#2047,#2048,#2049,
#2050,#2051,#2052,#2053,#2054,#2055,#2056,#2057,#2058,#2059,#2060,#2061,
#2062,#2063,#2064,#2065,#2066,#2067,#2068,#2069,#2070,#2071,#2072,#2073,
#2074,#2075,#2076,#2077,#2078,#2079,#2080,#2081,#2082,#2083,#2084,#2085,
#2086,#2087,#2088,#2089,#2090,#2091,#2092,#2093,#2094,#2095,#2096,#2097));
#2099=DERIVED_UNIT_ELEMENT(#2101,1.);
#2100=DERIVED_UNIT_ELEMENT(#3578,-3.);
#2101=(
MASS_UNIT()
NAMED_UNIT(*)
SI_UNIT(.KILO.,.GRAM.)
);
#2102=DERIVED_UNIT((#2099,#2100));
#2103=MEASURE_REPRESENTATION_ITEM('density measure',
POSITIVE_RATIO_MEASURE(552.),#2102);
#2104=PROPERTY_DEFINITION_REPRESENTATION(#2109,#2106);
#2105=PROPERTY_DEFINITION_REPRESENTATION(#2110,#2107);
#2106=REPRESENTATION('material name',(#2108),#3573);
#2107=REPRESENTATION('density',(#2103),#3573);
#2108=DESCRIPTIVE_REPRESENTATION_ITEM('Plywood, Finish',
'Plywood, Finish');
#2109=PROPERTY_DEFINITION('material property','material name',#3591);
#2110=PROPERTY_DEFINITION('material property','density of part',#3591);
#2111=AXIS2_PLACEMENT_3D('',#2894,#2299,#2300);
#2112=AXIS2_PLACEMENT_3D('',#2895,#2301,#2302);
#2113=AXIS2_PLACEMENT_3D('',#2896,#2303,#2304);
#2114=AXIS2_PLACEMENT_3D('',#2907,#2310,#2311);
#2115=AXIS2_PLACEMENT_3D('',#2913,#2315,#2316);
#2116=AXIS2_PLACEMENT_3D('',#2916,#2318,#2319);
#2117=AXIS2_PLACEMENT_3D('',#2917,#2320,#2321);
#2118=AXIS2_PLACEMENT_3D('',#2926,#2326,#2327);
#2119=AXIS2_PLACEMENT_3D('',#2932,#2331,#2332);
#2120=AXIS2_PLACEMENT_3D('',#2938,#2336,#2337);
#2121=AXIS2_PLACEMENT_3D('',#2941,#2338,#2339);
#2122=AXIS2_PLACEMENT_3D('',#2946,#2343,#2344);
#2123=AXIS2_PLACEMENT_3D('',#2950,#2347,#2348);
#2124=AXIS2_PLACEMENT_3D('',#2952,#2349,#2350);
#2125=AXIS2_PLACEMENT_3D('',#2956,#2352,#2353);
#2126=AXIS2_PLACEMENT_3D('',#2960,#2356,#2357);
#2127=AXIS2_PLACEMENT_3D('',#2969,#2362,#2363);
#2128=AXIS2_PLACEMENT_3D('',#2983,#2371,#2372);
#2129=AXIS2_PLACEMENT_3D('',#2987,#2375,#2376);
#2130=AXIS2_PLACEMENT_3D('',#3023,#2396,#2397);
#2131=AXIS2_PLACEMENT_3D('',#3025,#2398,#2399);
#2132=AXIS2_PLACEMENT_3D('',#3028,#2401,#2402);
#2133=AXIS2_PLACEMENT_3D('',#3029,#2403,#2404);
#2134=AXIS2_PLACEMENT_3D('',#3031,#2405,#2406);
#2135=AXIS2_PLACEMENT_3D('',#3032,#2407,#2408);
#2136=AXIS2_PLACEMENT_3D('',#3034,#2409,#2410);
#2137=AXIS2_PLACEMENT_3D('',#3037,#2412,#2413);
#2138=AXIS2_PLACEMENT_3D('',#3038,#2414,#2415);
#2139=AXIS2_PLACEMENT_3D('',#3040,#2416,#2417);
#2140=AXIS2_PLACEMENT_3D('',#3041,#2418,#2419);
#2141=AXIS2_PLACEMENT_3D('',#3043,#2420,#2421);
#2142=AXIS2_PLACEMENT_3D('',#3046,#2423,#2424);
#2143=AXIS2_PLACEMENT_3D('',#3047,#2425,#2426);
#2144=AXIS2_PLACEMENT_3D('',#3049,#2427,#2428);
#2145=AXIS2_PLACEMENT_3D('',#3050,#2429,#2430);
#2146=AXIS2_PLACEMENT_3D('',#3052,#2432,#2433);
#2147=AXIS2_PLACEMENT_3D('',#3054,#2435,#2436);
#2148=AXIS2_PLACEMENT_3D('',#3063,#2441,#2442);
#2149=AXIS2_PLACEMENT_3D('',#3072,#2447,#2448);
#2150=AXIS2_PLACEMENT_3D('',#3075,#2451,#2452);
#2151=AXIS2_PLACEMENT_3D('',#3077,#2454,#2455);
#2152=AXIS2_PLACEMENT_3D('',#3114,#2474,#2475);
#2153=AXIS2_PLACEMENT_3D('',#3118,#2477,#2478);
#2154=AXIS2_PLACEMENT_3D('',#3120,#2480,#2481);
#2155=AXIS2_PLACEMENT_3D('',#3122,#2482,#2483);
#2156=AXIS2_PLACEMENT_3D('',#3124,#2484,#2485);
#2157=AXIS2_PLACEMENT_3D('',#3125,#2486,#2487);
#2158=AXIS2_PLACEMENT_3D('',#3126,#2488,#2489);
#2159=AXIS2_PLACEMENT_3D('',#3136,#2494,#2495);
#2160=AXIS2_PLACEMENT_3D('',#3138,#2496,#2497);
#2161=AXIS2_PLACEMENT_3D('',#3140,#2498,#2499);
#2162=AXIS2_PLACEMENT_3D('',#3142,#2500,#2501);
#2163=AXIS2_PLACEMENT_3D('',#3143,#2502,#2503);
#2164=AXIS2_PLACEMENT_3D('',#3145,#2504,#2505);
#2165=AXIS2_PLACEMENT_3D('',#3147,#2507,#2508);
#2166=AXIS2_PLACEMENT_3D('',#3149,#2509,#2510);
#2167=AXIS2_PLACEMENT_3D('',#3150,#2511,#2512);
#2168=AXIS2_PLACEMENT_3D('',#3151,#2513,#2514);
#2169=AXIS2_PLACEMENT_3D('',#3153,#2515,#2516);
#2170=AXIS2_PLACEMENT_3D('',#3155,#2518,#2519);
#2171=AXIS2_PLACEMENT_3D('',#3157,#2520,#2521);
#2172=AXIS2_PLACEMENT_3D('',#3158,#2522,#2523);
#2173=AXIS2_PLACEMENT_3D('',#3160,#2524,#2525);
#2174=AXIS2_PLACEMENT_3D('',#3161,#2526,#2527);
#2175=AXIS2_PLACEMENT_3D('',#3163,#2528,#2529);
#2176=AXIS2_PLACEMENT_3D('',#3165,#2530,#2531);
#2177=AXIS2_PLACEMENT_3D('',#3167,#2533,#2534);
#2178=AXIS2_PLACEMENT_3D('',#3180,#2536,#2537);
#2179=AXIS2_PLACEMENT_3D('',#3220,#2543,#2544);
#2180=AXIS2_PLACEMENT_3D('',#3222,#2545,#2546);
#2181=AXIS2_PLACEMENT_3D('',#3223,#2547,#2548);
#2182=AXIS2_PLACEMENT_3D('',#3256,#2549,#2550);
#2183=AXIS2_PLACEMENT_3D('',#3258,#2551,#2552);
#2184=AXIS2_PLACEMENT_3D('',#3259,#2553,#2554);
#2185=AXIS2_PLACEMENT_3D('',#3260,#2555,#2556);
#2186=AXIS2_PLACEMENT_3D('',#3264,#2558,#2559);
#2187=AXIS2_PLACEMENT_3D('',#3266,#2561,#2562);
#2188=AXIS2_PLACEMENT_3D('',#3269,#2565,#2566);
#2189=AXIS2_PLACEMENT_3D('',#3273,#2568,#2569);
#2190=AXIS2_PLACEMENT_3D('',#3275,#2571,#2572);
#2191=AXIS2_PLACEMENT_3D('',#3278,#2575,#2576);
#2192=AXIS2_PLACEMENT_3D('',#3285,#2581,#2582);
#2193=AXIS2_PLACEMENT_3D('',#3287,#2584,#2585);
#2194=AXIS2_PLACEMENT_3D('',#3297,#2591,#2592);
#2195=AXIS2_PLACEMENT_3D('',#3301,#2594,#2595);
#2196=AXIS2_PLACEMENT_3D('',#3303,#2597,#2598);
#2197=AXIS2_PLACEMENT_3D('',#3306,#2600,#2601);
#2198=AXIS2_PLACEMENT_3D('',#3310,#2604,#2605);
#2199=AXIS2_PLACEMENT_3D('',#3318,#2610,#2611);
#2200=AXIS2_PLACEMENT_3D('',#3320,#2612,#2613);
#2201=AXIS2_PLACEMENT_3D('',#3321,#2614,#2615);
#2202=AXIS2_PLACEMENT_3D('',#3322,#2616,#2617);
#2203=AXIS2_PLACEMENT_3D('',#3328,#2621,#2622);
#2204=AXIS2_PLACEMENT_3D('',#3331,#2623,#2624);
#2205=AXIS2_PLACEMENT_3D('',#3332,#2625,#2626);
#2206=AXIS2_PLACEMENT_3D('',#3333,#2627,#2628);
#2207=AXIS2_PLACEMENT_3D('',#3334,#2629,#2630);
#2208=AXIS2_PLACEMENT_3D('',#3337,#2632,#2633);
#2209=AXIS2_PLACEMENT_3D('',#3338,#2634,#2635);
#2210=AXIS2_PLACEMENT_3D('',#3341,#2636,#2637);
#2211=AXIS2_PLACEMENT_3D('',#3342,#2638,#2639);
#2212=AXIS2_PLACEMENT_3D('',#3343,#2640,#2641);
#2213=AXIS2_PLACEMENT_3D('',#3344,#2642,#2643);
#2214=AXIS2_PLACEMENT_3D('',#3347,#2645,#2646);
#2215=AXIS2_PLACEMENT_3D('',#3348,#2647,#2648);
#2216=AXIS2_PLACEMENT_3D('',#3351,#2649,#2650);
#2217=AXIS2_PLACEMENT_3D('',#3352,#2651,#2652);
#2218=AXIS2_PLACEMENT_3D('',#3353,#2653,#2654);
#2219=AXIS2_PLACEMENT_3D('',#3354,#2655,#2656);
#2220=AXIS2_PLACEMENT_3D('',#3357,#2658,#2659);
#2221=AXIS2_PLACEMENT_3D('',#3358,#2660,#2661);
#2222=AXIS2_PLACEMENT_3D('',#3371,#2663,#2664);
#2223=AXIS2_PLACEMENT_3D('',#3377,#2667,#2668);
#2224=AXIS2_PLACEMENT_3D('',#3380,#2670,#2671);
#2225=AXIS2_PLACEMENT_3D('',#3381,#2672,#2673);
#2226=AXIS2_PLACEMENT_3D('',#3383,#2674,#2675);
#2227=AXIS2_PLACEMENT_3D('',#3387,#2677,#2678);
#2228=AXIS2_PLACEMENT_3D('',#3391,#2681,#2682);
#2229=AXIS2_PLACEMENT_3D('',#3393,#2684,#2685);
#2230=AXIS2_PLACEMENT_3D('',#3396,#2688,#2689);
#2231=AXIS2_PLACEMENT_3D('',#3402,#2693,#2694);
#2232=AXIS2_PLACEMENT_3D('',#3408,#2698,#2699);
#2233=AXIS2_PLACEMENT_3D('',#3412,#2702,#2703);
#2234=AXIS2_PLACEMENT_3D('',#3416,#2706,#2707);
#2235=AXIS2_PLACEMENT_3D('',#3422,#2711,#2712);
#2236=AXIS2_PLACEMENT_3D('',#3428,#2716,#2717);
#2237=AXIS2_PLACEMENT_3D('',#3432,#2720,#2721);
#2238=AXIS2_PLACEMENT_3D('',#3436,#2724,#2725);
#2239=AXIS2_PLACEMENT_3D('',#3440,#2728,#2729);
#2240=AXIS2_PLACEMENT_3D('',#3444,#2732,#2733);
#2241=AXIS2_PLACEMENT_3D('',#3449,#2737,#2738);
#2242=AXIS2_PLACEMENT_3D('',#3451,#2740,#2741);
#2243=AXIS2_PLACEMENT_3D('',#3460,#2747,#2748);
#2244=AXIS2_PLACEMENT_3D('',#3462,#2750,#2751);
#2245=AXIS2_PLACEMENT_3D('',#3468,#2755,#2756);
#2246=AXIS2_PLACEMENT_3D('',#3472,#2759,#2760);
#2247=AXIS2_PLACEMENT_3D('',#3474,#2762,#2763);
#2248=AXIS2_PLACEMENT_3D('',#3479,#2767,#2768);
#2249=AXIS2_PLACEMENT_3D('',#3480,#2769,#2770);
#2250=AXIS2_PLACEMENT_3D('',#3481,#2771,#2772);
#2251=AXIS2_PLACEMENT_3D('',#3483,#2774,#2775);
#2252=AXIS2_PLACEMENT_3D('',#3487,#2778,#2779);
#2253=AXIS2_PLACEMENT_3D('',#3489,#2781,#2782);
#2254=AXIS2_PLACEMENT_3D('',#3490,#2783,#2784);
#2255=AXIS2_PLACEMENT_3D('',#3492,#2786,#2787);
#2256=AXIS2_PLACEMENT_3D('',#3494,#2789,#2790);
#2257=AXIS2_PLACEMENT_3D('',#3495,#2791,#2792);
#2258=AXIS2_PLACEMENT_3D('',#3496,#2793,#2794);
#2259=AXIS2_PLACEMENT_3D('',#3499,#2797,#2798);
#2260=AXIS2_PLACEMENT_3D('',#3500,#2799,#2800);
#2261=AXIS2_PLACEMENT_3D('',#3502,#2802,#2803);
#2262=AXIS2_PLACEMENT_3D('',#3503,#2804,#2805);
#2263=AXIS2_PLACEMENT_3D('',#3505,#2807,#2808);
#2264=AXIS2_PLACEMENT_3D('',#3507,#2810,#2811);
#2265=AXIS2_PLACEMENT_3D('',#3509,#2813,#2814);
#2266=AXIS2_PLACEMENT_3D('',#3510,#2815,#2816);
#2267=AXIS2_PLACEMENT_3D('',#3513,#2818,#2819);
#2268=AXIS2_PLACEMENT_3D('',#3514,#2820,#2821);
#2269=AXIS2_PLACEMENT_3D('',#3515,#2822,#2823);
#2270=AXIS2_PLACEMENT_3D('',#3518,#2825,#2826);
#2271=AXIS2_PLACEMENT_3D('',#3519,#2827,#2828);
#2272=AXIS2_PLACEMENT_3D('',#3520,#2829,#2830);
#2273=AXIS2_PLACEMENT_3D('',#3522,#2831,#2832);
#2274=AXIS2_PLACEMENT_3D('',#3524,#2834,#2835);
#2275=AXIS2_PLACEMENT_3D('',#3526,#2836,#2837);
#2276=AXIS2_PLACEMENT_3D('',#3528,#2839,#2840);
#2277=AXIS2_PLACEMENT_3D('',#3530,#2841,#2842);
#2278=AXIS2_PLACEMENT_3D('',#3532,#2843,#2844);
#2279=AXIS2_PLACEMENT_3D('',#3533,#2845,#2846);
#2280=AXIS2_PLACEMENT_3D('',#3535,#2847,#2848);
#2281=AXIS2_PLACEMENT_3D('',#3537,#2850,#2851);
#2282=AXIS2_PLACEMENT_3D('',#3539,#2853,#2854);
#2283=AXIS2_PLACEMENT_3D('',#3541,#2855,#2856);
#2284=AXIS2_PLACEMENT_3D('',#3543,#2857,#2858);
#2285=AXIS2_PLACEMENT_3D('',#3544,#2859,#2860);
#2286=AXIS2_PLACEMENT_3D('',#3546,#2861,#2862);
#2287=AXIS2_PLACEMENT_3D('',#3548,#2864,#2865);
#2288=AXIS2_PLACEMENT_3D('',#3550,#2867,#2868);
#2289=AXIS2_PLACEMENT_3D('',#3552,#2869,#2870);
#2290=AXIS2_PLACEMENT_3D('',#3554,#2871,#2872);
#2291=AXIS2_PLACEMENT_3D('',#3555,#2873,#2874);
#2292=AXIS2_PLACEMENT_3D('',#3557,#2875,#2876);
#2293=AXIS2_PLACEMENT_3D('',#3559,#2878,#2879);
#2294=AXIS2_PLACEMENT_3D('',#3561,#2881,#2882);
#2295=AXIS2_PLACEMENT_3D('',#3564,#2885,#2886);
#2296=AXIS2_PLACEMENT_3D('',#3566,#2888,#2889);
#2297=AXIS2_PLACEMENT_3D('',#3567,#2890,#2891);
#2298=AXIS2_PLACEMENT_3D('',#3568,#2892,#2893);
#2299=DIRECTION('axis',(0.,0.,1.));
#2300=DIRECTION('refdir',(1.,0.,0.));
#2301=DIRECTION('axis',(0.,0.,1.));
#2302=DIRECTION('refdir',(1.,0.,0.));
#2303=DIRECTION('center_axis',(0.,0.707106781186554,0.707106781186541));
#2304=DIRECTION('ref_axis',(-4.32978028117743E-17,-0.707106781186541,0.707106781186554));
#2305=DIRECTION('',(0.577350269189622,0.577350269189622,-0.577350269189633));
#2306=DIRECTION('',(-4.32978028117743E-17,-0.707106781186541,0.707106781186554));
#2307=DIRECTION('',(1.,-6.12323399573677E-17,0.));
#2308=DIRECTION('',(-4.32978028117743E-17,-0.707106781186541,0.707106781186554));
#2309=DIRECTION('',(1.,-6.12323399573677E-17,0.));
#2310=DIRECTION('center_axis',(0.,1.,0.));
#2311=DIRECTION('ref_axis',(0.,0.,1.));
#2312=DIRECTION('',(0.,0.,-1.));
#2313=DIRECTION('',(0.,0.,1.));
#2314=DIRECTION('',(1.,0.,0.));
#2315=DIRECTION('center_axis',(0.,0.,1.));
#2316=DIRECTION('ref_axis',(-1.,0.,0.));
#2317=DIRECTION('',(-0.707106781186541,0.,0.707106781186554));
#2318=DIRECTION('center_axis',(0.,0.,1.));
#2319=DIRECTION('ref_axis',(-1.,-6.99353086378018E-14,0.));
#2320=DIRECTION('center_axis',(-0.70710678118656,0.,0.707106781186535));
#2321=DIRECTION('ref_axis',(0.707106781186535,0.,0.70710678118656));
#2322=DIRECTION('',(0.707106781186535,0.,0.70710678118656));
#2323=DIRECTION('',(0.,1.,0.));
#2324=DIRECTION('',(-0.707106781186535,0.,-0.70710678118656));
#2325=DIRECTION('',(0.,-1.,0.));
#2326=DIRECTION('center_axis',(0.,0.,1.));
#2327=DIRECTION('ref_axis',(1.,0.,0.));
#2328=DIRECTION('',(1.,0.,0.));
#2329=DIRECTION('',(0.,1.,0.));
#2330=DIRECTION('',(-1.,1.73218263642059E-14,0.));
#2331=DIRECTION('center_axis',(0.,-1.,0.));
#2332=DIRECTION('ref_axis',(1.,0.,0.));
#2333=DIRECTION('',(0.,0.,1.));
#2334=DIRECTION('',(1.,0.,0.));
#2335=DIRECTION('',(0.,0.,1.));
#2336=DIRECTION('center_axis',(0.707106781186554,0.,0.707106781186541));
#2337=DIRECTION('ref_axis',(0.707106781186541,0.,-0.707106781186554));
#2338=DIRECTION('center_axis',(0.707106781186554,0.,0.707106781186541));
#2339=DIRECTION('ref_axis',(-0.707106781186541,4.82927060372712E-17,0.707106781186554));
#2340=DIRECTION('',(0.,-1.,0.));
#2341=DIRECTION('',(0.,1.,0.));
#2342=DIRECTION('',(-0.707106781186541,0.,0.707106781186554));
#2343=DIRECTION('center_axis',(1.,0.,0.));
#2344=DIRECTION('ref_axis',(0.,1.,0.));
#2345=DIRECTION('',(0.,1.,0.));
#2346=DIRECTION('',(0.,0.,1.));
#2347=DIRECTION('center_axis',(0.,0.,1.));
#2348=DIRECTION('ref_axis',(1.,0.,0.));
#2349=DIRECTION('center_axis',(0.,0.,-1.));
#2350=DIRECTION('ref_axis',(-0.707106781186572,0.707106781186523,0.));
#2351=DIRECTION('',(0.,-1.,0.));
#2352=DIRECTION('center_axis',(0.,0.,1.));
#2353=DIRECTION('ref_axis',(-1.,-3.49676543189034E-14,0.));
#2354=DIRECTION('',(1.,-6.12323399573677E-17,0.));
#2355=DIRECTION('',(-6.12323399573677E-17,-1.,0.));
#2356=DIRECTION('center_axis',(1.,0.,0.));
#2357=DIRECTION('ref_axis',(0.,0.,-1.));
#2358=DIRECTION('',(0.,-1.,0.));
#2359=DIRECTION('',(0.,0.,-1.));
#2360=DIRECTION('',(0.,-1.,0.));
#2361=DIRECTION('',(0.,0.,1.));
#2362=DIRECTION('center_axis',(0.,1.,0.));
#2363=DIRECTION('ref_axis',(1.,0.,8.06945868897752E-18));
#2364=DIRECTION('',(1.,0.,0.));
#2365=DIRECTION('',(0.,0.,1.));
#2366=DIRECTION('',(-1.,0.,0.));
#2367=DIRECTION('',(0.,0.,1.));
#2368=DIRECTION('',(1.,0.,8.06945868897752E-18));
#2369=DIRECTION('',(0.,0.,-1.));
#2370=DIRECTION('',(-1.,0.,0.));
#2371=DIRECTION('center_axis',(0.,0.,-1.));
#2372=DIRECTION('ref_axis',(-1.,0.,0.));
#2373=DIRECTION('',(-1.,0.,0.));
#2374=DIRECTION('',(0.,1.,0.));
#2375=DIRECTION('center_axis',(0.,0.,1.));
#2376=DIRECTION('ref_axis',(1.,0.,0.));
#2377=DIRECTION('',(0.,-1.,0.));
#2378=DIRECTION('',(1.,0.,0.));
#2379=DIRECTION('',(0.,-1.,0.));
#2380=DIRECTION('',(1.,0.,0.));
#2381=DIRECTION('',(0.,-1.,0.));
#2382=DIRECTION('',(-1.,0.,0.));
#2383=DIRECTION('',(0.,-1.,0.));
#2384=DIRECTION('',(-1.,0.,0.));
#2385=DIRECTION('',(0.,-1.,0.));
#2386=DIRECTION('',(1.,0.,0.));
#2387=DIRECTION('',(0.,-1.,0.));
#2388=DIRECTION('',(-1.,0.,0.));
#2389=DIRECTION('',(0.,-1.,0.));
#2390=DIRECTION('',(1.,0.,0.));
#2391=DIRECTION('',(0.,-1.,0.));
#2392=DIRECTION('',(-1.,0.,0.));
#2393=DIRECTION('',(0.,1.,0.));
#2394=DIRECTION('',(0.,-1.,0.));
#2395=DIRECTION('',(-1.,0.,0.));
#2396=DIRECTION('center_axis',(0.,0.,1.));
#2397=DIRECTION('ref_axis',(-1.,0.,0.));
#2398=DIRECTION('center_axis',(0.,0.,1.));
#2399=DIRECTION('ref_axis',(-1.,0.,0.));
#2400=DIRECTION('',(0.,0.,-1.));
#2401=DIRECTION('center_axis',(0.,0.,-1.));
#2402=DIRECTION('ref_axis',(-1.,0.,0.));
#2403=DIRECTION('center_axis',(0.,0.,1.));
#2404=DIRECTION('ref_axis',(-1.,0.,0.));
#2405=DIRECTION('center_axis',(0.,0.,1.));
#2406=DIRECTION('ref_axis',(-1.,0.,0.));
#2407=DIRECTION('center_axis',(0.,0.,1.));
#2408=DIRECTION('ref_axis',(-1.,0.,0.));
#2409=DIRECTION('center_axis',(0.,0.,-1.));
#2410=DIRECTION('ref_axis',(-1.,0.,0.));
#2411=DIRECTION('',(0.,0.,-1.));
#2412=DIRECTION('center_axis',(0.,0.,-1.));
#2413=DIRECTION('ref_axis',(-1.,0.,0.));
#2414=DIRECTION('center_axis',(0.,0.,-1.));
#2415=DIRECTION('ref_axis',(-1.,0.,0.));
#2416=DIRECTION('center_axis',(0.,0.,-1.));
#2417=DIRECTION('ref_axis',(-1.,0.,0.));
#2418=DIRECTION('center_axis',(0.,0.,1.));
#2419=DIRECTION('ref_axis',(-1.,0.,0.));
#2420=DIRECTION('center_axis',(0.,0.,1.));
#2421=DIRECTION('ref_axis',(-1.,0.,0.));
#2422=DIRECTION('',(0.,0.,-1.));
#2423=DIRECTION('center_axis',(0.,0.,-1.));
#2424=DIRECTION('ref_axis',(-1.,0.,0.));
#2425=DIRECTION('center_axis',(0.,0.,1.));
#2426=DIRECTION('ref_axis',(-1.,0.,0.));
#2427=DIRECTION('center_axis',(0.,0.,1.));
#2428=DIRECTION('ref_axis',(-1.,0.,0.));
#2429=DIRECTION('center_axis',(1.,0.,0.));
#2430=DIRECTION('ref_axis',(0.,1.,0.));
#2431=DIRECTION('',(0.,0.,1.));
#2432=DIRECTION('center_axis',(-1.,0.,0.));
#2433=DIRECTION('ref_axis',(0.,-1.,0.));
#2434=DIRECTION('',(0.,0.,1.));
#2435=DIRECTION('center_axis',(-1.,-1.93995542894149E-15,0.));
#2436=DIRECTION('ref_axis',(1.93995542894149E-15,-1.,0.));
#2437=DIRECTION('',(1.93995542894149E-15,-1.,0.));
#2438=DIRECTION('',(0.,0.,-1.));
#2439=DIRECTION('',(1.93995542894149E-15,-1.,0.));
#2440=DIRECTION('',(0.,0.,1.));
#2441=DIRECTION('center_axis',(1.,0.,0.));
#2442=DIRECTION('ref_axis',(0.,1.,0.));
#2443=DIRECTION('',(0.,1.,0.));
#2444=DIRECTION('',(0.,0.,1.));
#2445=DIRECTION('',(0.,1.,0.));
#2446=DIRECTION('',(0.,0.,1.));
#2447=DIRECTION('center_axis',(-1.27155106614242E-14,-1.,0.));
#2448=DIRECTION('ref_axis',(1.,-1.27155106614242E-14,0.));
#2449=DIRECTION('',(-1.,1.27155106614242E-14,0.));
#2450=DIRECTION('',(-1.,1.27155106614242E-14,0.));
#2451=DIRECTION('center_axis',(0.,0.,1.));
#2452=DIRECTION('ref_axis',(1.,0.,0.));
#2453=DIRECTION('',(-1.,0.,0.));
#2454=DIRECTION('center_axis',(0.,0.,1.));
#2455=DIRECTION('ref_axis',(1.,0.,0.));
#2456=DIRECTION('',(-1.,0.,0.));
#2457=DIRECTION('',(0.,1.,0.));
#2458=DIRECTION('',(0.,1.,0.));
#2459=DIRECTION('',(1.,0.,0.));
#2460=DIRECTION('',(0.,1.,0.));
#2461=DIRECTION('',(-1.,0.,0.));
#2462=DIRECTION('',(0.,1.,0.));
#2463=DIRECTION('',(1.,0.,0.));
#2464=DIRECTION('',(0.,1.,0.));
#2465=DIRECTION('',(-1.,0.,0.));
#2466=DIRECTION('',(0.,1.,0.));
#2467=DIRECTION('',(-1.,0.,0.));
#2468=DIRECTION('',(0.,1.,0.));
#2469=DIRECTION('',(1.,0.,0.));
#2470=DIRECTION('',(0.,1.,0.));
#2471=DIRECTION('',(1.,0.,0.));
#2472=DIRECTION('',(0.,1.,0.));
#2473=DIRECTION('',(1.,0.,0.));
#2474=DIRECTION('center_axis',(0.,0.,1.));
#2475=DIRECTION('ref_axis',(0.707106781186572,-0.707106781186523,0.));
#2476=DIRECTION('',(0.,1.,0.));
#2477=DIRECTION('center_axis',(0.,0.,1.));
#2478=DIRECTION('ref_axis',(0.707106781186572,0.707106781186523,0.));
#2479=DIRECTION('',(-1.,0.,0.));
#2480=DIRECTION('center_axis',(8.06945868897752E-18,0.,-1.));
#2481=DIRECTION('ref_axis',(-1.,0.,0.));
#2482=DIRECTION('center_axis',(-8.06945868897752E-18,0.,1.));
#2483=DIRECTION('ref_axis',(-1.,0.,-8.06945868897752E-18));
#2484=DIRECTION('center_axis',(1.71074629740228E-16,1.,1.38047965742089E-33));
#2485=DIRECTION('ref_axis',(1.,-1.71074629740228E-16,0.));
#2486=DIRECTION('center_axis',(8.06945868897752E-18,0.,-1.));
#2487=DIRECTION('ref_axis',(-1.,0.,-8.06945868897752E-18));
#2488=DIRECTION('center_axis',(-8.06945868897752E-18,0.,1.));
#2489=DIRECTION('ref_axis',(-1.,0.,-8.06945868897752E-18));
#2490=DIRECTION('',(1.,0.,8.06945868897752E-18));
#2491=DIRECTION('',(0.,1.,0.));
#2492=DIRECTION('',(-1.,0.,-8.06945868897752E-18));
#2493=DIRECTION('',(0.,-1.,0.));
#2494=DIRECTION('center_axis',(-8.06945868897752E-18,0.,1.));
#2495=DIRECTION('ref_axis',(-1.,0.,-8.06945868897752E-18));
#2496=DIRECTION('center_axis',(-8.06945868897752E-18,0.,1.));
#2497=DIRECTION('ref_axis',(-1.,0.,-8.06945868897752E-18));
#2498=DIRECTION('center_axis',(-8.06945868897752E-18,0.,1.));
#2499=DIRECTION('ref_axis',(-1.,0.,-8.06945868897752E-18));
#2500=DIRECTION('center_axis',(-8.06945868897752E-18,0.,1.));
#2501=DIRECTION('ref_axis',(-1.,0.,-8.06945868897752E-18));
#2502=DIRECTION('center_axis',(0.,0.,1.));
#2503=DIRECTION('ref_axis',(-1.,0.,0.));
#2504=DIRECTION('center_axis',(-8.06945868897752E-18,0.,1.));
#2505=DIRECTION('ref_axis',(-1.,0.,-8.06945868897752E-18));
#2506=DIRECTION('',(0.,0.,-1.));
#2507=DIRECTION('center_axis',(8.06945868897752E-18,0.,-1.));
#2508=DIRECTION('ref_axis',(-1.,0.,0.));
#2509=DIRECTION('center_axis',(1.71074629740228E-16,1.,1.38047965742089E-33));
#2510=DIRECTION('ref_axis',(1.,-1.71074629740228E-16,0.));
#2511=DIRECTION('center_axis',(8.06945868897752E-18,0.,-1.));
#2512=DIRECTION('ref_axis',(-1.,0.,-8.06945868897752E-18));
#2513=DIRECTION('center_axis',(0.,0.,1.));
#2514=DIRECTION('ref_axis',(-1.,0.,0.));
#2515=DIRECTION('center_axis',(-8.06945868897752E-18,0.,1.));
#2516=DIRECTION('ref_axis',(-1.,0.,-8.06945868897752E-18));
#2517=DIRECTION('',(0.,0.,-1.));
#2518=DIRECTION('center_axis',(-8.06945868897752E-18,0.,1.));
#2519=DIRECTION('ref_axis',(-1.,0.,-8.06945868897752E-18));
#2520=DIRECTION('center_axis',(8.06945868897752E-18,0.,-1.));
#2521=DIRECTION('ref_axis',(-1.,0.,-8.06945868897752E-18));
#2522=DIRECTION('center_axis',(-8.06945868897752E-18,0.,1.));
#2523=DIRECTION('ref_axis',(-1.,0.,-8.06945868897752E-18));
#2524=DIRECTION('center_axis',(8.06945868897752E-18,0.,-1.));
#2525=DIRECTION('ref_axis',(-1.,0.,-8.06945868897752E-18));
#2526=DIRECTION('center_axis',(-1.,0.,-8.06945868897752E-18));
#2527=DIRECTION('ref_axis',(5.70596895948078E-18,0.707106781186539,-0.707106781186556));
#2528=DIRECTION('center_axis',(0.70710678118656,0.707106781186535,0.));
#2529=DIRECTION('ref_axis',(-0.707106781186535,0.70710678118656,0.));
#2530=DIRECTION('center_axis',(-0.707106781186585,0.70710678118651,0.));
#2531=DIRECTION('ref_axis',(0.70710678118651,0.707106781186585,0.));
#2532=DIRECTION('',(-1.,0.,-8.06945868897752E-18));
#2533=DIRECTION('center_axis',(0.,-1.,0.));
#2534=DIRECTION('ref_axis',(0.707106781186566,0.,-0.707106781186529));
#2535=DIRECTION('',(0.,1.,0.));
#2536=DIRECTION('center_axis',(0.,1.,0.));
#2537=DIRECTION('ref_axis',(1.,0.,8.06945868897752E-18));
#2538=DIRECTION('',(0.,0.,-1.));
#2539=DIRECTION('',(0.,0.,-1.));
#2540=DIRECTION('',(-1.,0.,0.));
#2541=DIRECTION('',(0.,0.,1.));
#2542=DIRECTION('',(0.,0.,1.));
#2543=DIRECTION('center_axis',(-0.514495755427525,0.857492925712545,0.));
#2544=DIRECTION('ref_axis',(0.857492925712545,0.514495755427525,0.));
#2545=DIRECTION('center_axis',(0.857492925712544,-0.514495755427527,0.));
#2546=DIRECTION('ref_axis',(0.514495755427527,0.857492925712544,0.));
#2547=DIRECTION('center_axis',(0.,0.,-1.));
#2548=DIRECTION('ref_axis',(0.,1.,0.));
#2549=DIRECTION('center_axis',(-0.857492925712544,-0.514495755427527,0.));
#2550=DIRECTION('ref_axis',(-0.514495755427527,0.857492925712544,0.));
#2551=DIRECTION('center_axis',(0.514495755427525,0.857492925712545,0.));
#2552=DIRECTION('ref_axis',(-0.857492925712545,0.514495755427525,0.));
#2553=DIRECTION('center_axis',(0.,0.,-1.));
#2554=DIRECTION('ref_axis',(-1.,0.,0.));
#2555=DIRECTION('center_axis',(0.,1.,0.));
#2556=DIRECTION('ref_axis',(-0.707106781186554,0.,-0.707106781186541));
#2557=DIRECTION('',(0.,-1.,0.));
#2558=DIRECTION('center_axis',(-8.22768336915355E-17,1.,0.));
#2559=DIRECTION('ref_axis',(-0.707106781186554,-5.81785070378431E-17,-0.707106781186541));
#2560=DIRECTION('',(0.,1.,0.));
#2561=DIRECTION('center_axis',(1.,0.,0.));
#2562=DIRECTION('ref_axis',(0.,0.707106781186549,-0.707106781186546));
#2563=DIRECTION('',(-1.,0.,0.));
#2564=DIRECTION('',(1.,0.,0.));
#2565=DIRECTION('center_axis',(0.,-1.,0.));
#2566=DIRECTION('ref_axis',(0.707106781186554,0.,-0.707106781186541));
#2567=DIRECTION('',(0.,-1.,0.));
#2568=DIRECTION('center_axis',(-8.22768336915355E-17,1.,0.));
#2569=DIRECTION('ref_axis',(0.707106781186554,5.81785070378431E-17,-0.707106781186541));
#2570=DIRECTION('',(0.,1.,0.));
#2571=DIRECTION('center_axis',(0.,0.,1.));
#2572=DIRECTION('ref_axis',(0.707106781186572,0.707106781186523,0.));
#2573=DIRECTION('',(0.,0.,1.));
#2574=DIRECTION('',(0.,0.,-1.));
#2575=DIRECTION('center_axis',(0.,1.,0.));
#2576=DIRECTION('ref_axis',(-1.,0.,0.));
#2577=DIRECTION('',(0.,0.,-1.));
#2578=DIRECTION('',(1.,0.,8.06945868897752E-18));
#2579=DIRECTION('',(0.,0.,1.));
#2580=DIRECTION('',(0.,0.,-1.));
#2581=DIRECTION('center_axis',(0.,0.,1.));
#2582=DIRECTION('ref_axis',(-0.707106781186572,0.707106781186523,0.));
#2583=DIRECTION('',(0.,0.,1.));
#2584=DIRECTION('center_axis',(-1.,0.,0.));
#2585=DIRECTION('ref_axis',(0.,-1.,0.));
#2586=DIRECTION('',(0.,0.,1.));
#2587=DIRECTION('',(0.,-1.,0.));
#2588=DIRECTION('',(0.,0.,-1.));
#2589=DIRECTION('',(0.,1.,0.));
#2590=DIRECTION('',(0.,0.,-1.));
#2591=DIRECTION('center_axis',(0.,0.,1.));
#2592=DIRECTION('ref_axis',(0.707106781186572,-0.707106781186523,0.));
#2593=DIRECTION('',(0.,0.,-1.));
#2594=DIRECTION('center_axis',(0.,0.,1.));
#2595=DIRECTION('ref_axis',(0.707106781186572,-0.707106781186523,0.));
#2596=DIRECTION('',(0.,0.,1.));
#2597=DIRECTION('center_axis',(0.,0.,1.));
#2598=DIRECTION('ref_axis',(1.,0.,0.));
#2599=DIRECTION('',(-1.,0.,0.));
#2600=DIRECTION('center_axis',(0.,0.,1.));
#2601=DIRECTION('ref_axis',(-0.707106781186572,-0.707106781186523,0.));
#2602=DIRECTION('',(1.,8.22768336915353E-17,0.));
#2603=DIRECTION('',(0.,-1.,0.));
#2604=DIRECTION('center_axis',(0.,-1.,0.));
#2605=DIRECTION('ref_axis',(1.,0.,0.));
#2606=DIRECTION('',(0.,0.,-1.));
#2607=DIRECTION('',(-1.,0.,-8.06945868897752E-18));
#2608=DIRECTION('',(0.,0.,-1.));
#2609=DIRECTION('',(0.,0.,-1.));
#2610=DIRECTION('center_axis',(0.,1.,0.));
#2611=DIRECTION('ref_axis',(1.,0.,0.));
#2612=DIRECTION('center_axis',(0.,1.,0.));
#2613=DIRECTION('ref_axis',(1.,0.,0.));
#2614=DIRECTION('center_axis',(0.,0.,1.));
#2615=DIRECTION('ref_axis',(-0.707106781186572,-0.707106781186523,0.));
#2616=DIRECTION('center_axis',(1.,0.,0.));
#2617=DIRECTION('ref_axis',(0.,1.,0.));
#2618=DIRECTION('',(0.,0.,1.));
#2619=DIRECTION('',(0.,1.,0.));
#2620=DIRECTION('',(0.,0.,-1.));
#2621=DIRECTION('center_axis',(-8.06945868897752E-18,0.,1.));
#2622=DIRECTION('ref_axis',(1.,0.,0.));
#2623=DIRECTION('center_axis',(8.06945868897752E-18,0.,-1.));
#2624=DIRECTION('ref_axis',(-1.,0.,-8.06945868897752E-18));
#2625=DIRECTION('center_axis',(0.,1.,0.));
#2626=DIRECTION('ref_axis',(-1.,0.,0.));
#2627=DIRECTION('center_axis',(8.06945868897752E-18,0.,-1.));
#2628=DIRECTION('ref_axis',(-1.,0.,-8.06945868897752E-18));
#2629=DIRECTION('center_axis',(0.,0.,-1.));
#2630=DIRECTION('ref_axis',(-1.,0.,0.));
#2631=DIRECTION('',(0.,0.,1.));
#2632=DIRECTION('center_axis',(8.06945868897752E-18,0.,-1.));
#2633=DIRECTION('ref_axis',(-1.,0.,-8.06945868897752E-18));
#2634=DIRECTION('center_axis',(-8.06945868897752E-18,0.,1.));
#2635=DIRECTION('ref_axis',(1.,0.,0.));
#2636=DIRECTION('center_axis',(8.06945868897752E-18,0.,-1.));
#2637=DIRECTION('ref_axis',(-1.,0.,-8.06945868897752E-18));
#2638=DIRECTION('center_axis',(0.,1.,0.));
#2639=DIRECTION('ref_axis',(-1.,0.,0.));
#2640=DIRECTION('center_axis',(8.06945868897752E-18,0.,-1.));
#2641=DIRECTION('ref_axis',(-1.,0.,-8.06945868897752E-18));
#2642=DIRECTION('center_axis',(0.,0.,-1.));
#2643=DIRECTION('ref_axis',(-1.,0.,0.));
#2644=DIRECTION('',(0.,0.,1.));
#2645=DIRECTION('center_axis',(8.06945868897752E-18,0.,-1.));
#2646=DIRECTION('ref_axis',(-1.,0.,-8.06945868897752E-18));
#2647=DIRECTION('center_axis',(-8.06945868897752E-18,0.,1.));
#2648=DIRECTION('ref_axis',(1.,0.,0.));
#2649=DIRECTION('center_axis',(8.06945868897752E-18,0.,-1.));
#2650=DIRECTION('ref_axis',(-1.,0.,-8.06945868897752E-18));
#2651=DIRECTION('center_axis',(0.,1.,0.));
#2652=DIRECTION('ref_axis',(-1.,0.,0.));
#2653=DIRECTION('center_axis',(8.06945868897752E-18,0.,-1.));
#2654=DIRECTION('ref_axis',(-1.,0.,-8.06945868897752E-18));
#2655=DIRECTION('center_axis',(0.,0.,-1.));
#2656=DIRECTION('ref_axis',(-1.,0.,0.));
#2657=DIRECTION('',(0.,0.,1.));
#2658=DIRECTION('center_axis',(8.06945868897752E-18,0.,-1.));
#2659=DIRECTION('ref_axis',(-1.,0.,-8.06945868897752E-18));
#2660=DIRECTION('center_axis',(0.,1.,0.));
#2661=DIRECTION('ref_axis',(-0.707106781186565,0.,-0.70710678118653));
#2662=DIRECTION('',(0.,-1.,0.));
#2663=DIRECTION('center_axis',(-1.,0.,0.));
#2664=DIRECTION('ref_axis',(0.,0.,1.));
#2665=DIRECTION('',(0.,0.,-1.));
#2666=DIRECTION('',(0.,-1.,0.));
#2667=DIRECTION('center_axis',(-1.,0.,0.));
#2668=DIRECTION('ref_axis',(0.,-0.979795897113271,0.199999999999999));
#2669=DIRECTION('',(0.,-1.,0.));
#2670=DIRECTION('center_axis',(-1.,0.,0.));
#2671=DIRECTION('ref_axis',(0.,0.979795897113271,0.2));
#2672=DIRECTION('center_axis',(1.,0.,0.));
#2673=DIRECTION('ref_axis',(0.,0.,-1.));
#2674=DIRECTION('center_axis',(1.,0.,0.));
#2675=DIRECTION('ref_axis',(0.,0.979795897113271,0.2));
#2676=DIRECTION('',(0.,1.,0.));
#2677=DIRECTION('center_axis',(1.,0.,0.));
#2678=DIRECTION('ref_axis',(0.,-0.979795897113271,0.199999999999999));
#2679=DIRECTION('',(0.,1.,0.));
#2680=DIRECTION('',(0.,0.,1.));
#2681=DIRECTION('center_axis',(1.,0.,0.));
#2682=DIRECTION('ref_axis',(0.,0.979795897113271,0.2));
#2683=DIRECTION('',(1.,0.,0.));
#2684=DIRECTION('center_axis',(-1.,0.,0.));
#2685=DIRECTION('ref_axis',(0.,-0.979795897113271,0.199999999999999));
#2686=DIRECTION('',(-1.,0.,0.));
#2687=DIRECTION('',(1.,0.,8.06945868897752E-18));
#2688=DIRECTION('center_axis',(0.,-1.,0.));
#2689=DIRECTION('ref_axis',(-1.,0.,0.));
#2690=DIRECTION('',(0.,0.,-1.));
#2691=DIRECTION('',(-1.,0.,-8.06945868897752E-18));
#2692=DIRECTION('',(0.,0.,-1.));
#2693=DIRECTION('center_axis',(0.,1.,0.));
#2694=DIRECTION('ref_axis',(1.,0.,0.));
#2695=DIRECTION('',(0.,0.,1.));
#2696=DIRECTION('',(1.,0.,8.06945868897752E-18));
#2697=DIRECTION('',(0.,0.,-1.));
#2698=DIRECTION('center_axis',(1.,0.,0.));
#2699=DIRECTION('ref_axis',(0.,0.,-1.));
#2700=DIRECTION('',(0.,1.,0.));
#2701=DIRECTION('',(0.,0.,-1.));
#2702=DIRECTION('center_axis',(8.06945868897752E-18,0.,-1.));
#2703=DIRECTION('ref_axis',(-1.,0.,-8.06945868897752E-18));
#2704=DIRECTION('',(0.,1.,0.));
#2705=DIRECTION('',(1.,0.,0.));
#2706=DIRECTION('center_axis',(0.,-1.,0.));
#2707=DIRECTION('ref_axis',(-1.,0.,0.));
#2708=DIRECTION('',(0.,0.,1.));
#2709=DIRECTION('',(-1.,0.,-8.06945868897752E-18));
#2710=DIRECTION('',(0.,0.,-1.));
#2711=DIRECTION('center_axis',(0.,1.,0.));
#2712=DIRECTION('ref_axis',(1.,0.,0.));
#2713=DIRECTION('',(0.,0.,-1.));
#2714=DIRECTION('',(1.,0.,8.06945868897752E-18));
#2715=DIRECTION('',(0.,0.,-1.));
#2716=DIRECTION('center_axis',(1.,0.,0.));
#2717=DIRECTION('ref_axis',(0.,0.,-1.));
#2718=DIRECTION('',(0.,0.,-1.));
#2719=DIRECTION('',(0.,1.,0.));
#2720=DIRECTION('center_axis',(1.,0.,0.));
#2721=DIRECTION('ref_axis',(0.,0.,-1.));
#2722=DIRECTION('',(0.,1.,0.));
#2723=DIRECTION('',(0.,0.,1.));
#2724=DIRECTION('center_axis',(8.06945868897752E-18,0.,-1.));
#2725=DIRECTION('ref_axis',(-1.,0.,-8.06945868897752E-18));
#2726=DIRECTION('',(0.,1.,0.));
#2727=DIRECTION('',(1.,0.,8.06945868897752E-18));
#2728=DIRECTION('center_axis',(-1.,0.,0.));
#2729=DIRECTION('ref_axis',(0.,0.,1.));
#2730=DIRECTION('',(0.,1.,0.));
#2731=DIRECTION('',(0.,0.,-1.));
#2732=DIRECTION('center_axis',(8.06945868897752E-18,0.,-1.));
#2733=DIRECTION('ref_axis',(-1.,0.,-8.06945868897752E-18));
#2734=DIRECTION('',(0.,1.,0.));
#2735=DIRECTION('',(0.,1.,0.));
#2736=DIRECTION('',(1.,0.,8.06945868897752E-18));
#2737=DIRECTION('center_axis',(0.,1.,0.));
#2738=DIRECTION('ref_axis',(0.,0.,-1.));
#2739=DIRECTION('',(0.,0.,-1.));
#2740=DIRECTION('center_axis',(8.06945868897752E-18,0.,-1.));
#2741=DIRECTION('ref_axis',(-1.,0.,-8.06945868897752E-18));
#2742=DIRECTION('',(0.,-1.,0.));
#2743=DIRECTION('',(-1.,0.,-8.06945868897752E-18));
#2744=DIRECTION('',(0.,1.,0.));
#2745=DIRECTION('',(1.,0.,0.));
#2746=DIRECTION('',(0.,-1.,0.));
#2747=DIRECTION('center_axis',(-1.,0.,0.));
#2748=DIRECTION('ref_axis',(0.,0.,1.));
#2749=DIRECTION('',(0.,0.,-1.));
#2750=DIRECTION('center_axis',(-1.,0.,0.));
#2751=DIRECTION('ref_axis',(0.,0.,1.));
#2752=DIRECTION('',(0.,0.,-1.));
#2753=DIRECTION('',(0.,0.,1.));
#2754=DIRECTION('',(0.,1.,0.));
#2755=DIRECTION('center_axis',(1.,0.,0.));
#2756=DIRECTION('ref_axis',(0.,0.,-1.));
#2757=DIRECTION('',(0.,0.,1.));
#2758=DIRECTION('',(0.,1.,0.));
#2759=DIRECTION('center_axis',(0.,-1.,0.));
#2760=DIRECTION('ref_axis',(0.,0.,-1.));
#2761=DIRECTION('',(0.,0.,-1.));
#2762=DIRECTION('center_axis',(0.,1.,0.));
#2763=DIRECTION('ref_axis',(0.,0.,1.));
#2764=DIRECTION('',(0.,0.,-1.));
#2765=DIRECTION('',(0.,0.,-1.));
#2766=DIRECTION('',(-1.,0.,0.));
#2767=DIRECTION('center_axis',(1.,0.,0.));
#2768=DIRECTION('ref_axis',(0.,0.,-1.));
#2769=DIRECTION('center_axis',(1.,0.,0.));
#2770=DIRECTION('ref_axis',(0.,0.,-1.));
#2771=DIRECTION('center_axis',(1.,0.,0.));
#2772=DIRECTION('ref_axis',(0.,0.,-1.));
#2773=DIRECTION('',(0.,0.,1.));
#2774=DIRECTION('center_axis',(1.,0.,0.));
#2775=DIRECTION('ref_axis',(0.,0.,-1.));
#2776=DIRECTION('',(0.,0.,1.));
#2777=DIRECTION('',(0.,1.,0.));
#2778=DIRECTION('center_axis',(0.,0.,-1.));
#2779=DIRECTION('ref_axis',(0.,1.,0.));
#2780=DIRECTION('',(1.,0.,0.));
#2781=DIRECTION('center_axis',(0.,0.,-1.));
#2782=DIRECTION('ref_axis',(0.,1.,0.));
#2783=DIRECTION('center_axis',(0.,0.,-1.));
#2784=DIRECTION('ref_axis',(0.,1.,0.));
#2785=DIRECTION('',(1.,0.,0.));
#2786=DIRECTION('center_axis',(0.,-1.,0.));
#2787=DIRECTION('ref_axis',(-1.,0.,-8.06945868897752E-18));
#2788=DIRECTION('',(1.,0.,0.));
#2789=DIRECTION('center_axis',(0.,0.,-1.));
#2790=DIRECTION('ref_axis',(-1.,0.,0.));
#2791=DIRECTION('center_axis',(0.,-1.,0.));
#2792=DIRECTION('ref_axis',(-1.,0.,-8.06945868897752E-18));
#2793=DIRECTION('center_axis',(0.,9.20201429444805E-16,-1.));
#2794=DIRECTION('ref_axis',(0.,-1.,-9.20201429444805E-16));
#2795=DIRECTION('',(0.,1.,0.));
#2796=DIRECTION('',(0.,1.,0.));
#2797=DIRECTION('center_axis',(-1.,0.,0.));
#2798=DIRECTION('ref_axis',(0.,0.,1.));
#2799=DIRECTION('center_axis',(1.,0.,0.));
#2800=DIRECTION('ref_axis',(0.,0.,-1.));
#2801=DIRECTION('',(0.,0.,1.));
#2802=DIRECTION('center_axis',(1.,0.,0.));
#2803=DIRECTION('ref_axis',(0.,0.,-1.));
#2804=DIRECTION('center_axis',(8.06945868897752E-18,0.,-1.));
#2805=DIRECTION('ref_axis',(-1.,0.,-8.06945868897752E-18));
#2806=DIRECTION('',(-0.0314130610520773,3.84699046688468E-18,0.999506488020632));
#2807=DIRECTION('center_axis',(8.06945868897752E-18,0.,-1.));
#2808=DIRECTION('ref_axis',(-1.,0.,-8.06945868897752E-18));
#2809=DIRECTION('',(-0.0314130610520771,3.84699046688466E-18,0.999506488020632));
#2810=DIRECTION('center_axis',(8.06945868897752E-18,0.,-1.));
#2811=DIRECTION('ref_axis',(-1.,0.,-8.06945868897752E-18));
#2812=DIRECTION('',(-0.0314130610520773,3.84699046688468E-18,0.999506488020632));
#2813=DIRECTION('center_axis',(0.,-1.,0.));
#2814=DIRECTION('ref_axis',(-1.,0.,-8.06945868897752E-18));
#2815=DIRECTION('center_axis',(0.,1.,0.));
#2816=DIRECTION('ref_axis',(1.,0.,0.));
#2817=DIRECTION('',(0.,1.,0.));
#2818=DIRECTION('center_axis',(0.,1.,0.));
#2819=DIRECTION('ref_axis',(1.,0.,0.));
#2820=DIRECTION('center_axis',(0.,-1.,0.));
#2821=DIRECTION('ref_axis',(1.,0.,0.));
#2822=DIRECTION('center_axis',(0.,1.,0.));
#2823=DIRECTION('ref_axis',(1.,0.,0.));
#2824=DIRECTION('',(0.,1.,0.));
#2825=DIRECTION('center_axis',(0.,1.,0.));
#2826=DIRECTION('ref_axis',(1.,0.,0.));
#2827=DIRECTION('center_axis',(0.,-1.,0.));
#2828=DIRECTION('ref_axis',(1.,0.,0.));
#2829=DIRECTION('center_axis',(0.,0.,1.));
#2830=DIRECTION('ref_axis',(1.,0.,0.));
#2831=DIRECTION('center_axis',(0.,0.,1.));
#2832=DIRECTION('ref_axis',(1.,0.,0.));
#2833=DIRECTION('',(0.,0.,1.));
#2834=DIRECTION('center_axis',(0.,0.,1.));
#2835=DIRECTION('ref_axis',(1.,0.,0.));
#2836=DIRECTION('center_axis',(0.,0.,1.));
#2837=DIRECTION('ref_axis',(1.,0.,0.));
#2838=DIRECTION('',(0.,0.,1.));
#2839=DIRECTION('center_axis',(0.,0.,1.));
#2840=DIRECTION('ref_axis',(-1.,0.,0.));
#2841=DIRECTION('center_axis',(0.,0.,1.));
#2842=DIRECTION('ref_axis',(-1.,0.,0.));
#2843=DIRECTION('center_axis',(0.,0.,1.));
#2844=DIRECTION('ref_axis',(-1.,0.,0.));
#2845=DIRECTION('center_axis',(0.,0.,1.));
#2846=DIRECTION('ref_axis',(-1.,0.,0.));
#2847=DIRECTION('center_axis',(0.,0.,1.));
#2848=DIRECTION('ref_axis',(-1.,0.,0.));
#2849=DIRECTION('',(0.,0.,1.));
#2850=DIRECTION('center_axis',(0.,0.,1.));
#2851=DIRECTION('ref_axis',(-1.,0.,0.));
#2852=DIRECTION('',(0.,0.,1.));
#2853=DIRECTION('center_axis',(0.,0.,1.));
#2854=DIRECTION('ref_axis',(-1.,0.,0.));
#2855=DIRECTION('center_axis',(0.,0.,1.));
#2856=DIRECTION('ref_axis',(-1.,0.,0.));
#2857=DIRECTION('center_axis',(0.,0.,1.));
#2858=DIRECTION('ref_axis',(-1.,0.,0.));
#2859=DIRECTION('center_axis',(0.,0.,1.));
#2860=DIRECTION('ref_axis',(-1.,0.,0.));
#2861=DIRECTION('center_axis',(0.,0.,1.));
#2862=DIRECTION('ref_axis',(-1.,0.,0.));
#2863=DIRECTION('',(0.,0.,1.));
#2864=DIRECTION('center_axis',(0.,0.,1.));
#2865=DIRECTION('ref_axis',(-1.,0.,0.));
#2866=DIRECTION('',(0.,0.,1.));
#2867=DIRECTION('center_axis',(0.,0.,1.));
#2868=DIRECTION('ref_axis',(-1.,0.,0.));
#2869=DIRECTION('center_axis',(0.,0.,1.));
#2870=DIRECTION('ref_axis',(-1.,0.,0.));
#2871=DIRECTION('center_axis',(0.,0.,1.));
#2872=DIRECTION('ref_axis',(-1.,0.,0.));
#2873=DIRECTION('center_axis',(0.,0.,1.));
#2874=DIRECTION('ref_axis',(-1.,0.,0.));
#2875=DIRECTION('center_axis',(0.,0.,1.));
#2876=DIRECTION('ref_axis',(-1.,0.,0.));
#2877=DIRECTION('',(0.,0.,1.));
#2878=DIRECTION('center_axis',(0.,0.,1.));
#2879=DIRECTION('ref_axis',(-1.,0.,0.));
#2880=DIRECTION('',(0.,0.,1.));
#2881=DIRECTION('center_axis',(-8.22768336915355E-17,1.,0.));
#2882=DIRECTION('ref_axis',(-1.,-8.22768336915355E-17,0.));
#2883=DIRECTION('',(-1.,-8.22768336915355E-17,0.));
#2884=DIRECTION('',(-1.,-8.22768336915355E-17,0.));
#2885=DIRECTION('center_axis',(8.22768336915353E-17,-1.,0.));
#2886=DIRECTION('ref_axis',(1.,8.22768336915353E-17,0.));
#2887=DIRECTION('',(1.,8.22768336915353E-17,0.));
#2888=DIRECTION('center_axis',(0.,0.,1.));
#2889=DIRECTION('ref_axis',(1.,0.,0.));
#2890=DIRECTION('center_axis',(0.,0.,1.));
#2891=DIRECTION('ref_axis',(1.,0.,0.));
#2892=DIRECTION('',(0.,0.,1.));
#2893=DIRECTION('',(1.,0.,0.));
#2894=CARTESIAN_POINT('',(0.,0.,0.));
#2895=CARTESIAN_POINT('',(0.,0.,0.));
#2896=CARTESIAN_POINT('Origin',(-4.23,-2.725,0.857625));
#2897=CARTESIAN_POINT('',(-4.23,-2.73,0.862625000000001));
#2898=CARTESIAN_POINT('',(-4.225,-2.725,0.857625));
#2899=CARTESIAN_POINT('',(-4.21334025479107,-2.71334025479107,0.845965254791074));
#2900=CARTESIAN_POINT('',(-4.23,-2.735,0.867625));
#2901=CARTESIAN_POINT('',(-4.23,-2.717,0.849625));
#2902=CARTESIAN_POINT('',(-4.0625,-2.735,0.867625));
#2903=CARTESIAN_POINT('',(-4.23,-2.735,0.867625));
#2904=CARTESIAN_POINT('',(-4.0625,-2.725,0.857625));
#2905=CARTESIAN_POINT('',(-4.0625,-2.717,0.849625));
#2906=CARTESIAN_POINT('',(-4.23,-2.725,0.857625));
#2907=CARTESIAN_POINT('Origin',(-4.23,-2.725,0.837625));
#2908=CARTESIAN_POINT('',(-4.225,-2.725,0.837625));
#2909=CARTESIAN_POINT('',(-4.225,-2.725,0.837625));
#2910=CARTESIAN_POINT('',(-4.0625,-2.725,0.837625));
#2911=CARTESIAN_POINT('',(-4.0625,-2.725,0.790625));
#2912=CARTESIAN_POINT('',(-2.115,-2.725,0.837625));
#2913=CARTESIAN_POINT('Origin',(-4.23,-2.73,0.867625000000001));
#2914=CARTESIAN_POINT('',(-4.235,-2.73,0.867625));
#2915=CARTESIAN_POINT('',(-4.217,-2.73,0.849625));
#2916=CARTESIAN_POINT('Origin',(-4.23,-2.73,0.867625));
#2917=CARTESIAN_POINT('Origin',(-4.18,1.39998969112524,0.8626250778));
#2918=CARTESIAN_POINT('',(-4.185,-2.65004152874644,0.8576250778));
#2919=CARTESIAN_POINT('',(-4.175,-2.65004152874644,0.8676250778));
#2920=CARTESIAN_POINT('',(-4.19925001945,-2.65004152874644,0.843375058349999));
#2921=CARTESIAN_POINT('',(-4.175,2.75000004886713,0.867625077799999));
#2922=CARTESIAN_POINT('',(-4.175,1.39998969112524,0.8676250778));
#2923=CARTESIAN_POINT('',(-4.185,2.75000004886713,0.857625077799998));
#2924=CARTESIAN_POINT('',(-2.28815626945007,2.75,2.75446880834999));
#2925=CARTESIAN_POINT('',(-4.185,1.39998969112524,0.8576250778));
#2926=CARTESIAN_POINT('Origin',(-4.17490647591551,0.0499792845013484,0.8676250778));
#2927=CARTESIAN_POINT('',(-4.16481295183101,-2.65004152874644,0.8676250778));
#2928=CARTESIAN_POINT('',(-4.16481295183101,-2.65004152874644,0.8676250778));
#2929=CARTESIAN_POINT('',(-4.16481295183101,2.75000009773424,0.8676250778));
#2930=CARTESIAN_POINT('',(-4.16481295183101,2.75000009774913,0.8676250778));
#2931=CARTESIAN_POINT('',(-4.185,2.75000009774913,0.8676250778));
#2932=CARTESIAN_POINT('Origin',(-4.185,-2.65004152874644,0.790625));
#2933=CARTESIAN_POINT('',(-4.185,-2.65004152874644,0.837625));
#2934=CARTESIAN_POINT('',(-4.185,-2.65004152874644,0.790625));
#2935=CARTESIAN_POINT('',(-4.16481295183101,-2.65004152874644,0.837625));
#2936=CARTESIAN_POINT('',(-2.0925,-2.65004152874644,0.837625));
#2937=CARTESIAN_POINT('',(-4.16481295183101,-2.65004152874644,0.790625));
#2938=CARTESIAN_POINT('Origin',(-4.23,-1.30003114245871,0.862625));
#2939=CARTESIAN_POINT('',(-4.23,2.75,0.862625));
#2940=CARTESIAN_POINT('',(-4.235,2.74936491673104,0.867625));
#2941=CARTESIAN_POINT('Origin',(-4.23,2.73,0.862625));
#2942=CARTESIAN_POINT('',(-4.235,-1.30003114245871,0.867625));
#2943=CARTESIAN_POINT('',(-4.225,2.75000000819106,0.857625));
#2944=CARTESIAN_POINT('',(-4.225,-1.30003114245871,0.857625));
#2945=CARTESIAN_POINT('',(-1.89434375000004,2.75,-1.47303125));
#2946=CARTESIAN_POINT('Origin',(-4.225,-2.65004152874644,0.790625));
#2947=CARTESIAN_POINT('',(-4.225,2.75000000819106,0.837625));
#2948=CARTESIAN_POINT('',(-4.225,-1.32502076437322,0.837625));
#2949=CARTESIAN_POINT('',(-4.225,2.75000001640447,0.790625));
#2950=CARTESIAN_POINT('Origin',(-4.2375,0.0499792438290157,0.867625));
#2951=CARTESIAN_POINT('',(-4.25,2.73,0.867625));
#2952=CARTESIAN_POINT('Origin',(-4.23,2.73,0.867625));
#2953=CARTESIAN_POINT('',(-4.25,-2.73,0.867625));
#2954=CARTESIAN_POINT('',(-4.25,-2.65004152874644,0.867625));
#2955=CARTESIAN_POINT('',(-4.23,-2.75,0.867625));
#2956=CARTESIAN_POINT('Origin',(-4.23,-2.73,0.867625));
#2957=CARTESIAN_POINT('',(-4.0625,-2.75,0.867625));
#2958=CARTESIAN_POINT('',(-4.23,-2.75,0.867625));
#2959=CARTESIAN_POINT('',(-4.0625,-2.75,0.867625));
#2960=CARTESIAN_POINT('Origin',(-4.162,2.6025,0.4625625));
#2961=CARTESIAN_POINT('',(-4.162,2.655,0.0875));
#2962=CARTESIAN_POINT('',(-4.162,2.55,0.0875));
#2963=CARTESIAN_POINT('',(-4.162,2.605,0.0875));
#2964=CARTESIAN_POINT('',(-4.162,2.655,0.837625));
#2965=CARTESIAN_POINT('',(-4.162,2.655,0.32503125));
#2966=CARTESIAN_POINT('',(-4.162,2.55,0.837625));
#2967=CARTESIAN_POINT('',(-4.162,2.655,0.837625));
#2968=CARTESIAN_POINT('',(-4.162,2.55,0.32503125));
#2969=CARTESIAN_POINT('Origin',(-4.0625,2.655,0.1875));
#2970=CARTESIAN_POINT('',(4.1625,2.655,0.0875));
#2971=CARTESIAN_POINT('',(4.0625,2.655,0.0875));
#2972=CARTESIAN_POINT('',(4.1625,2.655,0.837625));
#2973=CARTESIAN_POINT('',(4.1625,2.655,0.00171396911385534));
#2974=CARTESIAN_POINT('',(4.0625,2.655,0.837625));
#2975=CARTESIAN_POINT('',(-2.03125,2.655,0.837625));
#2976=CARTESIAN_POINT('',(4.0625,2.655,0.1875));
#2977=CARTESIAN_POINT('',(4.0625,2.655,0.575));
#2978=CARTESIAN_POINT('',(-4.0625,2.655,0.1875));
#2979=CARTESIAN_POINT('',(8.81781381177595E-35,2.655,0.1875));
#2980=CARTESIAN_POINT('',(-4.0625,2.655,0.837625));
#2981=CARTESIAN_POINT('',(-4.0625,2.655,0.625));
#2982=CARTESIAN_POINT('',(-2.03125,2.655,0.837625));
#2983=CARTESIAN_POINT('Origin',(0.,2.6075,0.0875));
#2984=CARTESIAN_POINT('',(4.1625,2.55,0.0875));
#2985=CARTESIAN_POINT('',(-4.1625,2.55,0.0875));
#2986=CARTESIAN_POINT('',(4.1625,2.655,0.0875));
#2987=CARTESIAN_POINT('Origin',(0.,0.,0.837625));
#2988=CARTESIAN_POINT('',(-4.0625,-2.64049988116699,0.837625));
#2989=CARTESIAN_POINT('',(-4.0625,-1.375,0.837625));
#2990=CARTESIAN_POINT('',(-4.1625,-2.64049988116699,0.837625));
#2991=CARTESIAN_POINT('',(-2.03125,-2.64049988116699,0.837625));
#2992=CARTESIAN_POINT('',(-4.1625,-2.475,0.837625));
#2993=CARTESIAN_POINT('',(-4.1625,-1.25037497029175,0.837625));
#2994=CARTESIAN_POINT('',(-4.0625,-2.475,0.837625));
#2995=CARTESIAN_POINT('',(-2.03125,-2.475,0.837625));
#2996=CARTESIAN_POINT('',(-4.0625,-2.4,0.837625));
#2997=CARTESIAN_POINT('',(-4.0625,-1.375,0.837625));
#2998=CARTESIAN_POINT('',(-4.1625,-2.4,0.837625));
#2999=CARTESIAN_POINT('',(-2.08125,-2.4,0.837625));
#3000=CARTESIAN_POINT('',(-4.1625,-2.32,0.837625));
#3001=CARTESIAN_POINT('',(-4.1625,-1.25037497029175,0.837625));
#3002=CARTESIAN_POINT('',(-4.0625,-2.32,0.837625));
#3003=CARTESIAN_POINT('',(2.03125,-2.32,0.837625));
#3004=CARTESIAN_POINT('',(-4.0625,-2.245,0.837625));
#3005=CARTESIAN_POINT('',(-4.0625,-1.375,0.837625));
#3006=CARTESIAN_POINT('',(-4.1625,-2.245,0.837625));
#3007=CARTESIAN_POINT('',(2.03125,-2.245,0.837625));
#3008=CARTESIAN_POINT('',(-4.1625,2.47,0.837625));
#3009=CARTESIAN_POINT('',(-4.1625,-1.375,0.837625));
#3010=CARTESIAN_POINT('',(-4.0625,2.47,0.837625));
#3011=CARTESIAN_POINT('',(-2.03125,2.47,0.837625));
#3012=CARTESIAN_POINT('',(-4.0625,2.55,0.837625));
#3013=CARTESIAN_POINT('',(-4.0625,-1.375,0.837625));
#3014=CARTESIAN_POINT('',(2.03125,2.55,0.837625));
#3015=CARTESIAN_POINT('',(-4.0625,2.75,0.837625));
#3016=CARTESIAN_POINT('',(-4.0625,-1.375,0.837625));
#3017=CARTESIAN_POINT('',(-4.16481295183101,2.75000004886713,0.837625));
#3018=CARTESIAN_POINT('',(2.125,2.75,0.837625));
#3019=CARTESIAN_POINT('',(-4.16481295183101,-1.32502076437322,0.837625));
#3020=CARTESIAN_POINT('',(-4.185,2.75000004886713,0.837625));
#3021=CARTESIAN_POINT('',(-4.185,1.37500004887457,0.837625));
#3022=CARTESIAN_POINT('',(2.125,2.75,0.837625));
#3023=CARTESIAN_POINT('Origin',(0.00088297408549311,-1.5,0.8375));
#3024=CARTESIAN_POINT('',(0.170454402656922,-1.5,0.852625));
#3025=CARTESIAN_POINT('Origin',(0.00088297408549311,-1.5,0.852625));
#3026=CARTESIAN_POINT('',(0.170454402656922,-1.5,0.8375));
#3027=CARTESIAN_POINT('',(0.170454402656922,-1.5,0.8375));
#3028=CARTESIAN_POINT('Origin',(0.00088297408549311,-1.5,0.8375));
#3029=CARTESIAN_POINT('Origin',(0.000882974085493099,-1.5,0.852625));
#3030=CARTESIAN_POINT('',(0.0758829740854931,-1.5,0.852625));
#3031=CARTESIAN_POINT('Origin',(0.000882974085493116,-1.5,0.852625));
#3032=CARTESIAN_POINT('Origin',(3.8125,1.3125,0.8375));
#3033=CARTESIAN_POINT('',(3.98207142857143,1.3125,0.852625));
#3034=CARTESIAN_POINT('Origin',(3.8125,1.3125,0.852625));
#3035=CARTESIAN_POINT('',(3.98207142857143,1.3125,0.8375));
#3036=CARTESIAN_POINT('',(3.98207142857143,1.3125,0.8375));
#3037=CARTESIAN_POINT('Origin',(3.8125,1.3125,0.8375));
#3038=CARTESIAN_POINT('Origin',(3.8125,1.3125,0.852625));
#3039=CARTESIAN_POINT('',(3.8875,1.3125,0.852625));
#3040=CARTESIAN_POINT('Origin',(3.8125,1.3125,0.852625));
#3041=CARTESIAN_POINT('Origin',(-3.8125,1.3125,0.8375));
#3042=CARTESIAN_POINT('',(-3.64292857142857,1.3125,0.852625));
#3043=CARTESIAN_POINT('Origin',(-3.8125,1.3125,0.852625));
#3044=CARTESIAN_POINT('',(-3.64292857142857,1.3125,0.8375));
#3045=CARTESIAN_POINT('',(-3.64292857142857,1.3125,0.8375));
#3046=CARTESIAN_POINT('Origin',(-3.8125,1.3125,0.8375));
#3047=CARTESIAN_POINT('Origin',(-3.8125,1.3125,0.852625));
#3048=CARTESIAN_POINT('',(-3.7375,1.3125,0.852625));
#3049=CARTESIAN_POINT('Origin',(-3.8125,1.3125,0.852625));
#3050=CARTESIAN_POINT('Origin',(-4.16481295183101,-2.65004152874644,0.790625));
#3051=CARTESIAN_POINT('',(-4.16481295183101,2.75000009774913,0.790625));
#3052=CARTESIAN_POINT('Origin',(-4.185,2.75000009774913,0.790625));
#3053=CARTESIAN_POINT('',(-4.185,2.75000009774913,0.790625));
#3054=CARTESIAN_POINT('Origin',(4.1925,2.74999979238352,0.790625));
#3055=CARTESIAN_POINT('',(4.19250000000001,-2.65049366812071,0.837625));
#3056=CARTESIAN_POINT('',(4.1925,2.74999999997919,0.837625));
#3057=CARTESIAN_POINT('',(4.1925,1.37499989619176,0.837625));
#3058=CARTESIAN_POINT('',(4.19250000000001,-2.65049366812071,0.867625));
#3059=CARTESIAN_POINT('',(4.19250000000001,-2.65049366812071,0.790625));
#3060=CARTESIAN_POINT('',(4.1925,2.74999999997919,0.867625));
#3061=CARTESIAN_POINT('',(4.19250000000001,-2.65749366812071,0.867625));
#3062=CARTESIAN_POINT('',(4.1925,2.75,0.3953125));
#3063=CARTESIAN_POINT('Origin',(4.22,-2.65749366812071,0.790625));
#3064=CARTESIAN_POINT('',(4.22,2.74999999997919,0.837625));
#3065=CARTESIAN_POINT('',(4.22,-2.65049366812071,0.837625));
#3066=CARTESIAN_POINT('',(4.22,-1.32874683406035,0.837625));
#3067=CARTESIAN_POINT('',(4.22,2.74999999997919,0.867625));
#3068=CARTESIAN_POINT('',(4.22,2.75,0.3953125));
#3069=CARTESIAN_POINT('',(4.22,-2.65049366812071,0.867625));
#3070=CARTESIAN_POINT('',(4.22,2.74999979238352,0.867625));
#3071=CARTESIAN_POINT('',(4.22,-2.65049366812071,0.790625));
#3072=CARTESIAN_POINT('Origin',(4.19250000000001,-2.65049366812071,0.790625));
#3073=CARTESIAN_POINT('',(2.09624999999999,-2.65049366812068,0.837625));
#3074=CARTESIAN_POINT('',(4.19937499999999,-2.65049366812071,0.867625));
#3075=CARTESIAN_POINT('Origin',(4.20625,0.0462530621314057,0.867625));
#3076=CARTESIAN_POINT('',(4.228125,2.75,0.867625));
#3077=CARTESIAN_POINT('Origin',(0.,0.,0.837625));
#3078=CARTESIAN_POINT('',(4.0625,2.75,0.837625));
#3079=CARTESIAN_POINT('',(2.125,2.75,0.837625));
#3080=CARTESIAN_POINT('',(4.0625,-1.375,0.837625));
#3081=CARTESIAN_POINT('',(4.1625,2.55,0.837625));
#3082=CARTESIAN_POINT('',(4.1625,1.30375,0.837625));
#3083=CARTESIAN_POINT('',(4.0625,2.55,0.837625));
#3084=CARTESIAN_POINT('',(2.03125,2.55,0.837625));
#3085=CARTESIAN_POINT('',(4.0625,2.47,0.837625));
#3086=CARTESIAN_POINT('',(4.0625,-1.375,0.837625));
#3087=CARTESIAN_POINT('',(4.1625,2.47,0.837625));
#3088=CARTESIAN_POINT('',(-2.03125,2.47,0.837625));
#3089=CARTESIAN_POINT('',(4.1625,-2.245,0.837625));
#3090=CARTESIAN_POINT('',(4.1625,-1.375,0.837625));
#3091=CARTESIAN_POINT('',(4.0625,-2.245,0.837625));
#3092=CARTESIAN_POINT('',(2.03125,-2.245,0.837625));
#3093=CARTESIAN_POINT('',(4.0625,-2.32,0.837625));
#3094=CARTESIAN_POINT('',(4.0625,-1.375,0.837625));
#3095=CARTESIAN_POINT('',(4.1625,-2.32,0.837625));
#3096=CARTESIAN_POINT('',(2.03125,-2.32,0.837625));
#3097=CARTESIAN_POINT('',(4.1625,-2.4,0.837625));
#3098=CARTESIAN_POINT('',(4.1625,-1.25037497029175,0.837625));
#3099=CARTESIAN_POINT('',(4.0625,-2.4,0.837625));
#3100=CARTESIAN_POINT('',(2.03125,-2.4,0.837625));
#3101=CARTESIAN_POINT('',(4.0625,-2.475,0.837625));
#3102=CARTESIAN_POINT('',(4.0625,-1.375,0.837625));
#3103=CARTESIAN_POINT('',(4.1625,-2.475,0.837625));
#3104=CARTESIAN_POINT('',(2.08125,-2.475,0.837625));
#3105=CARTESIAN_POINT('',(4.1625,-2.67649988116699,0.837625));
#3106=CARTESIAN_POINT('',(4.1625,-1.25037497029175,0.837625));
#3107=CARTESIAN_POINT('',(4.0625,-2.67649988116699,0.837625));
#3108=CARTESIAN_POINT('',(2.03125,-2.67649988116699,0.837625));
#3109=CARTESIAN_POINT('',(4.0625,-2.75,0.837625));
#3110=CARTESIAN_POINT('',(4.0625,-1.375,0.837625));
#3111=CARTESIAN_POINT('',(4.23,-2.75,0.837625));
#3112=CARTESIAN_POINT('',(-2.125,-2.75,0.837625));
#3113=CARTESIAN_POINT('',(4.25,-2.73,0.837625));
#3114=CARTESIAN_POINT('Origin',(4.23,-2.73,0.837625));
#3115=CARTESIAN_POINT('',(4.25,2.73,0.837625));
#3116=CARTESIAN_POINT('',(4.25,-1.375,0.837625));
#3117=CARTESIAN_POINT('',(4.23,2.75,0.837625));
#3118=CARTESIAN_POINT('Origin',(4.23,2.73,0.837625));
#3119=CARTESIAN_POINT('',(2.125,2.75,0.837625));
#3120=CARTESIAN_POINT('Origin',(-2.25,0.375,0.1175));
#3121=CARTESIAN_POINT('',(-2.0245,0.375,0.0875));
#3122=CARTESIAN_POINT('Origin',(-2.25,0.375,0.0875));
#3123=CARTESIAN_POINT('',(-2.0545,0.375,0.1175));
#3124=CARTESIAN_POINT('Origin',(-2.0245,0.375,0.1175));
#3125=CARTESIAN_POINT('Origin',(-2.25,0.375,0.1175));
#3126=CARTESIAN_POINT('Origin',(-1.51302350418328E-18,0.328750000000001,
0.0875));
#3127=CARTESIAN_POINT('',(-4.1525,2.46,0.0874999999999999));
#3128=CARTESIAN_POINT('',(4.1525,2.46,0.0875));
#3129=CARTESIAN_POINT('',(-2.03125,2.46,0.0875));
#3130=CARTESIAN_POINT('',(-4.1525,-1.8275,0.0875));
#3131=CARTESIAN_POINT('',(-4.1525,-1.210625,0.0874999999999999));
#3132=CARTESIAN_POINT('',(4.1525,-1.8275,0.0875));
#3133=CARTESIAN_POINT('',(4.0625,-1.8275,0.0875));
#3134=CARTESIAN_POINT('',(4.1525,-1.210625,0.0875));
#3135=CARTESIAN_POINT('',(2.4755,0.375,0.0875));
#3136=CARTESIAN_POINT('Origin',(2.25,0.375,0.0875));
#3137=CARTESIAN_POINT('',(-4.0425,1.3125,0.0874999999999999));
#3138=CARTESIAN_POINT('Origin',(-3.8125,1.3125,0.0874999999999999));
#3139=CARTESIAN_POINT('',(3.5825,1.3125,0.0875));
#3140=CARTESIAN_POINT('Origin',(3.8125,1.3125,0.0875));
#3141=CARTESIAN_POINT('',(-0.229117025914507,-1.5,0.0875));
#3142=CARTESIAN_POINT('Origin',(0.000882974085493116,-1.5,0.0875));
#3143=CARTESIAN_POINT('Origin',(-2.25,0.375,0.0875));
#3144=CARTESIAN_POINT('',(-2.0545,0.375,0.1975));
#3145=CARTESIAN_POINT('Origin',(-2.25,0.375,0.1975));
#3146=CARTESIAN_POINT('',(-2.0545,0.375,0.0875));
#3147=CARTESIAN_POINT('Origin',(2.25,0.375,0.1175));
#3148=CARTESIAN_POINT('',(2.4455,0.375,0.1175));
#3149=CARTESIAN_POINT('Origin',(2.4755,0.375,0.1175));
#3150=CARTESIAN_POINT('Origin',(2.25,0.375,0.1175));
#3151=CARTESIAN_POINT('Origin',(2.25,0.375,0.0875));
#3152=CARTESIAN_POINT('',(2.4455,0.375,0.1925));
#3153=CARTESIAN_POINT('Origin',(2.25,0.375,0.1925));
#3154=CARTESIAN_POINT('',(2.4455,0.375,0.0875));
#3155=CARTESIAN_POINT('Origin',(2.25,0.375,0.1925));
#3156=CARTESIAN_POINT('',(2.1545,0.375,0.1925));
#3157=CARTESIAN_POINT('Origin',(2.25,0.375,0.1925));
#3158=CARTESIAN_POINT('Origin',(-2.25,0.375,0.1975));
#3159=CARTESIAN_POINT('',(-2.3455,0.375,0.1975));
#3160=CARTESIAN_POINT('Origin',(-2.25,0.375,0.1975));
#3161=CARTESIAN_POINT('Origin',(-2.03125,2.46,0.0975));
#3162=CARTESIAN_POINT('',(-4.1625,2.47,0.0974999999999999));
#3163=CARTESIAN_POINT('Origin',(-4.1525,2.46,0.0974999999999999));
#3164=CARTESIAN_POINT('',(4.1625,2.47,0.0975));
#3165=CARTESIAN_POINT('Origin',(4.1525,2.46,0.0975));
#3166=CARTESIAN_POINT('',(-2.03125,2.47,0.0975));
#3167=CARTESIAN_POINT('Origin',(4.1525,-1.210625,0.0975));
#3168=CARTESIAN_POINT('',(4.1625,-1.82997448713916,0.0975));
#3169=CARTESIAN_POINT('Ctrl Pts',(4.1625,-1.82997448713916,0.0975));
#3170=CARTESIAN_POINT('Ctrl Pts',(4.1625,-1.82961069187045,0.0962527019358568));
#3171=CARTESIAN_POINT('Ctrl Pts',(4.16225225712533,-1.82924300166533,0.0949121811781774));
#3172=CARTESIAN_POINT('Ctrl Pts',(4.16122404338973,-1.82860408654002,0.0924310362549083));
#3173=CARTESIAN_POINT('Ctrl Pts',(4.16044307441449,-1.82833181071036,0.0912908892903775));
#3174=CARTESIAN_POINT('Ctrl Pts',(4.15865163575529,-1.82792640306471,0.089519632654903));
#3175=CARTESIAN_POINT('Ctrl Pts',(4.15753623580407,-1.82776282508367,0.0887597778368396));
#3176=CARTESIAN_POINT('Ctrl Pts',(4.15508659394774,-1.82755018628087,0.0877498877536657));
#3177=CARTESIAN_POINT('Ctrl Pts',(4.15375238905554,-1.8275,0.0875));
#3178=CARTESIAN_POINT('Ctrl Pts',(4.1525,-1.8275,0.0875));
#3179=CARTESIAN_POINT('',(4.1625,-1.210625,0.0975));
#3180=CARTESIAN_POINT('Origin',(-4.0625,2.47,0.1875));
#3181=CARTESIAN_POINT('',(4.1625,2.47,0.625));
#3182=CARTESIAN_POINT('',(4.0625,2.47,0.1875));
#3183=CARTESIAN_POINT('',(4.0625,2.47,0.625));
#3184=CARTESIAN_POINT('',(-4.0625,2.47,0.1875));
#3185=CARTESIAN_POINT('',(0.,2.47,0.1875));
#3186=CARTESIAN_POINT('',(-4.0625,2.47,0.1875));
#3187=CARTESIAN_POINT('',(-4.1625,2.47,0.1875));
#3188=CARTESIAN_POINT('Ctrl Pts',(4.2499999831478,2.72998202532837,0.0500285891604558));
#3189=CARTESIAN_POINT('Ctrl Pts',(4.25000434667363,2.72998464171721,0.0425417595990683));
#3190=CARTESIAN_POINT('Ctrl Pts',(4.24658691891887,2.72793553751341,0.0276030178332751));
#3191=CARTESIAN_POINT('Ctrl Pts',(4.22985731819923,2.71790352935021,0.00656274348290976));
#3192=CARTESIAN_POINT('Ctrl Pts',(4.21122254084622,2.70672941717429,-2.24412212159491E-20));
#3193=CARTESIAN_POINT('Ctrl Pts',(4.2,2.7,-1.89158628235004E-31));
#3194=CARTESIAN_POINT('Ctrl Pts',(4.25000495271339,2.73522405398701,0.050031620654556));
#3195=CARTESIAN_POINT('Ctrl Pts',(4.2500104503561,2.73522785400236,0.0417507790510139));
#3196=CARTESIAN_POINT('Ctrl Pts',(4.24570421096149,2.7322513546913,0.0254393468719399));
#3197=CARTESIAN_POINT('Ctrl Pts',(4.22788466349444,2.71988837241029,0.00551036082813365));
#3198=CARTESIAN_POINT('Ctrl Pts',(4.2104736869009,2.70747827111962,6.52397525262481E-18));
#3199=CARTESIAN_POINT('Ctrl Pts',(4.2,2.7,-1.89158628235003E-31));
#3200=CARTESIAN_POINT('Ctrl Pts',(4.24566318168822,2.74566318168795,0.0500350624229011));
#3201=CARTESIAN_POINT('Ctrl Pts',(4.24566929851238,2.7456692985121,0.0408527113874536));
#3202=CARTESIAN_POINT('Ctrl Pts',(4.24087754442879,2.74087754442854,0.0230423355517226));
#3203=CARTESIAN_POINT('Ctrl Pts',(4.22388938882106,2.72388938882091,0.0044824802310097));
#3204=CARTESIAN_POINT('Ctrl Pts',(4.20897597901028,2.70897597901023,1.9616808200074E-17));
#3205=CARTESIAN_POINT('Ctrl Pts',(4.2,2.7,-1.89158628235003E-31));
#3206=CARTESIAN_POINT('Ctrl Pts',(4.2352240539874,2.75000495271323,0.0500316206545561));
#3207=CARTESIAN_POINT('Ctrl Pts',(4.23522785400275,2.75001045035594,0.0417507790509805));
#3208=CARTESIAN_POINT('Ctrl Pts',(4.23225135469162,2.74570421096132,0.0254393468718509));
#3209=CARTESIAN_POINT('Ctrl Pts',(4.21988837241044,2.72788466349429,0.00551036082809552));
#3210=CARTESIAN_POINT('Ctrl Pts',(4.20747827111967,2.71047368690085,3.27096411474566E-17));
#3211=CARTESIAN_POINT('Ctrl Pts',(4.2,2.7,-1.89158628235003E-31));
#3212=CARTESIAN_POINT('Ctrl Pts',(4.22998202532896,2.7499999831478,0.0500285891604561));
#3213=CARTESIAN_POINT('Ctrl Pts',(4.22998464171779,2.75000434667364,0.0425417595989801));
#3214=CARTESIAN_POINT('Ctrl Pts',(4.2279355375139,2.74658691891876,0.0276030178330338));
#3215=CARTESIAN_POINT('Ctrl Pts',(4.21790352935043,2.72985731819901,0.00656274348279247));
#3216=CARTESIAN_POINT('Ctrl Pts',(4.20672941717438,2.71122254084613,3.92560576210329E-17));
#3217=CARTESIAN_POINT('Ctrl Pts',(4.2,2.7,-1.89158628235003E-31));
#3218=CARTESIAN_POINT('',(4.25,2.73,0.05));
#3219=CARTESIAN_POINT('',(4.2,2.7,1.09273919746571E-17));
#3220=CARTESIAN_POINT('Origin',(4.2,2.7,0.05));
#3221=CARTESIAN_POINT('',(4.23,2.75,0.05));
#3222=CARTESIAN_POINT('Origin',(4.2,2.7,0.05));
#3223=CARTESIAN_POINT('Origin',(4.23,2.73,0.05));
#3224=CARTESIAN_POINT('Ctrl Pts',(-4.22998202532837,2.7499999831478,0.0500285891604559));
#3225=CARTESIAN_POINT('Ctrl Pts',(-4.22998464171721,2.75000434667363,0.0425417595990685));
#3226=CARTESIAN_POINT('Ctrl Pts',(-4.22793553751341,2.74658691891886,0.0276030178332753));
#3227=CARTESIAN_POINT('Ctrl Pts',(-4.21790352935021,2.72985731819923,0.00656274348290955));
#3228=CARTESIAN_POINT('Ctrl Pts',(-4.20672941717429,2.71122254084622,1.09273919746571E-17));
#3229=CARTESIAN_POINT('Ctrl Pts',(-4.2,2.7,1.09273919746571E-17));
#3230=CARTESIAN_POINT('Ctrl Pts',(-4.23522405398701,2.75000495271339,0.0500316206545561));
#3231=CARTESIAN_POINT('Ctrl Pts',(-4.23522785400236,2.7500104503561,0.0417507790510141));
#3232=CARTESIAN_POINT('Ctrl Pts',(-4.23225135469129,2.7457042109615,0.0254393468719399));
#3233=CARTESIAN_POINT('Ctrl Pts',(-4.21988837241029,2.72788466349444,0.00551036082813341));
#3234=CARTESIAN_POINT('Ctrl Pts',(-4.20747827111962,2.7104736869009,1.09273919746571E-17));
#3235=CARTESIAN_POINT('Ctrl Pts',(-4.2,2.7,1.09273919746571E-17));
#3236=CARTESIAN_POINT('Ctrl Pts',(-4.24566318168794,2.74566318168822,0.0500350624229012));
#3237=CARTESIAN_POINT('Ctrl Pts',(-4.2456692985121,2.74566929851238,0.0408527113874537));
#3238=CARTESIAN_POINT('Ctrl Pts',(-4.24087754442854,2.74087754442879,0.0230423355517227));
#3239=CARTESIAN_POINT('Ctrl Pts',(-4.2238893888209,2.72388938882105,0.00448248023100944));
#3240=CARTESIAN_POINT('Ctrl Pts',(-4.20897597901022,2.70897597901029,1.09273919746571E-17));
#3241=CARTESIAN_POINT('Ctrl Pts',(-4.2,2.7,1.09273919746571E-17));
#3242=CARTESIAN_POINT('Ctrl Pts',(-4.25000495271323,2.7352240539874,0.0500316206545563));
#3243=CARTESIAN_POINT('Ctrl Pts',(-4.25001045035594,2.73522785400275,0.0417507790509805));
#3244=CARTESIAN_POINT('Ctrl Pts',(-4.24570421096132,2.73225135469162,0.0254393468718502));
#3245=CARTESIAN_POINT('Ctrl Pts',(-4.22788466349429,2.71988837241044,0.00551036082809488));
#3246=CARTESIAN_POINT('Ctrl Pts',(-4.21047368690085,2.70747827111967,1.09273919746571E-17));
#3247=CARTESIAN_POINT('Ctrl Pts',(-4.2,2.7,1.09273919746571E-17));
#3248=CARTESIAN_POINT('Ctrl Pts',(-4.2499999831478,2.72998202532896,0.0500285891604562));
#3249=CARTESIAN_POINT('Ctrl Pts',(-4.25000434667364,2.7299846417178,0.0425417595989797));
#3250=CARTESIAN_POINT('Ctrl Pts',(-4.24658691891877,2.7279355375139,0.0276030178330325));
#3251=CARTESIAN_POINT('Ctrl Pts',(-4.229857318199,2.71790352935044,0.00656274348279134));
#3252=CARTESIAN_POINT('Ctrl Pts',(-4.21122254084613,2.70672941717438,1.09273919746571E-17));
#3253=CARTESIAN_POINT('Ctrl Pts',(-4.2,2.7,1.09273919746571E-17));
#3254=CARTESIAN_POINT('',(-4.23,2.75,0.05));
#3255=CARTESIAN_POINT('',(-4.2,2.7,0.));
#3256=CARTESIAN_POINT('Origin',(-4.2,2.7,0.05));
#3257=CARTESIAN_POINT('',(-4.25,2.73,0.05));
#3258=CARTESIAN_POINT('Origin',(-4.2,2.7,0.05));
#3259=CARTESIAN_POINT('Origin',(-4.23,2.73,0.05));
#3260=CARTESIAN_POINT('Origin',(-4.2,1.375,0.05));
#3261=CARTESIAN_POINT('',(-4.2,-1.95,0.));
#3262=CARTESIAN_POINT('',(-4.2,1.375,0.));
#3263=CARTESIAN_POINT('',(-4.25,-1.95,0.05));
#3264=CARTESIAN_POINT('Origin',(-4.2,-1.95,0.05));
#3265=CARTESIAN_POINT('',(-4.25,1.375,0.05));
#3266=CARTESIAN_POINT('Origin',(2.125,2.7,0.05));
#3267=CARTESIAN_POINT('',(2.125,2.7,0.));
#3268=CARTESIAN_POINT('',(2.125,2.75,0.05));
#3269=CARTESIAN_POINT('Origin',(4.2,-1.375,0.05));
#3270=CARTESIAN_POINT('',(4.25,-1.95,0.05));
#3271=CARTESIAN_POINT('',(4.25,-1.375,0.05));
#3272=CARTESIAN_POINT('',(4.2,-1.95,0.));
#3273=CARTESIAN_POINT('Origin',(4.2,-1.95,0.05));
#3274=CARTESIAN_POINT('',(4.2,-1.375,0.));
#3275=CARTESIAN_POINT('Origin',(4.23,2.73,0.));
#3276=CARTESIAN_POINT('',(4.23,2.75,0.));
#3277=CARTESIAN_POINT('',(4.25,2.73,0.));
#3278=CARTESIAN_POINT('Origin',(4.25,2.75,0.));
#3279=CARTESIAN_POINT('',(-4.0625,2.75,0.1875));
#3280=CARTESIAN_POINT('',(-4.0625,2.75,0.09375));
#3281=CARTESIAN_POINT('',(4.0625,2.75,0.1875));
#3282=CARTESIAN_POINT('',(4.15625,2.75,0.1875));
#3283=CARTESIAN_POINT('',(4.0625,2.75,0.53125));
#3284=CARTESIAN_POINT('',(-4.23,2.75,0.));
#3285=CARTESIAN_POINT('Origin',(-4.23,2.73,0.));
#3286=CARTESIAN_POINT('',(-4.25,2.73,0.));
#3287=CARTESIAN_POINT('Origin',(-4.25,2.75,0.));
#3288=CARTESIAN_POINT('',(-4.25,-1.95,0.15));
#3289=CARTESIAN_POINT('',(-4.25,-1.95,0.));
#3290=CARTESIAN_POINT('',(-4.25000000000001,-2.04029747843849,0.15));
#3291=CARTESIAN_POINT('',(-4.25,0.377425630390379,0.15));
#3292=CARTESIAN_POINT('',(-4.25000000000001,-2.04029747843849,0.));
#3293=CARTESIAN_POINT('',(-4.25,-2.04029747843848,0.));
#3294=CARTESIAN_POINT('',(-4.25,-2.73,0.));
#3295=CARTESIAN_POINT('',(-4.25,-2.75,0.));
#3296=CARTESIAN_POINT('',(-4.25,-2.73,0.790625));
#3297=CARTESIAN_POINT('Origin',(4.23,-2.73,0.));
#3298=CARTESIAN_POINT('',(4.23,-2.75,0.));
#3299=CARTESIAN_POINT('',(4.23,-2.75,0.));
#3300=CARTESIAN_POINT('',(4.25,-2.73,0.));
#3301=CARTESIAN_POINT('Origin',(4.23,-2.73,0.));
#3302=CARTESIAN_POINT('',(4.25,-2.73,0.));
#3303=CARTESIAN_POINT('Origin',(0.,0.,0.));
#3304=CARTESIAN_POINT('',(-4.23,-2.75,0.));
#3305=CARTESIAN_POINT('',(4.25,-2.75,0.));
#3306=CARTESIAN_POINT('Origin',(-4.23,-2.73,0.));
#3307=CARTESIAN_POINT('',(4.25,-2.04029747843848,0.));
#3308=CARTESIAN_POINT('',(-2.12500000000001,-2.04029747843848,0.));
#3309=CARTESIAN_POINT('',(4.25,2.75,0.));
#3310=CARTESIAN_POINT('Origin',(-4.25,-2.75,0.));
#3311=CARTESIAN_POINT('',(4.0625,-2.75,0.1875));
#3312=CARTESIAN_POINT('',(4.0625,-2.75,0.53125));
#3313=CARTESIAN_POINT('',(-4.0625,-2.75,0.1875));
#3314=CARTESIAN_POINT('',(-0.09375,-2.75,0.1875));
#3315=CARTESIAN_POINT('',(-4.0625,-2.75,0.790625));
#3316=CARTESIAN_POINT('',(-4.23,-2.75,0.790625));
#3317=CARTESIAN_POINT('',(-4.171875,-2.75,0.125));
#3318=CARTESIAN_POINT('Origin',(-4.125,-2.75,0.125));
#3319=CARTESIAN_POINT('',(4.078125,-2.75,0.125));
#3320=CARTESIAN_POINT('Origin',(4.125,-2.75,0.125));
#3321=CARTESIAN_POINT('Origin',(-4.23,-2.73,0.));
#3322=CARTESIAN_POINT('Origin',(4.25,-2.75,0.));
#3323=CARTESIAN_POINT('',(4.25,-2.04029747843848,0.15));
#3324=CARTESIAN_POINT('',(4.25,-2.04029747843848,0.));
#3325=CARTESIAN_POINT('',(4.25,-1.95,0.15));
#3326=CARTESIAN_POINT('',(4.25,-2.37257436960962,0.15));
#3327=CARTESIAN_POINT('',(4.25,-1.95,0.));
#3328=CARTESIAN_POINT('Origin',(-3.8125,1.3125,0.1275));
#3329=CARTESIAN_POINT('',(-3.6225,1.3125,0.1275));
#3330=CARTESIAN_POINT('',(-4.0025,1.3125,0.1275));
#3331=CARTESIAN_POINT('Origin',(-3.8125,1.3125,0.1275));
#3332=CARTESIAN_POINT('Origin',(-4.0425,1.3125,0.1275));
#3333=CARTESIAN_POINT('Origin',(-3.8125,1.3125,0.1275));
#3334=CARTESIAN_POINT('Origin',(-3.8125,1.3125,0.1875));
#3335=CARTESIAN_POINT('',(-3.6225,1.3125,0.1875));
#3336=CARTESIAN_POINT('',(-3.6225,1.3125,0.1875));
#3337=CARTESIAN_POINT('Origin',(-3.8125,1.3125,0.1875));
#3338=CARTESIAN_POINT('Origin',(0.000882974085493116,-1.5,0.1275));
#3339=CARTESIAN_POINT('',(0.190882974085493,-1.5,0.1275));
#3340=CARTESIAN_POINT('',(-0.189117025914507,-1.5,0.1275));
#3341=CARTESIAN_POINT('Origin',(0.000882974085493116,-1.5,0.1275));
#3342=CARTESIAN_POINT('Origin',(-0.229117025914507,-1.5,0.1275));
#3343=CARTESIAN_POINT('Origin',(0.000882974085493116,-1.5,0.1275));
#3344=CARTESIAN_POINT('Origin',(0.000882974085493116,-1.5,0.1875));
#3345=CARTESIAN_POINT('',(0.190882974085493,-1.5,0.1875));
#3346=CARTESIAN_POINT('',(0.190882974085493,-1.5,0.1875));
#3347=CARTESIAN_POINT('Origin',(0.000882974085493116,-1.5,0.1875));
#3348=CARTESIAN_POINT('Origin',(3.8125,1.3125,0.1275));
#3349=CARTESIAN_POINT('',(4.0025,1.3125,0.1275));
#3350=CARTESIAN_POINT('',(3.6225,1.3125,0.1275));
#3351=CARTESIAN_POINT('Origin',(3.8125,1.3125,0.1275));
#3352=CARTESIAN_POINT('Origin',(3.5825,1.3125,0.1275));
#3353=CARTESIAN_POINT('Origin',(3.8125,1.3125,0.1275));
#3354=CARTESIAN_POINT('Origin',(3.8125,1.3125,0.1875));
#3355=CARTESIAN_POINT('',(4.0025,1.3125,0.1875));
#3356=CARTESIAN_POINT('',(4.0025,1.3125,0.1875));
#3357=CARTESIAN_POINT('Origin',(3.8125,1.3125,0.1875));
#3358=CARTESIAN_POINT('Origin',(-4.1525,-1.210625,0.0974999999999999));
#3359=CARTESIAN_POINT('',(-4.1625,-1.82997448713916,0.0974999999999999));
#3360=CARTESIAN_POINT('',(-4.1625,-1.210625,0.0974999999999999));
#3361=CARTESIAN_POINT('Ctrl Pts',(-4.1525,-1.8275,0.0874999999999999));
#3362=CARTESIAN_POINT('Ctrl Pts',(-4.15376199835717,-1.8275,0.0874999999999999));
#3363=CARTESIAN_POINT('Ctrl Pts',(-4.15510574815289,-1.82755094299056,0.0877537060336919));
#3364=CARTESIAN_POINT('Ctrl Pts',(-4.15756986768467,-1.82776667002093,0.088777809417914));
#3365=CARTESIAN_POINT('Ctrl Pts',(-4.15869019648411,-1.82793261273021,0.0895480608603787));
#3366=CARTESIAN_POINT('Ctrl Pts',(-4.16047125056607,-1.82834087731378,0.0913291149423419));
#3367=CARTESIAN_POINT('Ctrl Pts',(-4.16124176345368,-1.82861233620036,0.092464152523337));
#3368=CARTESIAN_POINT('Ctrl Pts',(-4.1622558878724,-1.82924807759586,0.0949307902501205));
#3369=CARTESIAN_POINT('Ctrl Pts',(-4.1625,-1.82961338086412,0.0962619213427373));
#3370=CARTESIAN_POINT('Ctrl Pts',(-4.1625,-1.82997448713916,0.0974999999999999));
#3371=CARTESIAN_POINT('Origin',(-4.1625,-2.75,0.1875));
#3372=CARTESIAN_POINT('',(-4.1625,-2.245,0.0874999999999999));
#3373=CARTESIAN_POINT('',(-4.1625,-2.245,0.1875));
#3374=CARTESIAN_POINT('',(-4.1625,-2.15,0.0874999999999999));
#3375=CARTESIAN_POINT('',(-4.1625,-2.475,0.0874999999999999));
#3376=CARTESIAN_POINT('',(-4.1625,-2.02752551286084,0.1875));
#3377=CARTESIAN_POINT('Origin',(-4.1625,-2.02752551286084,0.0625));
#3378=CARTESIAN_POINT('',(-4.1625,-1.94997448713916,0.1875));
#3379=CARTESIAN_POINT('',(-4.1625,2.485,0.1875));
#3380=CARTESIAN_POINT('Origin',(-4.1625,-1.94997448713916,0.0625));
#3381=CARTESIAN_POINT('Origin',(4.1625,-2.75,1.0625));
#3382=CARTESIAN_POINT('',(4.1625,-1.94997448713916,0.1875));
#3383=CARTESIAN_POINT('Origin',(4.1625,-1.94997448713916,0.0625));
#3384=CARTESIAN_POINT('',(4.1625,-2.02752551286084,0.1875));
#3385=CARTESIAN_POINT('',(4.1625,2.485,0.1875));
#3386=CARTESIAN_POINT('',(4.1625,-2.15,0.0875));
#3387=CARTESIAN_POINT('Origin',(4.1625,-2.02752551286084,0.0625));
#3388=CARTESIAN_POINT('',(4.1625,-2.245,0.0874999999999999));
#3389=CARTESIAN_POINT('',(4.1625,-2.475,0.0874999999999999));
#3390=CARTESIAN_POINT('',(4.1625,-2.245,0.625));
#3391=CARTESIAN_POINT('Origin',(4.0625,-1.94997448713916,0.0625));
#3392=CARTESIAN_POINT('',(4.0625,-1.94997448713916,0.1875));
#3393=CARTESIAN_POINT('Origin',(-4.0625,-2.02752551286084,0.0625));
#3394=CARTESIAN_POINT('',(-4.0625,-2.02752551286084,0.1875));
#3395=CARTESIAN_POINT('',(-4.0625,-2.15,0.0874999999999999));
#3396=CARTESIAN_POINT('Origin',(4.1625,-2.475,1.0625));
#3397=CARTESIAN_POINT('',(4.0625,-2.475,0.1875));
#3398=CARTESIAN_POINT('',(4.0625,-2.475,1.0625));
#3399=CARTESIAN_POINT('',(4.1625,-2.475,0.1875));
#3400=CARTESIAN_POINT('',(4.1125,-2.475,0.1875));
#3401=CARTESIAN_POINT('',(4.1625,-2.475,0.84375));
#3402=CARTESIAN_POINT('Origin',(4.0625,-2.4,1.0625));
#3403=CARTESIAN_POINT('',(4.1625,-2.4,0.0875));
#3404=CARTESIAN_POINT('',(4.1625,-2.4,0.84375));
#3405=CARTESIAN_POINT('',(4.0625,-2.4,0.0875));
#3406=CARTESIAN_POINT('',(4.0625,-2.4,0.0874999999999999));
#3407=CARTESIAN_POINT('',(4.0625,-2.4,1.0625));
#3408=CARTESIAN_POINT('Origin',(4.1625,-2.50074994058349,0.625));
#3409=CARTESIAN_POINT('',(4.1625,-2.67649988116699,0.1875));
#3410=CARTESIAN_POINT('',(4.1625,-2.325,0.1875));
#3411=CARTESIAN_POINT('',(4.1625,-2.67649988116699,0.1875));
#3412=CARTESIAN_POINT('Origin',(4.0625,-2.75,0.1875));
#3413=CARTESIAN_POINT('',(4.0625,-2.67649997578349,0.1875));
#3414=CARTESIAN_POINT('',(4.0625,-2.71324994058349,0.1875));
#3415=CARTESIAN_POINT('',(4.0625,-2.67649988116699,0.1875));
#3416=CARTESIAN_POINT('Origin',(-4.0625,-2.475,1.0625));
#3417=CARTESIAN_POINT('',(-4.1625,-2.475,0.1875));
#3418=CARTESIAN_POINT('',(-4.1625,-2.475,0.84375));
#3419=CARTESIAN_POINT('',(-4.0625,-2.475,0.1875));
#3420=CARTESIAN_POINT('',(3.53038817642766E-18,-2.475,0.1875));
#3421=CARTESIAN_POINT('',(-4.0625,-2.475,1.0625));
#3422=CARTESIAN_POINT('Origin',(-4.1625,-2.4,1.0625));
#3423=CARTESIAN_POINT('',(-4.0625,-2.4,0.0874999999999999));
#3424=CARTESIAN_POINT('',(-4.0625,-2.4,1.0625));
#3425=CARTESIAN_POINT('',(-4.1625,-2.4,0.0874999999999999));
#3426=CARTESIAN_POINT('',(-0.0499999999999999,-2.4,0.0874999999999999));
#3427=CARTESIAN_POINT('',(-4.1625,-2.4,0.84375));
#3428=CARTESIAN_POINT('Origin',(-4.1625,-2.50074994058349,0.625));
#3429=CARTESIAN_POINT('',(-4.1625,-2.64049988116699,0.1875));
#3430=CARTESIAN_POINT('',(-4.1625,-2.64049988116699,0.84375));
#3431=CARTESIAN_POINT('',(-4.1625,-2.325,0.1875));
#3432=CARTESIAN_POINT('Origin',(-4.1625,-2.50074994058349,0.625));
#3433=CARTESIAN_POINT('',(-4.1625,-2.32,0.0874999999999999));
#3434=CARTESIAN_POINT('',(-4.1625,-2.62537497029175,0.0874999999999999));
#3435=CARTESIAN_POINT('',(-4.1625,-2.32,0.40625));
#3436=CARTESIAN_POINT('Origin',(4.0625,-2.75,0.1875));
#3437=CARTESIAN_POINT('',(-4.0625,-2.64049988116699,0.1875));
#3438=CARTESIAN_POINT('',(-4.0625,-2.75,0.1875));
#3439=CARTESIAN_POINT('',(3.53038817642766E-18,-2.64049988116699,0.1875));
#3440=CARTESIAN_POINT('Origin',(-4.0625,-2.75,0.1875));
#3441=CARTESIAN_POINT('',(-4.0625,2.55,0.1875));
#3442=CARTESIAN_POINT('',(-4.0625,-2.75,0.1875));
#3443=CARTESIAN_POINT('',(-4.0625,2.55,0.1875));
#3444=CARTESIAN_POINT('Origin',(4.0625,-2.75,0.1875));
#3445=CARTESIAN_POINT('',(-4.0625,-2.67650007037866,0.1875));
#3446=CARTESIAN_POINT('',(-4.0625,-2.75,0.1875));
#3447=CARTESIAN_POINT('',(4.0625,-2.75,0.1875));
#3448=CARTESIAN_POINT('',(4.0625,-2.6765000704,0.1875));
#3449=CARTESIAN_POINT('Origin',(-4.0625,-2.64049988116699,1.0625));
#3450=CARTESIAN_POINT('',(-4.0625,-2.64049988116699,0.625));
#3451=CARTESIAN_POINT('Origin',(4.0625,-2.75,0.0875));
#3452=CARTESIAN_POINT('',(4.1625,-2.32,0.0875));
#3453=CARTESIAN_POINT('',(4.1625,-2.62537497029175,0.0875));
#3454=CARTESIAN_POINT('',(4.0625,-2.32,0.0875));
#3455=CARTESIAN_POINT('',(-4.0625,-2.6765000704,0.0874999999999999));
#3456=CARTESIAN_POINT('',(-4.0625,-2.675,0.0874999999999999));
#3457=CARTESIAN_POINT('',(4.0625,-2.6765000704,0.0875));
#3458=CARTESIAN_POINT('',(2.03125,-2.6765000704,0.0875));
#3459=CARTESIAN_POINT('',(4.0625,-2.325,0.0875));
#3460=CARTESIAN_POINT('Origin',(-4.0625,-2.75,0.1875));
#3461=CARTESIAN_POINT('',(-4.0625,-2.6765000704,0.1875));
#3462=CARTESIAN_POINT('Origin',(-4.0625,-2.75,0.1875));
#3463=CARTESIAN_POINT('',(-4.0625,-2.245,0.1875));
#3464=CARTESIAN_POINT('',(-4.0625,-2.245,0.1875));
#3465=CARTESIAN_POINT('',(-4.0625,-2.32,0.1875));
#3466=CARTESIAN_POINT('',(-4.0625,-2.32,0.1875));
#3467=CARTESIAN_POINT('',(-4.0625,-2.75,0.1875));
#3468=CARTESIAN_POINT('Origin',(4.0625,-2.75,1.0625));
#3469=CARTESIAN_POINT('',(4.0625,2.55,0.1875));
#3470=CARTESIAN_POINT('',(4.0625,2.55,0.625));
#3471=CARTESIAN_POINT('',(4.0625,-2.75,0.1875));
#3472=CARTESIAN_POINT('Origin',(4.0625,-2.67649988116699,1.0625));
#3473=CARTESIAN_POINT('',(4.0625,-2.67649988116699,1.0625));
#3474=CARTESIAN_POINT('Origin',(4.0625,-2.32,0.1875));
#3475=CARTESIAN_POINT('',(4.1625,-2.32,0.40625));
#3476=CARTESIAN_POINT('',(4.0625,-2.32,0.1875));
#3477=CARTESIAN_POINT('',(4.0625,-2.32,0.625));
#3478=CARTESIAN_POINT('',(4.0625,-2.32,0.1875));
#3479=CARTESIAN_POINT('Origin',(4.1625,-2.50074994058349,0.625));
#3480=CARTESIAN_POINT('Origin',(4.0625,-2.75,1.0625));
#3481=CARTESIAN_POINT('Origin',(4.0625,-2.75,1.0625));
#3482=CARTESIAN_POINT('',(4.0625,-2.6765000704,0.625));
#3483=CARTESIAN_POINT('Origin',(4.0625,-2.75,1.0625));
#3484=CARTESIAN_POINT('',(4.0625,-2.245,0.1875));
#3485=CARTESIAN_POINT('',(4.0625,-2.245,0.625));
#3486=CARTESIAN_POINT('',(4.0625,-2.75,0.1875));
#3487=CARTESIAN_POINT('Origin',(4.0625,-2.25,0.1875));
#3488=CARTESIAN_POINT('',(4.0625,2.55,0.1875));
#3489=CARTESIAN_POINT('Origin',(4.0625,-2.25,0.1875));
#3490=CARTESIAN_POINT('Origin',(4.0625,-2.25,0.1875));
#3491=CARTESIAN_POINT('',(4.0625,-2.245,0.1875));
#3492=CARTESIAN_POINT('Origin',(4.0625,-2.245,0.1875));
#3493=CARTESIAN_POINT('',(2.03125,-2.245,0.0874999999999999));
#3494=CARTESIAN_POINT('Origin',(0.,-2.2,0.0874999999999999));
#3495=CARTESIAN_POINT('Origin',(4.0625,-2.6765000704,0.1875));
#3496=CARTESIAN_POINT('Origin',(-4.0625,2.655,0.1875));
#3497=CARTESIAN_POINT('',(4.0625,-2.75,0.1875));
#3498=CARTESIAN_POINT('',(-4.0625,-2.75,0.1875));
#3499=CARTESIAN_POINT('Origin',(-4.0625,-2.75,0.1875));
#3500=CARTESIAN_POINT('Origin',(4.1625,2.6075,0.575));
#3501=CARTESIAN_POINT('',(4.1625,2.55,0.38125));
#3502=CARTESIAN_POINT('Origin',(4.0625,-2.75,1.0625));
#3503=CARTESIAN_POINT('Origin',(-3.8125,1.3125,0.1875));
#3504=CARTESIAN_POINT('',(-3.6225,1.3125,0.1875));
#3505=CARTESIAN_POINT('Origin',(0.000882974085493116,-1.5,0.1875));
#3506=CARTESIAN_POINT('',(0.190882974085493,-1.5,0.1875));
#3507=CARTESIAN_POINT('Origin',(3.8125,1.3125,0.1875));
#3508=CARTESIAN_POINT('',(4.0025,1.3125,0.1875));
#3509=CARTESIAN_POINT('Origin',(4.0625,2.55,0.1875));
#3510=CARTESIAN_POINT('Origin',(-4.125,-2.75,0.125));
#3511=CARTESIAN_POINT('',(-4.171875,-2.5,0.125));
#3512=CARTESIAN_POINT('',(-4.171875,-2.75,0.125));
#3513=CARTESIAN_POINT('Origin',(-4.125,-2.5,0.125));
#3514=CARTESIAN_POINT('Origin',(-4.125,-2.5,0.125));
#3515=CARTESIAN_POINT('Origin',(4.125,-2.75,0.125));
#3516=CARTESIAN_POINT('',(4.078125,-2.5,0.125));
#3517=CARTESIAN_POINT('',(4.078125,-2.75,0.125));
#3518=CARTESIAN_POINT('Origin',(4.125,-2.5,0.125));
#3519=CARTESIAN_POINT('Origin',(4.125,-2.5,0.125));
#3520=CARTESIAN_POINT('Origin',(2.25,0.375,0.));
#3521=CARTESIAN_POINT('',(2.1545,0.375,0.));
#3522=CARTESIAN_POINT('Origin',(2.25,0.375,0.));
#3523=CARTESIAN_POINT('',(2.1545,0.375,0.));
#3524=CARTESIAN_POINT('Origin',(-2.25,0.375,0.));
#3525=CARTESIAN_POINT('',(-2.3455,0.375,0.));
#3526=CARTESIAN_POINT('Origin',(-2.25,0.375,0.));
#3527=CARTESIAN_POINT('',(-2.3455,0.375,0.));
#3528=CARTESIAN_POINT('Origin',(0.000882974085493116,-1.5,0.1));
#3529=CARTESIAN_POINT('',(0.138382974085493,-1.5,0.1));
#3530=CARTESIAN_POINT('Origin',(0.000882974085493116,-1.5,0.1));
#3531=CARTESIAN_POINT('',(0.0758829740854931,-1.5,0.1));
#3532=CARTESIAN_POINT('Origin',(0.000882974085493116,-1.5,0.1));
#3533=CARTESIAN_POINT('Origin',(0.000882974085493116,-1.5,0.05));
#3534=CARTESIAN_POINT('',(0.138382974085493,-1.5,0.));
#3535=CARTESIAN_POINT('Origin',(0.000882974085493116,-1.5,0.));
#3536=CARTESIAN_POINT('',(0.138382974085493,-1.5,0.05));
#3537=CARTESIAN_POINT('Origin',(0.000882974085493116,-1.5,0.5315));
#3538=CARTESIAN_POINT('',(0.0758829740854931,-1.5,0.5315));
#3539=CARTESIAN_POINT('Origin',(3.8125,1.3125,0.1));
#3540=CARTESIAN_POINT('',(3.95,1.3125,0.1));
#3541=CARTESIAN_POINT('Origin',(3.8125,1.3125,0.1));
#3542=CARTESIAN_POINT('',(3.8875,1.3125,0.1));
#3543=CARTESIAN_POINT('Origin',(3.8125,1.3125,0.1));
#3544=CARTESIAN_POINT('Origin',(3.8125,1.3125,0.05));
#3545=CARTESIAN_POINT('',(3.95,1.3125,0.));
#3546=CARTESIAN_POINT('Origin',(3.8125,1.3125,0.));
#3547=CARTESIAN_POINT('',(3.95,1.3125,0.05));
#3548=CARTESIAN_POINT('Origin',(3.8125,1.3125,0.5315));
#3549=CARTESIAN_POINT('',(3.8875,1.3125,0.5315));
#3550=CARTESIAN_POINT('Origin',(-3.8125,1.3125,0.1));
#3551=CARTESIAN_POINT('',(-3.675,1.3125,0.1));
#3552=CARTESIAN_POINT('Origin',(-3.8125,1.3125,0.1));
#3553=CARTESIAN_POINT('',(-3.7375,1.3125,0.1));
#3554=CARTESIAN_POINT('Origin',(-3.8125,1.3125,0.1));
#3555=CARTESIAN_POINT('Origin',(-3.8125,1.3125,0.05));
#3556=CARTESIAN_POINT('',(-3.675,1.3125,0.));
#3557=CARTESIAN_POINT('Origin',(-3.8125,1.3125,0.));
#3558=CARTESIAN_POINT('',(-3.675,1.3125,0.05));
#3559=CARTESIAN_POINT('Origin',(-3.8125,1.3125,0.53125));
#3560=CARTESIAN_POINT('',(-3.7375,1.3125,0.53125));
#3561=CARTESIAN_POINT('Origin',(4.25,-1.95,0.));
#3562=CARTESIAN_POINT('',(-4.25,-1.95,0.15));
#3563=CARTESIAN_POINT('',(2.125,-1.95,0.));
#3564=CARTESIAN_POINT('Origin',(-4.25000000000001,-2.04029747843849,0.));
#3565=CARTESIAN_POINT('',(4.25,-2.04029747843848,0.15));
#3566=CARTESIAN_POINT('Origin',(-6.29417777740246E-15,-1.99514873921924,
0.15));
#3567=CARTESIAN_POINT('Origin',(0.,0.,0.));
#3568=CARTESIAN_POINT('',(0.,0.,0.));
#3569=UNCERTAINTY_MEASURE_WITH_UNIT(LENGTH_MEASURE(0.000393700787401575),
#3576,'DISTANCE_ACCURACY_VALUE',
'Maximum model space distance between geometric entities at asserted c
onnectivities');
#3570=UNCERTAINTY_MEASURE_WITH_UNIT(LENGTH_MEASURE(0.000393700787401575),
#3576,'DISTANCE_ACCURACY_VALUE',
'Maximum model space distance between geometric entities at asserted c
onnectivities');
#3571=UNCERTAINTY_MEASURE_WITH_UNIT(LENGTH_MEASURE(0.000393700787401575),
#3576,'DISTANCE_ACCURACY_VALUE',
'Maximum model space distance between geometric entities at asserted c
onnectivities');
#3572=(
GEOMETRIC_REPRESENTATION_CONTEXT(3)
GLOBAL_UNCERTAINTY_ASSIGNED_CONTEXT((#3569))
GLOBAL_UNIT_ASSIGNED_CONTEXT((#3576,#3580,#3581))
REPRESENTATION_CONTEXT('','3D')
);
#3573=(
GEOMETRIC_REPRESENTATION_CONTEXT(3)
GLOBAL_UNCERTAINTY_ASSIGNED_CONTEXT((#3570))
GLOBAL_UNIT_ASSIGNED_CONTEXT((#3576,#3580,#3581))
REPRESENTATION_CONTEXT('','3D')
);
#3574=(
GEOMETRIC_REPRESENTATION_CONTEXT(3)
GLOBAL_UNCERTAINTY_ASSIGNED_CONTEXT((#3571))
GLOBAL_UNIT_ASSIGNED_CONTEXT((#3576,#3580,#3581))
REPRESENTATION_CONTEXT('','3D')
);
#3575=DIMENSIONAL_EXPONENTS(1.,0.,0.,0.,0.,0.,0.);
#3576=(
CONVERSION_BASED_UNIT('inch',#3579)
LENGTH_UNIT()
NAMED_UNIT(#3575)
);
#3577=(
LENGTH_UNIT()
NAMED_UNIT(*)
SI_UNIT(.MILLI.,.METRE.)
);
#3578=(
LENGTH_UNIT()
NAMED_UNIT(*)
SI_UNIT($,.METRE.)
);
#3579=LENGTH_MEASURE_WITH_UNIT(LENGTH_MEASURE(25.4),#3577);
#3580=(
NAMED_UNIT(*)
PLANE_ANGLE_UNIT()
SI_UNIT($,.RADIAN.)
);
#3581=(
NAMED_UNIT(*)
SI_UNIT($,.STERADIAN.)
SOLID_ANGLE_UNIT()
);
#3582=SHAPE_DEFINITION_REPRESENTATION(#3584,#3587);
#3583=SHAPE_DEFINITION_REPRESENTATION(#3585,#3588);
#3584=PRODUCT_DEFINITION_SHAPE('',$,#3590);
#3585=PRODUCT_DEFINITION_SHAPE('',$,#3591);
#3586=PRODUCT_DEFINITION_SHAPE($,$,#14);
#3587=SHAPE_REPRESENTATION('',(#2111,#2298),#3572);
#3588=SHAPE_REPRESENTATION('',(#2112),#3573);
#3589=PRODUCT_DEFINITION_CONTEXT('part definition',#3597,'design');
#3590=PRODUCT_DEFINITION('2026-07-21-01-48-40-302','RM3',#3592,#3589);
#3591=PRODUCT_DEFINITION('2026-09-10-11-54-02-948','Bottom',#3593,#3589);
#3592=PRODUCT_DEFINITION_FORMATION('',$,#3599);
#3593=PRODUCT_DEFINITION_FORMATION('',$,#3600);
#3594=PRODUCT_RELATED_PRODUCT_CATEGORY('RM3','RM3',(#3599));
#3595=PRODUCT_RELATED_PRODUCT_CATEGORY('Bottom','Bottom',(#3600));
#3596=APPLICATION_PROTOCOL_DEFINITION('international standard',
'automotive_design',2009,#3597);
#3597=APPLICATION_CONTEXT(
'Core Data for Automotive Mechanical Design Process');
#3598=PRODUCT_CONTEXT('part definition',#3597,'mechanical');
#3599=PRODUCT('2026-07-21-01-48-40-302','RM3',$,(#3598));
#3600=PRODUCT('2026-09-10-11-54-02-948','Bottom',$,(#3598));
#3601=PRESENTATION_STYLE_ASSIGNMENT((#3603));
#3602=PRESENTATION_STYLE_ASSIGNMENT((#3604));
#3603=SURFACE_STYLE_USAGE(.BOTH.,#3605);
#3604=SURFACE_STYLE_USAGE(.BOTH.,#3606);
#3605=SURFACE_SIDE_STYLE('',(#3607));
#3606=SURFACE_SIDE_STYLE('',(#3608));
#3607=SURFACE_STYLE_FILL_AREA(#3609);
#3608=SURFACE_STYLE_FILL_AREA(#3610);
#3609=FILL_AREA_STYLE('Surface - Matte',(#3611));
#3610=FILL_AREA_STYLE('Opaque(179,179,179)',(#3612));
#3611=FILL_AREA_STYLE_COLOUR('Surface - Matte',#3613);
#3612=FILL_AREA_STYLE_COLOUR('Opaque(179,179,179)',#3614);
#3613=COLOUR_RGB('Surface - Matte',0.701960784313725,0.701960784313725,
0.701960784313725);
#3614=COLOUR_RGB('Opaque(179,179,179)',0.701960784313725,0.701960784313725,
0.701960784313725);
ENDSEC;
END-ISO-10303-21;
