ISO-10303-21;
HEADER;
/* Generated by software containing ST-Developer
 * from STEP Tools, Inc. (www.steptools.com) 
 */

FILE_DESCRIPTION(
/* description */ (''),
/* implementation_level */ '2;1');

FILE_NAME(
/* name */ 'FM6725.stp',
/* time_stamp */ '2026-05-22T08:55:51+01:00',
/* author */ ('TimOttley'),
/* organization */ (''),
/* preprocessor_version */ 'ST-DEVELOPER v20.1',
/* originating_system */ 'Autodesk Inventor 2026',
/* authorisation */ '');

FILE_SCHEMA (('AUTOMOTIVE_DESIGN { 1 0 10303 214 3 1 1 }'));
ENDSEC;

DATA;
#10=MECHANICAL_DESIGN_GEOMETRIC_PRESENTATION_REPRESENTATION('',(#2007,#2008,
#2009,#2010,#2011,#2012,#2013,#2014,#2015,#2016,#2017,#2018,#2019,#2020,
#2021,#2022,#2023,#2024,#2025,#2026,#2027,#2028,#2029,#2030,#2031,#2032,
#2033,#2034,#2035,#2036,#2037,#2038,#2039,#2040,#2041,#2042,#2043,#2044,
#2045,#2046,#2047,#2048,#2049,#2050,#2051,#2052,#2053,#2054,#2055,#2056,
#2057,#2058,#2059,#2060,#2061,#2062,#2063,#2064,#2065,#2066,#2067,#2068,
#2069,#2070,#2071,#2072,#2073,#2074,#2075,#2076,#2077,#2078,#2079,#2080,
#2081,#2082,#2083,#2084,#2085,#2086,#2087,#2088,#2089,#2090,#2091,#2092,
#2093,#2094,#2095,#2096,#2097,#2098,#2099,#2100,#2101,#2102,#2103,#2104,
#2105,#2106,#2107,#2108,#2109,#2110,#2111,#2112,#2113,#2114,#2115,#2116,
#2117,#2118,#2119,#2120),#3583);
#11=SHAPE_REPRESENTATION_RELATIONSHIP('SRR','None',#3590,#12);
#12=ADVANCED_BREP_SHAPE_REPRESENTATION('',(#13),#3582);
#13=MANIFOLD_SOLID_BREP('Solid1',#2234);
#14=LINE('',#2985,#266);
#15=LINE('',#2989,#267);
#16=LINE('',#2991,#268);
#17=LINE('',#2993,#269);
#18=LINE('',#2994,#270);
#19=LINE('',#2997,#271);
#20=LINE('',#2999,#272);
#21=LINE('',#3000,#273);
#22=LINE('',#3003,#274);
#23=LINE('',#3005,#275);
#24=LINE('',#3006,#276);
#25=LINE('',#3008,#277);
#26=LINE('',#3009,#278);
#27=LINE('',#3014,#279);
#28=LINE('',#3016,#280);
#29=LINE('',#3018,#281);
#30=LINE('',#3019,#282);
#31=LINE('',#3023,#283);
#32=LINE('',#3025,#284);
#33=LINE('',#3027,#285);
#34=LINE('',#3028,#286);
#35=LINE('',#3032,#287);
#36=LINE('',#3034,#288);
#37=LINE('',#3036,#289);
#38=LINE('',#3037,#290);
#39=LINE('',#3039,#291);
#40=LINE('',#3040,#292);
#41=LINE('',#3043,#293);
#42=LINE('',#3045,#294);
#43=LINE('',#3046,#295);
#44=LINE('',#3050,#296);
#45=LINE('',#3051,#297);
#46=LINE('',#3052,#298);
#47=LINE('',#3063,#299);
#48=LINE('',#3067,#300);
#49=LINE('',#3072,#301);
#50=LINE('',#3076,#302);
#51=LINE('',#3080,#303);
#52=LINE('',#3082,#304);
#53=LINE('',#3083,#305);
#54=LINE('',#3086,#306);
#55=LINE('',#3088,#307);
#56=LINE('',#3089,#308);
#57=LINE('',#3092,#309);
#58=LINE('',#3094,#310);
#59=LINE('',#3095,#311);
#60=LINE('',#3097,#312);
#61=LINE('',#3098,#313);
#62=LINE('',#3101,#314);
#63=LINE('',#3103,#315);
#64=LINE('',#3104,#316);
#65=LINE('',#3106,#317);
#66=LINE('',#3107,#318);
#67=LINE('',#3112,#319);
#68=LINE('',#3116,#320);
#69=LINE('',#3121,#321);
#70=LINE('',#3125,#322);
#71=LINE('',#3129,#323);
#72=LINE('',#3131,#324);
#73=LINE('',#3132,#325);
#74=LINE('',#3135,#326);
#75=LINE('',#3137,#327);
#76=LINE('',#3138,#328);
#77=LINE('',#3142,#329);
#78=LINE('',#3144,#330);
#79=LINE('',#3146,#331);
#80=LINE('',#3147,#332);
#81=LINE('',#3149,#333);
#82=LINE('',#3150,#334);
#83=LINE('',#3152,#335);
#84=LINE('',#3153,#336);
#85=LINE('',#3155,#337);
#86=LINE('',#3156,#338);
#87=LINE('',#3161,#339);
#88=LINE('',#3163,#340);
#89=LINE('',#3165,#341);
#90=LINE('',#3166,#342);
#91=LINE('',#3170,#343);
#92=LINE('',#3172,#344);
#93=LINE('',#3174,#345);
#94=LINE('',#3175,#346);
#95=LINE('',#3179,#347);
#96=LINE('',#3181,#348);
#97=LINE('',#3183,#349);
#98=LINE('',#3184,#350);
#99=LINE('',#3186,#351);
#100=LINE('',#3187,#352);
#101=LINE('',#3191,#353);
#102=LINE('',#3193,#354);
#103=LINE('',#3195,#355);
#104=LINE('',#3196,#356);
#105=LINE('',#3198,#357);
#106=LINE('',#3199,#358);
#107=LINE('',#3210,#359);
#108=LINE('',#3212,#360);
#109=LINE('',#3214,#361);
#110=LINE('',#3215,#362);
#111=LINE('',#3219,#363);
#112=LINE('',#3221,#364);
#113=LINE('',#3223,#365);
#114=LINE('',#3224,#366);
#115=LINE('',#3228,#367);
#116=LINE('',#3230,#368);
#117=LINE('',#3232,#369);
#118=LINE('',#3233,#370);
#119=LINE('',#3235,#371);
#120=LINE('',#3236,#372);
#121=LINE('',#3239,#373);
#122=LINE('',#3241,#374);
#123=LINE('',#3242,#375);
#124=LINE('',#3246,#376);
#125=LINE('',#3247,#377);
#126=LINE('',#3248,#378);
#127=LINE('',#3259,#379);
#128=LINE('',#3261,#380);
#129=LINE('',#3263,#381);
#130=LINE('',#3264,#382);
#131=LINE('',#3268,#383);
#132=LINE('',#3270,#384);
#133=LINE('',#3272,#385);
#134=LINE('',#3274,#386);
#135=LINE('',#3276,#387);
#136=LINE('',#3278,#388);
#137=LINE('',#3280,#389);
#138=LINE('',#3281,#390);
#139=LINE('',#3285,#391);
#140=LINE('',#3286,#392);
#141=LINE('',#3287,#393);
#142=LINE('',#3291,#394);
#143=LINE('',#3292,#395);
#144=LINE('',#3293,#396);
#145=LINE('',#3295,#397);
#146=LINE('',#3297,#398);
#147=LINE('',#3298,#399);
#148=LINE('',#3301,#400);
#149=LINE('',#3313,#401);
#150=LINE('',#3315,#402);
#151=LINE('',#3317,#403);
#152=LINE('',#3318,#404);
#153=LINE('',#3324,#405);
#154=LINE('',#3326,#406);
#155=LINE('',#3327,#407);
#156=LINE('',#3332,#408);
#157=LINE('',#3333,#409);
#158=LINE('',#3339,#410);
#159=LINE('',#3341,#411);
#160=LINE('',#3342,#412);
#161=LINE('',#3347,#413);
#162=LINE('',#3348,#414);
#163=LINE('',#3354,#415);
#164=LINE('',#3356,#416);
#165=LINE('',#3357,#417);
#166=LINE('',#3362,#418);
#167=LINE('',#3363,#419);
#168=LINE('',#3369,#420);
#169=LINE('',#3371,#421);
#170=LINE('',#3372,#422);
#171=LINE('',#3377,#423);
#172=LINE('',#3378,#424);
#173=LINE('',#3384,#425);
#174=LINE('',#3386,#426);
#175=LINE('',#3387,#427);
#176=LINE('',#3392,#428);
#177=LINE('',#3393,#429);
#178=LINE('',#3399,#430);
#179=LINE('',#3401,#431);
#180=LINE('',#3402,#432);
#181=LINE('',#3408,#433);
#182=LINE('',#3410,#434);
#183=LINE('',#3411,#435);
#184=LINE('',#3414,#436);
#185=LINE('',#3417,#437);
#186=LINE('',#3420,#438);
#187=LINE('',#3422,#439);
#188=LINE('',#3423,#440);
#189=LINE('',#3425,#441);
#190=LINE('',#3430,#442);
#191=LINE('',#3431,#443);
#192=LINE('',#3433,#444);
#193=LINE('',#3436,#445);
#194=LINE('',#3437,#446);
#195=LINE('',#3440,#447);
#196=LINE('',#3441,#448);
#197=LINE('',#3443,#449);
#198=LINE('',#3446,#450);
#199=LINE('',#3447,#451);
#200=LINE('',#3450,#452);
#201=LINE('',#3451,#453);
#202=LINE('',#3453,#454);
#203=LINE('',#3456,#455);
#204=LINE('',#3457,#456);
#205=LINE('',#3460,#457);
#206=LINE('',#3461,#458);
#207=LINE('',#3463,#459);
#208=LINE('',#3466,#460);
#209=LINE('',#3467,#461);
#210=LINE('',#3470,#462);
#211=LINE('',#3471,#463);
#212=LINE('',#3473,#464);
#213=LINE('',#3476,#465);
#214=LINE('',#3477,#466);
#215=LINE('',#3480,#467);
#216=LINE('',#3481,#468);
#217=LINE('',#3483,#469);
#218=LINE('',#3486,#470);
#219=LINE('',#3487,#471);
#220=LINE('',#3490,#472);
#221=LINE('',#3491,#473);
#222=LINE('',#3493,#474);
#223=LINE('',#3497,#475);
#224=LINE('',#3499,#476);
#225=LINE('',#3501,#477);
#226=LINE('',#3502,#478);
#227=LINE('',#3505,#479);
#228=LINE('',#3507,#480);
#229=LINE('',#3508,#481);
#230=LINE('',#3510,#482);
#231=LINE('',#3511,#483);
#232=LINE('',#3513,#484);
#233=LINE('',#3516,#485);
#234=LINE('',#3518,#486);
#235=LINE('',#3520,#487);
#236=LINE('',#3522,#488);
#237=LINE('',#3524,#489);
#238=LINE('',#3526,#490);
#239=LINE('',#3528,#491);
#240=LINE('',#3530,#492);
#241=LINE('',#3531,#493);
#242=LINE('',#3534,#494);
#243=LINE('',#3536,#495);
#244=LINE('',#3537,#496);
#245=LINE('',#3540,#497);
#246=LINE('',#3542,#498);
#247=LINE('',#3543,#499);
#248=LINE('',#3545,#500);
#249=LINE('',#3546,#501);
#250=LINE('',#3550,#502);
#251=LINE('',#3552,#503);
#252=LINE('',#3553,#504);
#253=LINE('',#3556,#505);
#254=LINE('',#3558,#506);
#255=LINE('',#3559,#507);
#256=LINE('',#3563,#508);
#257=LINE('',#3565,#509);
#258=LINE('',#3567,#510);
#259=LINE('',#3568,#511);
#260=LINE('',#3570,#512);
#261=LINE('',#3571,#513);
#262=LINE('',#3573,#514);
#263=LINE('',#3574,#515);
#264=LINE('',#3576,#516);
#265=LINE('',#3578,#517);
#266=VECTOR('',#2424,6.975);
#267=VECTOR('',#2427,10.);
#268=VECTOR('',#2428,10.);
#269=VECTOR('',#2429,10.);
#270=VECTOR('',#2430,10.);
#271=VECTOR('',#2433,10.);
#272=VECTOR('',#2434,10.);
#273=VECTOR('',#2435,10.);
#274=VECTOR('',#2438,10.);
#275=VECTOR('',#2439,10.);
#276=VECTOR('',#2440,10.);
#277=VECTOR('',#2443,10.);
#278=VECTOR('',#2444,10.);
#279=VECTOR('',#2449,10.);
#280=VECTOR('',#2450,10.);
#281=VECTOR('',#2451,10.);
#282=VECTOR('',#2452,10.);
#283=VECTOR('',#2455,10.);
#284=VECTOR('',#2456,10.);
#285=VECTOR('',#2457,10.);
#286=VECTOR('',#2458,10.);
#287=VECTOR('',#2461,10.);
#288=VECTOR('',#2462,10.);
#289=VECTOR('',#2463,10.);
#290=VECTOR('',#2464,10.);
#291=VECTOR('',#2467,10.);
#292=VECTOR('',#2468,10.);
#293=VECTOR('',#2471,10.);
#294=VECTOR('',#2472,10.);
#295=VECTOR('',#2473,10.);
#296=VECTOR('',#2476,10.);
#297=VECTOR('',#2477,10.);
#298=VECTOR('',#2478,10.);
#299=VECTOR('',#2495,10.);
#300=VECTOR('',#2498,10.);
#301=VECTOR('',#2503,10.);
#302=VECTOR('',#2506,10.);
#303=VECTOR('',#2511,10.);
#304=VECTOR('',#2512,10.);
#305=VECTOR('',#2513,10.);
#306=VECTOR('',#2516,10.);
#307=VECTOR('',#2517,10.);
#308=VECTOR('',#2518,10.);
#309=VECTOR('',#2521,10.);
#310=VECTOR('',#2522,10.);
#311=VECTOR('',#2523,10.);
#312=VECTOR('',#2526,10.);
#313=VECTOR('',#2527,10.);
#314=VECTOR('',#2530,10.);
#315=VECTOR('',#2531,10.);
#316=VECTOR('',#2532,10.);
#317=VECTOR('',#2535,10.);
#318=VECTOR('',#2536,10.);
#319=VECTOR('',#2541,10.);
#320=VECTOR('',#2544,10.);
#321=VECTOR('',#2549,10.);
#322=VECTOR('',#2552,10.);
#323=VECTOR('',#2557,10.);
#324=VECTOR('',#2558,10.);
#325=VECTOR('',#2559,10.);
#326=VECTOR('',#2562,10.);
#327=VECTOR('',#2563,10.);
#328=VECTOR('',#2564,10.);
#329=VECTOR('',#2567,10.);
#330=VECTOR('',#2568,10.);
#331=VECTOR('',#2569,10.);
#332=VECTOR('',#2570,10.);
#333=VECTOR('',#2573,10.);
#334=VECTOR('',#2574,10.);
#335=VECTOR('',#2577,10.);
#336=VECTOR('',#2578,10.);
#337=VECTOR('',#2581,10.);
#338=VECTOR('',#2582,10.);
#339=VECTOR('',#2587,10.);
#340=VECTOR('',#2588,10.);
#341=VECTOR('',#2589,10.);
#342=VECTOR('',#2590,10.);
#343=VECTOR('',#2593,10.);
#344=VECTOR('',#2594,10.);
#345=VECTOR('',#2595,10.);
#346=VECTOR('',#2596,10.);
#347=VECTOR('',#2599,10.);
#348=VECTOR('',#2600,10.);
#349=VECTOR('',#2601,10.);
#350=VECTOR('',#2602,10.);
#351=VECTOR('',#2605,10.);
#352=VECTOR('',#2606,10.);
#353=VECTOR('',#2609,10.);
#354=VECTOR('',#2610,10.);
#355=VECTOR('',#2611,10.);
#356=VECTOR('',#2612,10.);
#357=VECTOR('',#2615,10.);
#358=VECTOR('',#2616,10.);
#359=VECTOR('',#2633,10.);
#360=VECTOR('',#2634,10.);
#361=VECTOR('',#2635,10.);
#362=VECTOR('',#2636,10.);
#363=VECTOR('',#2639,10.);
#364=VECTOR('',#2640,10.);
#365=VECTOR('',#2641,10.);
#366=VECTOR('',#2642,10.);
#367=VECTOR('',#2645,10.);
#368=VECTOR('',#2646,10.);
#369=VECTOR('',#2647,10.);
#370=VECTOR('',#2648,10.);
#371=VECTOR('',#2651,10.);
#372=VECTOR('',#2652,10.);
#373=VECTOR('',#2655,10.);
#374=VECTOR('',#2656,10.);
#375=VECTOR('',#2657,10.);
#376=VECTOR('',#2660,10.);
#377=VECTOR('',#2661,10.);
#378=VECTOR('',#2662,10.);
#379=VECTOR('',#2679,10.);
#380=VECTOR('',#2680,10.);
#381=VECTOR('',#2681,10.);
#382=VECTOR('',#2682,10.);
#383=VECTOR('',#2685,10.);
#384=VECTOR('',#2686,10.);
#385=VECTOR('',#2687,10.);
#386=VECTOR('',#2688,10.);
#387=VECTOR('',#2689,10.);
#388=VECTOR('',#2690,10.);
#389=VECTOR('',#2691,10.);
#390=VECTOR('',#2692,10.);
#391=VECTOR('',#2695,10.);
#392=VECTOR('',#2696,10.);
#393=VECTOR('',#2697,10.);
#394=VECTOR('',#2700,10.);
#395=VECTOR('',#2701,10.);
#396=VECTOR('',#2702,10.);
#397=VECTOR('',#2703,10.);
#398=VECTOR('',#2704,10.);
#399=VECTOR('',#2705,10.);
#400=VECTOR('',#2708,7.);
#401=VECTOR('',#2727,10.);
#402=VECTOR('',#2728,10.);
#403=VECTOR('',#2729,10.);
#404=VECTOR('',#2730,10.);
#405=VECTOR('',#2735,10.);
#406=VECTOR('',#2736,10.);
#407=VECTOR('',#2737,10.);
#408=VECTOR('',#2742,10.);
#409=VECTOR('',#2743,10.);
#410=VECTOR('',#2748,10.);
#411=VECTOR('',#2749,10.);
#412=VECTOR('',#2750,10.);
#413=VECTOR('',#2755,10.);
#414=VECTOR('',#2756,10.);
#415=VECTOR('',#2761,10.);
#416=VECTOR('',#2762,10.);
#417=VECTOR('',#2763,10.);
#418=VECTOR('',#2768,10.);
#419=VECTOR('',#2769,10.);
#420=VECTOR('',#2774,10.);
#421=VECTOR('',#2775,10.);
#422=VECTOR('',#2776,10.);
#423=VECTOR('',#2781,10.);
#424=VECTOR('',#2782,10.);
#425=VECTOR('',#2787,10.);
#426=VECTOR('',#2788,10.);
#427=VECTOR('',#2789,10.);
#428=VECTOR('',#2794,10.);
#429=VECTOR('',#2795,10.);
#430=VECTOR('',#2800,10.);
#431=VECTOR('',#2801,10.);
#432=VECTOR('',#2802,10.);
#433=VECTOR('',#2807,10.);
#434=VECTOR('',#2808,10.);
#435=VECTOR('',#2809,10.);
#436=VECTOR('',#2812,10.);
#437=VECTOR('',#2815,10.);
#438=VECTOR('',#2818,10.);
#439=VECTOR('',#2819,10.);
#440=VECTOR('',#2820,10.);
#441=VECTOR('',#2823,10.);
#442=VECTOR('',#2828,10.);
#443=VECTOR('',#2829,10.);
#444=VECTOR('',#2832,10.);
#445=VECTOR('',#2835,10.);
#446=VECTOR('',#2836,10.);
#447=VECTOR('',#2839,10.);
#448=VECTOR('',#2840,10.);
#449=VECTOR('',#2843,10.);
#450=VECTOR('',#2846,10.);
#451=VECTOR('',#2847,10.);
#452=VECTOR('',#2850,10.);
#453=VECTOR('',#2851,10.);
#454=VECTOR('',#2854,10.);
#455=VECTOR('',#2857,10.);
#456=VECTOR('',#2858,10.);
#457=VECTOR('',#2861,10.);
#458=VECTOR('',#2862,10.);
#459=VECTOR('',#2865,10.);
#460=VECTOR('',#2868,10.);
#461=VECTOR('',#2869,10.);
#462=VECTOR('',#2872,10.);
#463=VECTOR('',#2873,10.);
#464=VECTOR('',#2876,10.);
#465=VECTOR('',#2879,10.);
#466=VECTOR('',#2880,10.);
#467=VECTOR('',#2883,10.);
#468=VECTOR('',#2884,10.);
#469=VECTOR('',#2887,10.);
#470=VECTOR('',#2890,10.);
#471=VECTOR('',#2891,10.);
#472=VECTOR('',#2894,10.);
#473=VECTOR('',#2895,10.);
#474=VECTOR('',#2898,10.);
#475=VECTOR('',#2901,10.);
#476=VECTOR('',#2902,10.);
#477=VECTOR('',#2903,10.);
#478=VECTOR('',#2904,10.);
#479=VECTOR('',#2907,10.);
#480=VECTOR('',#2908,10.);
#481=VECTOR('',#2909,10.);
#482=VECTOR('',#2912,10.);
#483=VECTOR('',#2913,10.);
#484=VECTOR('',#2916,10.);
#485=VECTOR('',#2919,10.);
#486=VECTOR('',#2920,10.);
#487=VECTOR('',#2921,10.);
#488=VECTOR('',#2922,10.);
#489=VECTOR('',#2923,10.);
#490=VECTOR('',#2924,10.);
#491=VECTOR('',#2925,10.);
#492=VECTOR('',#2926,10.);
#493=VECTOR('',#2927,10.);
#494=VECTOR('',#2930,10.);
#495=VECTOR('',#2931,10.);
#496=VECTOR('',#2932,10.);
#497=VECTOR('',#2935,10.);
#498=VECTOR('',#2936,10.);
#499=VECTOR('',#2937,10.);
#500=VECTOR('',#2940,10.);
#501=VECTOR('',#2941,10.);
#502=VECTOR('',#2946,10.);
#503=VECTOR('',#2947,10.);
#504=VECTOR('',#2948,10.);
#505=VECTOR('',#2951,10.);
#506=VECTOR('',#2952,10.);
#507=VECTOR('',#2953,10.);
#508=VECTOR('',#2956,10.);
#509=VECTOR('',#2957,10.);
#510=VECTOR('',#2958,10.);
#511=VECTOR('',#2959,10.);
#512=VECTOR('',#2962,10.);
#513=VECTOR('',#2963,10.);
#514=VECTOR('',#2966,10.);
#515=VECTOR('',#2967,10.);
#516=VECTOR('',#2970,10.);
#517=VECTOR('',#2973,10.);
#518=CYLINDRICAL_SURFACE('',#2260,6.975);
#519=CYLINDRICAL_SURFACE('',#2273,0.9);
#520=CYLINDRICAL_SURFACE('',#2276,0.9);
#521=CYLINDRICAL_SURFACE('',#2280,0.9);
#522=CYLINDRICAL_SURFACE('',#2283,0.9);
#523=CYLINDRICAL_SURFACE('',#2293,0.9);
#524=CYLINDRICAL_SURFACE('',#2296,0.9);
#525=CYLINDRICAL_SURFACE('',#2315,0.9);
#526=CYLINDRICAL_SURFACE('',#2317,0.9);
#527=CYLINDRICAL_SURFACE('',#2325,0.9);
#528=CYLINDRICAL_SURFACE('',#2328,0.9);
#529=CYLINDRICAL_SURFACE('',#2336,7.);
#530=CYLINDRICAL_SURFACE('',#2342,5.9);
#531=CYLINDRICAL_SURFACE('',#2348,0.5);
#532=CYLINDRICAL_SURFACE('',#2352,0.5);
#533=CYLINDRICAL_SURFACE('',#2356,0.5);
#534=CYLINDRICAL_SURFACE('',#2360,0.5);
#535=CYLINDRICAL_SURFACE('',#2364,0.5);
#536=CYLINDRICAL_SURFACE('',#2370,0.5);
#537=CYLINDRICAL_SURFACE('',#2374,0.5);
#538=FACE_BOUND('',#667,.T.);
#539=FACE_BOUND('',#674,.T.);
#540=FACE_BOUND('',#726,.T.);
#541=FACE_BOUND('',#727,.T.);
#542=FACE_BOUND('',#728,.T.);
#543=FACE_BOUND('',#729,.T.);
#544=FACE_BOUND('',#730,.T.);
#545=FACE_BOUND('',#734,.T.);
#546=FACE_BOUND('',#785,.T.);
#547=FACE_BOUND('',#786,.T.);
#548=FACE_BOUND('',#787,.T.);
#549=FACE_BOUND('',#788,.T.);
#550=FACE_BOUND('',#789,.T.);
#551=FACE_BOUND('',#790,.T.);
#552=FACE_BOUND('',#791,.T.);
#553=FACE_OUTER_BOUND('',#666,.T.);
#554=FACE_OUTER_BOUND('',#668,.T.);
#555=FACE_OUTER_BOUND('',#669,.T.);
#556=FACE_OUTER_BOUND('',#670,.T.);
#557=FACE_OUTER_BOUND('',#671,.T.);
#558=FACE_OUTER_BOUND('',#672,.T.);
#559=FACE_OUTER_BOUND('',#673,.T.);
#560=FACE_OUTER_BOUND('',#675,.T.);
#561=FACE_OUTER_BOUND('',#676,.T.);
#562=FACE_OUTER_BOUND('',#677,.T.);
#563=FACE_OUTER_BOUND('',#678,.T.);
#564=FACE_OUTER_BOUND('',#679,.T.);
#565=FACE_OUTER_BOUND('',#680,.T.);
#566=FACE_OUTER_BOUND('',#681,.T.);
#567=FACE_OUTER_BOUND('',#682,.T.);
#568=FACE_OUTER_BOUND('',#683,.T.);
#569=FACE_OUTER_BOUND('',#684,.T.);
#570=FACE_OUTER_BOUND('',#685,.T.);
#571=FACE_OUTER_BOUND('',#686,.T.);
#572=FACE_OUTER_BOUND('',#687,.T.);
#573=FACE_OUTER_BOUND('',#688,.T.);
#574=FACE_OUTER_BOUND('',#689,.T.);
#575=FACE_OUTER_BOUND('',#690,.T.);
#576=FACE_OUTER_BOUND('',#691,.T.);
#577=FACE_OUTER_BOUND('',#692,.T.);
#578=FACE_OUTER_BOUND('',#693,.T.);
#579=FACE_OUTER_BOUND('',#694,.T.);
#580=FACE_OUTER_BOUND('',#695,.T.);
#581=FACE_OUTER_BOUND('',#696,.T.);
#582=FACE_OUTER_BOUND('',#697,.T.);
#583=FACE_OUTER_BOUND('',#698,.T.);
#584=FACE_OUTER_BOUND('',#699,.T.);
#585=FACE_OUTER_BOUND('',#700,.T.);
#586=FACE_OUTER_BOUND('',#701,.T.);
#587=FACE_OUTER_BOUND('',#702,.T.);
#588=FACE_OUTER_BOUND('',#703,.T.);
#589=FACE_OUTER_BOUND('',#704,.T.);
#590=FACE_OUTER_BOUND('',#705,.T.);
#591=FACE_OUTER_BOUND('',#706,.T.);
#592=FACE_OUTER_BOUND('',#707,.T.);
#593=FACE_OUTER_BOUND('',#708,.T.);
#594=FACE_OUTER_BOUND('',#709,.T.);
#595=FACE_OUTER_BOUND('',#710,.T.);
#596=FACE_OUTER_BOUND('',#711,.T.);
#597=FACE_OUTER_BOUND('',#712,.T.);
#598=FACE_OUTER_BOUND('',#713,.T.);
#599=FACE_OUTER_BOUND('',#714,.T.);
#600=FACE_OUTER_BOUND('',#715,.T.);
#601=FACE_OUTER_BOUND('',#716,.T.);
#602=FACE_OUTER_BOUND('',#717,.T.);
#603=FACE_OUTER_BOUND('',#718,.T.);
#604=FACE_OUTER_BOUND('',#719,.T.);
#605=FACE_OUTER_BOUND('',#720,.T.);
#606=FACE_OUTER_BOUND('',#721,.T.);
#607=FACE_OUTER_BOUND('',#722,.T.);
#608=FACE_OUTER_BOUND('',#723,.T.);
#609=FACE_OUTER_BOUND('',#724,.T.);
#610=FACE_OUTER_BOUND('',#725,.T.);
#611=FACE_OUTER_BOUND('',#731,.T.);
#612=FACE_OUTER_BOUND('',#732,.T.);
#613=FACE_OUTER_BOUND('',#733,.T.);
#614=FACE_OUTER_BOUND('',#735,.T.);
#615=FACE_OUTER_BOUND('',#736,.T.);
#616=FACE_OUTER_BOUND('',#737,.T.);
#617=FACE_OUTER_BOUND('',#738,.T.);
#618=FACE_OUTER_BOUND('',#739,.T.);
#619=FACE_OUTER_BOUND('',#740,.T.);
#620=FACE_OUTER_BOUND('',#741,.T.);
#621=FACE_OUTER_BOUND('',#742,.T.);
#622=FACE_OUTER_BOUND('',#743,.T.);
#623=FACE_OUTER_BOUND('',#744,.T.);
#624=FACE_OUTER_BOUND('',#745,.T.);
#625=FACE_OUTER_BOUND('',#746,.T.);
#626=FACE_OUTER_BOUND('',#747,.T.);
#627=FACE_OUTER_BOUND('',#748,.T.);
#628=FACE_OUTER_BOUND('',#749,.T.);
#629=FACE_OUTER_BOUND('',#750,.T.);
#630=FACE_OUTER_BOUND('',#751,.T.);
#631=FACE_OUTER_BOUND('',#752,.T.);
#632=FACE_OUTER_BOUND('',#753,.T.);
#633=FACE_OUTER_BOUND('',#754,.T.);
#634=FACE_OUTER_BOUND('',#755,.T.);
#635=FACE_OUTER_BOUND('',#756,.T.);
#636=FACE_OUTER_BOUND('',#757,.T.);
#637=FACE_OUTER_BOUND('',#758,.T.);
#638=FACE_OUTER_BOUND('',#759,.T.);
#639=FACE_OUTER_BOUND('',#760,.T.);
#640=FACE_OUTER_BOUND('',#761,.T.);
#641=FACE_OUTER_BOUND('',#762,.T.);
#642=FACE_OUTER_BOUND('',#763,.T.);
#643=FACE_OUTER_BOUND('',#764,.T.);
#644=FACE_OUTER_BOUND('',#765,.T.);
#645=FACE_OUTER_BOUND('',#766,.T.);
#646=FACE_OUTER_BOUND('',#767,.T.);
#647=FACE_OUTER_BOUND('',#768,.T.);
#648=FACE_OUTER_BOUND('',#769,.T.);
#649=FACE_OUTER_BOUND('',#770,.T.);
#650=FACE_OUTER_BOUND('',#771,.T.);
#651=FACE_OUTER_BOUND('',#772,.T.);
#652=FACE_OUTER_BOUND('',#773,.T.);
#653=FACE_OUTER_BOUND('',#774,.T.);
#654=FACE_OUTER_BOUND('',#775,.T.);
#655=FACE_OUTER_BOUND('',#776,.T.);
#656=FACE_OUTER_BOUND('',#777,.T.);
#657=FACE_OUTER_BOUND('',#778,.T.);
#658=FACE_OUTER_BOUND('',#779,.T.);
#659=FACE_OUTER_BOUND('',#780,.T.);
#660=FACE_OUTER_BOUND('',#781,.T.);
#661=FACE_OUTER_BOUND('',#782,.T.);
#662=FACE_OUTER_BOUND('',#783,.T.);
#663=FACE_OUTER_BOUND('',#784,.T.);
#664=FACE_OUTER_BOUND('',#792,.T.);
#665=FACE_OUTER_BOUND('',#793,.T.);
#666=EDGE_LOOP('',(#1326));
#667=EDGE_LOOP('',(#1327));
#668=EDGE_LOOP('',(#1328,#1329,#1330,#1331));
#669=EDGE_LOOP('',(#1332,#1333,#1334,#1335));
#670=EDGE_LOOP('',(#1336,#1337,#1338,#1339));
#671=EDGE_LOOP('',(#1340,#1341,#1342,#1343));
#672=EDGE_LOOP('',(#1344,#1345,#1346,#1347));
#673=EDGE_LOOP('',(#1348,#1349,#1350,#1351));
#674=EDGE_LOOP('',(#1352));
#675=EDGE_LOOP('',(#1353,#1354,#1355,#1356));
#676=EDGE_LOOP('',(#1357,#1358,#1359,#1360));
#677=EDGE_LOOP('',(#1361,#1362,#1363,#1364));
#678=EDGE_LOOP('',(#1365,#1366,#1367,#1368));
#679=EDGE_LOOP('',(#1369,#1370,#1371,#1372));
#680=EDGE_LOOP('',(#1373,#1374,#1375,#1376));
#681=EDGE_LOOP('',(#1377,#1378,#1379,#1380));
#682=EDGE_LOOP('',(#1381,#1382,#1383,#1384));
#683=EDGE_LOOP('',(#1385,#1386,#1387,#1388,#1389,#1390,#1391,#1392));
#684=EDGE_LOOP('',(#1393,#1394,#1395,#1396));
#685=EDGE_LOOP('',(#1397,#1398,#1399,#1400));
#686=EDGE_LOOP('',(#1401,#1402,#1403,#1404));
#687=EDGE_LOOP('',(#1405,#1406,#1407,#1408));
#688=EDGE_LOOP('',(#1409,#1410,#1411,#1412));
#689=EDGE_LOOP('',(#1413,#1414,#1415,#1416));
#690=EDGE_LOOP('',(#1417,#1418,#1419,#1420));
#691=EDGE_LOOP('',(#1421,#1422,#1423,#1424));
#692=EDGE_LOOP('',(#1425,#1426,#1427,#1428,#1429,#1430,#1431,#1432));
#693=EDGE_LOOP('',(#1433,#1434,#1435,#1436));
#694=EDGE_LOOP('',(#1437,#1438,#1439,#1440));
#695=EDGE_LOOP('',(#1441,#1442,#1443,#1444));
#696=EDGE_LOOP('',(#1445,#1446,#1447,#1448));
#697=EDGE_LOOP('',(#1449,#1450,#1451,#1452));
#698=EDGE_LOOP('',(#1453,#1454,#1455,#1456));
#699=EDGE_LOOP('',(#1457,#1458,#1459,#1460));
#700=EDGE_LOOP('',(#1461,#1462,#1463,#1464));
#701=EDGE_LOOP('',(#1465,#1466,#1467,#1468,#1469,#1470,#1471,#1472));
#702=EDGE_LOOP('',(#1473,#1474,#1475,#1476));
#703=EDGE_LOOP('',(#1477,#1478,#1479,#1480));
#704=EDGE_LOOP('',(#1481,#1482,#1483,#1484));
#705=EDGE_LOOP('',(#1485,#1486,#1487,#1488));
#706=EDGE_LOOP('',(#1489,#1490,#1491,#1492));
#707=EDGE_LOOP('',(#1493,#1494,#1495,#1496));
#708=EDGE_LOOP('',(#1497,#1498,#1499,#1500,#1501,#1502,#1503,#1504));
#709=EDGE_LOOP('',(#1505,#1506,#1507,#1508));
#710=EDGE_LOOP('',(#1509,#1510,#1511,#1512));
#711=EDGE_LOOP('',(#1513,#1514,#1515,#1516));
#712=EDGE_LOOP('',(#1517,#1518,#1519,#1520));
#713=EDGE_LOOP('',(#1521,#1522,#1523,#1524));
#714=EDGE_LOOP('',(#1525,#1526,#1527,#1528));
#715=EDGE_LOOP('',(#1529,#1530,#1531,#1532));
#716=EDGE_LOOP('',(#1533,#1534,#1535,#1536));
#717=EDGE_LOOP('',(#1537,#1538,#1539,#1540));
#718=EDGE_LOOP('',(#1541,#1542,#1543,#1544));
#719=EDGE_LOOP('',(#1545,#1546,#1547,#1548,#1549,#1550,#1551,#1552));
#720=EDGE_LOOP('',(#1553,#1554,#1555,#1556));
#721=EDGE_LOOP('',(#1557,#1558,#1559,#1560,#1561,#1562,#1563,#1564));
#722=EDGE_LOOP('',(#1565,#1566,#1567,#1568));
#723=EDGE_LOOP('',(#1569,#1570,#1571,#1572,#1573,#1574,#1575,#1576));
#724=EDGE_LOOP('',(#1577,#1578,#1579,#1580,#1581,#1582,#1583,#1584));
#725=EDGE_LOOP('',(#1585,#1586,#1587,#1588));
#726=EDGE_LOOP('',(#1589,#1590,#1591,#1592,#1593,#1594,#1595,#1596));
#727=EDGE_LOOP('',(#1597,#1598,#1599,#1600,#1601,#1602,#1603,#1604));
#728=EDGE_LOOP('',(#1605,#1606,#1607,#1608,#1609,#1610,#1611,#1612));
#729=EDGE_LOOP('',(#1613,#1614,#1615,#1616,#1617,#1618,#1619,#1620));
#730=EDGE_LOOP('',(#1621,#1622,#1623,#1624,#1625,#1626,#1627,#1628));
#731=EDGE_LOOP('',(#1629,#1630,#1631,#1632));
#732=EDGE_LOOP('',(#1633,#1634,#1635,#1636,#1637));
#733=EDGE_LOOP('',(#1638,#1639,#1640,#1641));
#734=EDGE_LOOP('',(#1642,#1643,#1644,#1645));
#735=EDGE_LOOP('',(#1646,#1647,#1648,#1649));
#736=EDGE_LOOP('',(#1650,#1651,#1652,#1653));
#737=EDGE_LOOP('',(#1654,#1655,#1656,#1657));
#738=EDGE_LOOP('',(#1658,#1659,#1660,#1661));
#739=EDGE_LOOP('',(#1662,#1663,#1664,#1665));
#740=EDGE_LOOP('',(#1666,#1667,#1668,#1669));
#741=EDGE_LOOP('',(#1670,#1671,#1672,#1673));
#742=EDGE_LOOP('',(#1674,#1675,#1676,#1677));
#743=EDGE_LOOP('',(#1678,#1679,#1680,#1681));
#744=EDGE_LOOP('',(#1682,#1683,#1684,#1685));
#745=EDGE_LOOP('',(#1686,#1687,#1688,#1689));
#746=EDGE_LOOP('',(#1690,#1691,#1692,#1693));
#747=EDGE_LOOP('',(#1694,#1695,#1696,#1697));
#748=EDGE_LOOP('',(#1698,#1699,#1700,#1701));
#749=EDGE_LOOP('',(#1702,#1703,#1704,#1705));
#750=EDGE_LOOP('',(#1706,#1707,#1708,#1709));
#751=EDGE_LOOP('',(#1710,#1711,#1712,#1713));
#752=EDGE_LOOP('',(#1714,#1715,#1716,#1717));
#753=EDGE_LOOP('',(#1718,#1719,#1720,#1721));
#754=EDGE_LOOP('',(#1722,#1723,#1724,#1725));
#755=EDGE_LOOP('',(#1726,#1727,#1728,#1729));
#756=EDGE_LOOP('',(#1730,#1731,#1732,#1733));
#757=EDGE_LOOP('',(#1734,#1735,#1736,#1737));
#758=EDGE_LOOP('',(#1738,#1739,#1740,#1741));
#759=EDGE_LOOP('',(#1742,#1743,#1744,#1745));
#760=EDGE_LOOP('',(#1746,#1747,#1748,#1749));
#761=EDGE_LOOP('',(#1750,#1751,#1752,#1753));
#762=EDGE_LOOP('',(#1754,#1755,#1756,#1757));
#763=EDGE_LOOP('',(#1758,#1759,#1760,#1761));
#764=EDGE_LOOP('',(#1762,#1763,#1764,#1765));
#765=EDGE_LOOP('',(#1766,#1767,#1768,#1769));
#766=EDGE_LOOP('',(#1770,#1771,#1772,#1773));
#767=EDGE_LOOP('',(#1774,#1775,#1776,#1777));
#768=EDGE_LOOP('',(#1778,#1779,#1780,#1781));
#769=EDGE_LOOP('',(#1782,#1783,#1784,#1785));
#770=EDGE_LOOP('',(#1786,#1787,#1788,#1789));
#771=EDGE_LOOP('',(#1790,#1791,#1792,#1793));
#772=EDGE_LOOP('',(#1794,#1795,#1796,#1797,#1798,#1799,#1800,#1801));
#773=EDGE_LOOP('',(#1802,#1803,#1804,#1805));
#774=EDGE_LOOP('',(#1806,#1807,#1808,#1809,#1810,#1811,#1812,#1813,#1814,
#1815,#1816,#1817,#1818,#1819,#1820,#1821));
#775=EDGE_LOOP('',(#1822,#1823,#1824,#1825));
#776=EDGE_LOOP('',(#1826,#1827,#1828,#1829));
#777=EDGE_LOOP('',(#1830,#1831,#1832,#1833));
#778=EDGE_LOOP('',(#1834,#1835,#1836,#1837,#1838,#1839,#1840,#1841));
#779=EDGE_LOOP('',(#1842,#1843,#1844,#1845));
#780=EDGE_LOOP('',(#1846,#1847,#1848,#1849));
#781=EDGE_LOOP('',(#1850,#1851,#1852,#1853));
#782=EDGE_LOOP('',(#1854,#1855,#1856,#1857));
#783=EDGE_LOOP('',(#1858,#1859,#1860,#1861));
#784=EDGE_LOOP('',(#1862,#1863,#1864,#1865,#1866,#1867,#1868,#1869,#1870,
#1871,#1872,#1873));
#785=EDGE_LOOP('',(#1874,#1875,#1876,#1877));
#786=EDGE_LOOP('',(#1878,#1879,#1880,#1881));
#787=EDGE_LOOP('',(#1882,#1883,#1884,#1885));
#788=EDGE_LOOP('',(#1886,#1887,#1888,#1889));
#789=EDGE_LOOP('',(#1890,#1891,#1892,#1893));
#790=EDGE_LOOP('',(#1894,#1895,#1896,#1897));
#791=EDGE_LOOP('',(#1898,#1899,#1900,#1901));
#792=EDGE_LOOP('',(#1902,#1903,#1904,#1905));
#793=EDGE_LOOP('',(#1906,#1907,#1908,#1909,#1910,#1911,#1912,#1913));
#794=CIRCLE('',#2258,7.);
#795=CIRCLE('',#2259,6.975);
#796=CIRCLE('',#2261,6.975);
#797=CIRCLE('',#2274,0.9);
#798=CIRCLE('',#2275,0.9);
#799=CIRCLE('',#2277,0.9);
#800=CIRCLE('',#2278,0.9);
#801=CIRCLE('',#2281,0.9);
#802=CIRCLE('',#2282,0.9);
#803=CIRCLE('',#2284,0.9);
#804=CIRCLE('',#2285,0.9);
#805=CIRCLE('',#2294,0.9);
#806=CIRCLE('',#2295,0.9);
#807=CIRCLE('',#2297,0.9);
#808=CIRCLE('',#2298,0.9);
#809=CIRCLE('',#2313,0.9);
#810=CIRCLE('',#2314,0.9);
#811=CIRCLE('',#2316,0.9);
#812=CIRCLE('',#2318,0.9);
#813=CIRCLE('',#2326,0.9);
#814=CIRCLE('',#2327,0.9);
#815=CIRCLE('',#2329,0.9);
#816=CIRCLE('',#2330,0.9);
#817=CIRCLE('',#2337,7.);
#818=CIRCLE('',#2338,7.);
#819=CIRCLE('',#2339,7.);
#820=CIRCLE('',#2341,5.9);
#821=CIRCLE('',#2343,5.9);
#822=CIRCLE('',#2347,0.5);
#823=CIRCLE('',#2349,0.5);
#824=CIRCLE('',#2351,0.5);
#825=CIRCLE('',#2353,0.5);
#826=CIRCLE('',#2355,0.5);
#827=CIRCLE('',#2357,0.5);
#828=CIRCLE('',#2359,0.5);
#829=CIRCLE('',#2361,0.5);
#830=CIRCLE('',#2363,0.5);
#831=CIRCLE('',#2365,0.5);
#832=CIRCLE('',#2367,0.5);
#833=CIRCLE('',#2369,0.5);
#834=CIRCLE('',#2371,0.5);
#835=CIRCLE('',#2375,0.5);
#836=VERTEX_POINT('',#2978);
#837=VERTEX_POINT('',#2980);
#838=VERTEX_POINT('',#2983);
#839=VERTEX_POINT('',#2987);
#840=VERTEX_POINT('',#2988);
#841=VERTEX_POINT('',#2990);
#842=VERTEX_POINT('',#2992);
#843=VERTEX_POINT('',#2996);
#844=VERTEX_POINT('',#2998);
#845=VERTEX_POINT('',#3002);
#846=VERTEX_POINT('',#3004);
#847=VERTEX_POINT('',#3012);
#848=VERTEX_POINT('',#3013);
#849=VERTEX_POINT('',#3015);
#850=VERTEX_POINT('',#3017);
#851=VERTEX_POINT('',#3021);
#852=VERTEX_POINT('',#3022);
#853=VERTEX_POINT('',#3024);
#854=VERTEX_POINT('',#3026);
#855=VERTEX_POINT('',#3030);
#856=VERTEX_POINT('',#3031);
#857=VERTEX_POINT('',#3033);
#858=VERTEX_POINT('',#3035);
#859=VERTEX_POINT('',#3042);
#860=VERTEX_POINT('',#3044);
#861=VERTEX_POINT('',#3048);
#862=VERTEX_POINT('',#3049);
#863=VERTEX_POINT('',#3061);
#864=VERTEX_POINT('',#3062);
#865=VERTEX_POINT('',#3064);
#866=VERTEX_POINT('',#3066);
#867=VERTEX_POINT('',#3070);
#868=VERTEX_POINT('',#3071);
#869=VERTEX_POINT('',#3073);
#870=VERTEX_POINT('',#3075);
#871=VERTEX_POINT('',#3079);
#872=VERTEX_POINT('',#3081);
#873=VERTEX_POINT('',#3085);
#874=VERTEX_POINT('',#3087);
#875=VERTEX_POINT('',#3091);
#876=VERTEX_POINT('',#3093);
#877=VERTEX_POINT('',#3100);
#878=VERTEX_POINT('',#3102);
#879=VERTEX_POINT('',#3110);
#880=VERTEX_POINT('',#3111);
#881=VERTEX_POINT('',#3113);
#882=VERTEX_POINT('',#3115);
#883=VERTEX_POINT('',#3119);
#884=VERTEX_POINT('',#3120);
#885=VERTEX_POINT('',#3122);
#886=VERTEX_POINT('',#3124);
#887=VERTEX_POINT('',#3128);
#888=VERTEX_POINT('',#3130);
#889=VERTEX_POINT('',#3134);
#890=VERTEX_POINT('',#3136);
#891=VERTEX_POINT('',#3140);
#892=VERTEX_POINT('',#3141);
#893=VERTEX_POINT('',#3143);
#894=VERTEX_POINT('',#3145);
#895=VERTEX_POINT('',#3159);
#896=VERTEX_POINT('',#3160);
#897=VERTEX_POINT('',#3162);
#898=VERTEX_POINT('',#3164);
#899=VERTEX_POINT('',#3168);
#900=VERTEX_POINT('',#3169);
#901=VERTEX_POINT('',#3171);
#902=VERTEX_POINT('',#3173);
#903=VERTEX_POINT('',#3177);
#904=VERTEX_POINT('',#3178);
#905=VERTEX_POINT('',#3180);
#906=VERTEX_POINT('',#3182);
#907=VERTEX_POINT('',#3189);
#908=VERTEX_POINT('',#3190);
#909=VERTEX_POINT('',#3192);
#910=VERTEX_POINT('',#3194);
#911=VERTEX_POINT('',#3208);
#912=VERTEX_POINT('',#3209);
#913=VERTEX_POINT('',#3211);
#914=VERTEX_POINT('',#3213);
#915=VERTEX_POINT('',#3217);
#916=VERTEX_POINT('',#3218);
#917=VERTEX_POINT('',#3220);
#918=VERTEX_POINT('',#3222);
#919=VERTEX_POINT('',#3226);
#920=VERTEX_POINT('',#3227);
#921=VERTEX_POINT('',#3229);
#922=VERTEX_POINT('',#3231);
#923=VERTEX_POINT('',#3238);
#924=VERTEX_POINT('',#3240);
#925=VERTEX_POINT('',#3244);
#926=VERTEX_POINT('',#3245);
#927=VERTEX_POINT('',#3257);
#928=VERTEX_POINT('',#3258);
#929=VERTEX_POINT('',#3260);
#930=VERTEX_POINT('',#3262);
#931=VERTEX_POINT('',#3266);
#932=VERTEX_POINT('',#3267);
#933=VERTEX_POINT('',#3269);
#934=VERTEX_POINT('',#3271);
#935=VERTEX_POINT('',#3273);
#936=VERTEX_POINT('',#3275);
#937=VERTEX_POINT('',#3277);
#938=VERTEX_POINT('',#3279);
#939=VERTEX_POINT('',#3283);
#940=VERTEX_POINT('',#3284);
#941=VERTEX_POINT('',#3289);
#942=VERTEX_POINT('',#3290);
#943=VERTEX_POINT('',#3294);
#944=VERTEX_POINT('',#3296);
#945=VERTEX_POINT('',#3300);
#946=VERTEX_POINT('',#3311);
#947=VERTEX_POINT('',#3312);
#948=VERTEX_POINT('',#3314);
#949=VERTEX_POINT('',#3316);
#950=VERTEX_POINT('',#3320);
#951=VERTEX_POINT('',#3321);
#952=VERTEX_POINT('',#3323);
#953=VERTEX_POINT('',#3325);
#954=VERTEX_POINT('',#3329);
#955=VERTEX_POINT('',#3330);
#956=VERTEX_POINT('',#3335);
#957=VERTEX_POINT('',#3336);
#958=VERTEX_POINT('',#3338);
#959=VERTEX_POINT('',#3340);
#960=VERTEX_POINT('',#3344);
#961=VERTEX_POINT('',#3345);
#962=VERTEX_POINT('',#3350);
#963=VERTEX_POINT('',#3351);
#964=VERTEX_POINT('',#3353);
#965=VERTEX_POINT('',#3355);
#966=VERTEX_POINT('',#3359);
#967=VERTEX_POINT('',#3360);
#968=VERTEX_POINT('',#3365);
#969=VERTEX_POINT('',#3366);
#970=VERTEX_POINT('',#3368);
#971=VERTEX_POINT('',#3370);
#972=VERTEX_POINT('',#3374);
#973=VERTEX_POINT('',#3375);
#974=VERTEX_POINT('',#3380);
#975=VERTEX_POINT('',#3381);
#976=VERTEX_POINT('',#3383);
#977=VERTEX_POINT('',#3385);
#978=VERTEX_POINT('',#3389);
#979=VERTEX_POINT('',#3390);
#980=VERTEX_POINT('',#3395);
#981=VERTEX_POINT('',#3396);
#982=VERTEX_POINT('',#3398);
#983=VERTEX_POINT('',#3400);
#984=VERTEX_POINT('',#3404);
#985=VERTEX_POINT('',#3405);
#986=VERTEX_POINT('',#3407);
#987=VERTEX_POINT('',#3409);
#988=VERTEX_POINT('',#3413);
#989=VERTEX_POINT('',#3415);
#990=VERTEX_POINT('',#3419);
#991=VERTEX_POINT('',#3421);
#992=VERTEX_POINT('',#3427);
#993=VERTEX_POINT('',#3428);
#994=VERTEX_POINT('',#3435);
#995=VERTEX_POINT('',#3439);
#996=VERTEX_POINT('',#3445);
#997=VERTEX_POINT('',#3449);
#998=VERTEX_POINT('',#3455);
#999=VERTEX_POINT('',#3459);
#1000=VERTEX_POINT('',#3465);
#1001=VERTEX_POINT('',#3469);
#1002=VERTEX_POINT('',#3475);
#1003=VERTEX_POINT('',#3479);
#1004=VERTEX_POINT('',#3485);
#1005=VERTEX_POINT('',#3489);
#1006=VERTEX_POINT('',#3495);
#1007=VERTEX_POINT('',#3496);
#1008=VERTEX_POINT('',#3498);
#1009=VERTEX_POINT('',#3500);
#1010=VERTEX_POINT('',#3504);
#1011=VERTEX_POINT('',#3506);
#1012=VERTEX_POINT('',#3515);
#1013=VERTEX_POINT('',#3517);
#1014=VERTEX_POINT('',#3519);
#1015=VERTEX_POINT('',#3521);
#1016=VERTEX_POINT('',#3523);
#1017=VERTEX_POINT('',#3525);
#1018=VERTEX_POINT('',#3527);
#1019=VERTEX_POINT('',#3529);
#1020=VERTEX_POINT('',#3533);
#1021=VERTEX_POINT('',#3535);
#1022=VERTEX_POINT('',#3539);
#1023=VERTEX_POINT('',#3541);
#1024=VERTEX_POINT('',#3549);
#1025=VERTEX_POINT('',#3551);
#1026=VERTEX_POINT('',#3555);
#1027=VERTEX_POINT('',#3557);
#1028=VERTEX_POINT('',#3561);
#1029=VERTEX_POINT('',#3562);
#1030=VERTEX_POINT('',#3564);
#1031=VERTEX_POINT('',#3566);
#1032=EDGE_CURVE('',#836,#836,#794,.T.);
#1033=EDGE_CURVE('',#837,#837,#795,.T.);
#1034=EDGE_CURVE('',#838,#838,#796,.T.);
#1035=EDGE_CURVE('',#838,#837,#14,.T.);
#1036=EDGE_CURVE('',#839,#840,#15,.T.);
#1037=EDGE_CURVE('',#839,#841,#16,.T.);
#1038=EDGE_CURVE('',#842,#841,#17,.T.);
#1039=EDGE_CURVE('',#840,#842,#18,.T.);
#1040=EDGE_CURVE('',#840,#843,#19,.T.);
#1041=EDGE_CURVE('',#844,#842,#20,.T.);
#1042=EDGE_CURVE('',#843,#844,#21,.T.);
#1043=EDGE_CURVE('',#843,#845,#22,.T.);
#1044=EDGE_CURVE('',#846,#844,#23,.T.);
#1045=EDGE_CURVE('',#845,#846,#24,.T.);
#1046=EDGE_CURVE('',#845,#839,#25,.T.);
#1047=EDGE_CURVE('',#841,#846,#26,.T.);
#1048=EDGE_CURVE('',#847,#848,#27,.T.);
#1049=EDGE_CURVE('',#849,#848,#28,.T.);
#1050=EDGE_CURVE('',#850,#849,#29,.T.);
#1051=EDGE_CURVE('',#847,#850,#30,.T.);
#1052=EDGE_CURVE('',#851,#852,#31,.T.);
#1053=EDGE_CURVE('',#853,#852,#32,.T.);
#1054=EDGE_CURVE('',#853,#854,#33,.T.);
#1055=EDGE_CURVE('',#851,#854,#34,.T.);
#1056=EDGE_CURVE('',#855,#856,#35,.T.);
#1057=EDGE_CURVE('',#857,#856,#36,.T.);
#1058=EDGE_CURVE('',#857,#858,#37,.T.);
#1059=EDGE_CURVE('',#855,#858,#38,.T.);
#1060=EDGE_CURVE('',#858,#849,#39,.T.);
#1061=EDGE_CURVE('',#850,#857,#40,.T.);
#1062=EDGE_CURVE('',#854,#859,#41,.T.);
#1063=EDGE_CURVE('',#860,#853,#42,.T.);
#1064=EDGE_CURVE('',#860,#859,#43,.T.);
#1065=EDGE_CURVE('',#861,#862,#44,.T.);
#1066=EDGE_CURVE('',#859,#862,#45,.T.);
#1067=EDGE_CURVE('',#861,#860,#46,.T.);
#1068=EDGE_CURVE('',#856,#861,#797,.T.);
#1069=EDGE_CURVE('',#862,#855,#798,.T.);
#1070=EDGE_CURVE('',#848,#851,#799,.T.);
#1071=EDGE_CURVE('',#852,#847,#800,.T.);
#1072=EDGE_CURVE('',#863,#864,#47,.T.);
#1073=EDGE_CURVE('',#865,#864,#801,.T.);
#1074=EDGE_CURVE('',#865,#866,#48,.T.);
#1075=EDGE_CURVE('',#863,#866,#802,.T.);
#1076=EDGE_CURVE('',#867,#868,#49,.T.);
#1077=EDGE_CURVE('',#869,#868,#803,.T.);
#1078=EDGE_CURVE('',#869,#870,#50,.T.);
#1079=EDGE_CURVE('',#867,#870,#804,.T.);
#1080=EDGE_CURVE('',#871,#869,#51,.T.);
#1081=EDGE_CURVE('',#871,#872,#52,.T.);
#1082=EDGE_CURVE('',#870,#872,#53,.T.);
#1083=EDGE_CURVE('',#873,#865,#54,.T.);
#1084=EDGE_CURVE('',#874,#873,#55,.T.);
#1085=EDGE_CURVE('',#866,#874,#56,.T.);
#1086=EDGE_CURVE('',#875,#867,#57,.T.);
#1087=EDGE_CURVE('',#876,#875,#58,.T.);
#1088=EDGE_CURVE('',#868,#876,#59,.T.);
#1089=EDGE_CURVE('',#872,#873,#60,.T.);
#1090=EDGE_CURVE('',#874,#871,#61,.T.);
#1091=EDGE_CURVE('',#877,#863,#62,.T.);
#1092=EDGE_CURVE('',#877,#878,#63,.T.);
#1093=EDGE_CURVE('',#864,#878,#64,.T.);
#1094=EDGE_CURVE('',#878,#875,#65,.T.);
#1095=EDGE_CURVE('',#876,#877,#66,.T.);
#1096=EDGE_CURVE('',#879,#880,#67,.T.);
#1097=EDGE_CURVE('',#881,#880,#805,.T.);
#1098=EDGE_CURVE('',#881,#882,#68,.T.);
#1099=EDGE_CURVE('',#879,#882,#806,.T.);
#1100=EDGE_CURVE('',#883,#884,#69,.T.);
#1101=EDGE_CURVE('',#885,#884,#807,.T.);
#1102=EDGE_CURVE('',#885,#886,#70,.T.);
#1103=EDGE_CURVE('',#883,#886,#808,.T.);
#1104=EDGE_CURVE('',#887,#885,#71,.T.);
#1105=EDGE_CURVE('',#887,#888,#72,.T.);
#1106=EDGE_CURVE('',#886,#888,#73,.T.);
#1107=EDGE_CURVE('',#889,#881,#74,.T.);
#1108=EDGE_CURVE('',#890,#889,#75,.T.);
#1109=EDGE_CURVE('',#882,#890,#76,.T.);
#1110=EDGE_CURVE('',#891,#892,#77,.T.);
#1111=EDGE_CURVE('',#893,#891,#78,.T.);
#1112=EDGE_CURVE('',#894,#893,#79,.T.);
#1113=EDGE_CURVE('',#894,#892,#80,.T.);
#1114=EDGE_CURVE('',#892,#883,#81,.T.);
#1115=EDGE_CURVE('',#884,#894,#82,.T.);
#1116=EDGE_CURVE('',#888,#889,#83,.T.);
#1117=EDGE_CURVE('',#890,#887,#84,.T.);
#1118=EDGE_CURVE('',#893,#879,#85,.T.);
#1119=EDGE_CURVE('',#880,#891,#86,.T.);
#1120=EDGE_CURVE('',#895,#896,#87,.T.);
#1121=EDGE_CURVE('',#897,#896,#88,.T.);
#1122=EDGE_CURVE('',#897,#898,#89,.T.);
#1123=EDGE_CURVE('',#895,#898,#90,.T.);
#1124=EDGE_CURVE('',#899,#900,#91,.T.);
#1125=EDGE_CURVE('',#901,#900,#92,.T.);
#1126=EDGE_CURVE('',#902,#901,#93,.T.);
#1127=EDGE_CURVE('',#899,#902,#94,.T.);
#1128=EDGE_CURVE('',#903,#904,#95,.T.);
#1129=EDGE_CURVE('',#905,#904,#96,.T.);
#1130=EDGE_CURVE('',#906,#905,#97,.T.);
#1131=EDGE_CURVE('',#903,#906,#98,.T.);
#1132=EDGE_CURVE('',#898,#905,#99,.T.);
#1133=EDGE_CURVE('',#906,#897,#100,.T.);
#1134=EDGE_CURVE('',#907,#908,#101,.T.);
#1135=EDGE_CURVE('',#909,#908,#102,.T.);
#1136=EDGE_CURVE('',#909,#910,#103,.T.);
#1137=EDGE_CURVE('',#907,#910,#104,.T.);
#1138=EDGE_CURVE('',#910,#901,#105,.T.);
#1139=EDGE_CURVE('',#902,#909,#106,.T.);
#1140=EDGE_CURVE('',#900,#895,#809,.T.);
#1141=EDGE_CURVE('',#904,#907,#810,.T.);
#1142=EDGE_CURVE('',#908,#903,#811,.T.);
#1143=EDGE_CURVE('',#896,#899,#812,.T.);
#1144=EDGE_CURVE('',#911,#912,#107,.T.);
#1145=EDGE_CURVE('',#913,#912,#108,.T.);
#1146=EDGE_CURVE('',#914,#913,#109,.T.);
#1147=EDGE_CURVE('',#911,#914,#110,.T.);
#1148=EDGE_CURVE('',#915,#916,#111,.T.);
#1149=EDGE_CURVE('',#917,#916,#112,.T.);
#1150=EDGE_CURVE('',#917,#918,#113,.T.);
#1151=EDGE_CURVE('',#915,#918,#114,.T.);
#1152=EDGE_CURVE('',#919,#920,#115,.T.);
#1153=EDGE_CURVE('',#921,#920,#116,.T.);
#1154=EDGE_CURVE('',#921,#922,#117,.T.);
#1155=EDGE_CURVE('',#919,#922,#118,.T.);
#1156=EDGE_CURVE('',#922,#913,#119,.T.);
#1157=EDGE_CURVE('',#914,#921,#120,.T.);
#1158=EDGE_CURVE('',#918,#923,#121,.T.);
#1159=EDGE_CURVE('',#924,#917,#122,.T.);
#1160=EDGE_CURVE('',#924,#923,#123,.T.);
#1161=EDGE_CURVE('',#925,#926,#124,.T.);
#1162=EDGE_CURVE('',#923,#926,#125,.T.);
#1163=EDGE_CURVE('',#925,#924,#126,.T.);
#1164=EDGE_CURVE('',#920,#925,#813,.T.);
#1165=EDGE_CURVE('',#926,#919,#814,.T.);
#1166=EDGE_CURVE('',#912,#915,#815,.T.);
#1167=EDGE_CURVE('',#916,#911,#816,.T.);
#1168=EDGE_CURVE('',#927,#928,#127,.T.);
#1169=EDGE_CURVE('',#929,#928,#128,.T.);
#1170=EDGE_CURVE('',#930,#929,#129,.T.);
#1171=EDGE_CURVE('',#927,#930,#130,.T.);
#1172=EDGE_CURVE('',#931,#932,#131,.T.);
#1173=EDGE_CURVE('',#933,#931,#132,.T.);
#1174=EDGE_CURVE('',#934,#933,#133,.T.);
#1175=EDGE_CURVE('',#935,#934,#134,.T.);
#1176=EDGE_CURVE('',#936,#935,#135,.T.);
#1177=EDGE_CURVE('',#937,#936,#136,.T.);
#1178=EDGE_CURVE('',#938,#937,#137,.T.);
#1179=EDGE_CURVE('',#932,#938,#138,.T.);
#1180=EDGE_CURVE('',#939,#940,#139,.T.);
#1181=EDGE_CURVE('',#931,#939,#140,.T.);
#1182=EDGE_CURVE('',#940,#932,#141,.T.);
#1183=EDGE_CURVE('',#941,#942,#142,.T.);
#1184=EDGE_CURVE('',#939,#941,#143,.T.);
#1185=EDGE_CURVE('',#928,#940,#144,.T.);
#1186=EDGE_CURVE('',#927,#943,#145,.T.);
#1187=EDGE_CURVE('',#944,#943,#146,.T.);
#1188=EDGE_CURVE('',#942,#944,#147,.T.);
#1189=EDGE_CURVE('',#836,#945,#148,.T.);
#1190=EDGE_CURVE('',#944,#945,#817,.T.);
#1191=EDGE_CURVE('',#943,#936,#818,.T.);
#1192=EDGE_CURVE('',#945,#935,#819,.T.);
#1193=EDGE_CURVE('',#941,#933,#820,.T.);
#1194=EDGE_CURVE('',#942,#934,#821,.T.);
#1195=EDGE_CURVE('',#946,#947,#149,.T.);
#1196=EDGE_CURVE('',#948,#947,#150,.T.);
#1197=EDGE_CURVE('',#949,#948,#151,.T.);
#1198=EDGE_CURVE('',#946,#949,#152,.T.);
#1199=EDGE_CURVE('',#950,#951,#822,.T.);
#1200=EDGE_CURVE('',#952,#950,#153,.T.);
#1201=EDGE_CURVE('',#953,#952,#154,.T.);
#1202=EDGE_CURVE('',#953,#951,#155,.T.);
#1203=EDGE_CURVE('',#954,#955,#823,.T.);
#1204=EDGE_CURVE('',#955,#950,#156,.T.);
#1205=EDGE_CURVE('',#951,#954,#157,.T.);
#1206=EDGE_CURVE('',#956,#957,#824,.T.);
#1207=EDGE_CURVE('',#958,#956,#158,.T.);
#1208=EDGE_CURVE('',#959,#958,#159,.T.);
#1209=EDGE_CURVE('',#959,#957,#160,.T.);
#1210=EDGE_CURVE('',#960,#961,#825,.T.);
#1211=EDGE_CURVE('',#961,#956,#161,.T.);
#1212=EDGE_CURVE('',#957,#960,#162,.T.);
#1213=EDGE_CURVE('',#962,#963,#826,.T.);
#1214=EDGE_CURVE('',#964,#962,#163,.T.);
#1215=EDGE_CURVE('',#965,#964,#164,.T.);
#1216=EDGE_CURVE('',#965,#963,#165,.T.);
#1217=EDGE_CURVE('',#966,#967,#827,.T.);
#1218=EDGE_CURVE('',#967,#962,#166,.T.);
#1219=EDGE_CURVE('',#963,#966,#167,.T.);
#1220=EDGE_CURVE('',#968,#969,#828,.T.);
#1221=EDGE_CURVE('',#970,#968,#168,.T.);
#1222=EDGE_CURVE('',#971,#970,#169,.T.);
#1223=EDGE_CURVE('',#971,#969,#170,.T.);
#1224=EDGE_CURVE('',#972,#973,#829,.T.);
#1225=EDGE_CURVE('',#973,#968,#171,.T.);
#1226=EDGE_CURVE('',#969,#972,#172,.T.);
#1227=EDGE_CURVE('',#974,#975,#830,.T.);
#1228=EDGE_CURVE('',#976,#974,#173,.T.);
#1229=EDGE_CURVE('',#977,#976,#174,.T.);
#1230=EDGE_CURVE('',#977,#975,#175,.T.);
#1231=EDGE_CURVE('',#978,#979,#831,.T.);
#1232=EDGE_CURVE('',#979,#974,#176,.T.);
#1233=EDGE_CURVE('',#975,#978,#177,.T.);
#1234=EDGE_CURVE('',#980,#981,#832,.T.);
#1235=EDGE_CURVE('',#982,#980,#178,.T.);
#1236=EDGE_CURVE('',#983,#982,#179,.T.);
#1237=EDGE_CURVE('',#983,#981,#180,.T.);
#1238=EDGE_CURVE('',#984,#985,#833,.T.);
#1239=EDGE_CURVE('',#986,#984,#181,.T.);
#1240=EDGE_CURVE('',#987,#986,#182,.T.);
#1241=EDGE_CURVE('',#987,#985,#183,.T.);
#1242=EDGE_CURVE('',#985,#988,#184,.T.);
#1243=EDGE_CURVE('',#988,#989,#834,.T.);
#1244=EDGE_CURVE('',#989,#984,#185,.T.);
#1245=EDGE_CURVE('',#990,#988,#186,.T.);
#1246=EDGE_CURVE('',#991,#990,#187,.T.);
#1247=EDGE_CURVE('',#991,#989,#188,.T.);
#1248=EDGE_CURVE('',#990,#987,#189,.T.);
#1249=EDGE_CURVE('',#992,#993,#835,.T.);
#1250=EDGE_CURVE('',#993,#980,#190,.T.);
#1251=EDGE_CURVE('',#981,#992,#191,.T.);
#1252=EDGE_CURVE('',#986,#991,#192,.T.);
#1253=EDGE_CURVE('',#994,#983,#193,.T.);
#1254=EDGE_CURVE('',#994,#992,#194,.T.);
#1255=EDGE_CURVE('',#995,#993,#195,.T.);
#1256=EDGE_CURVE('',#982,#995,#196,.T.);
#1257=EDGE_CURVE('',#995,#994,#197,.T.);
#1258=EDGE_CURVE('',#996,#979,#198,.T.);
#1259=EDGE_CURVE('',#976,#996,#199,.T.);
#1260=EDGE_CURVE('',#997,#978,#200,.T.);
#1261=EDGE_CURVE('',#996,#997,#201,.T.);
#1262=EDGE_CURVE('',#997,#977,#202,.T.);
#1263=EDGE_CURVE('',#998,#973,#203,.T.);
#1264=EDGE_CURVE('',#970,#998,#204,.T.);
#1265=EDGE_CURVE('',#999,#972,#205,.T.);
#1266=EDGE_CURVE('',#998,#999,#206,.T.);
#1267=EDGE_CURVE('',#999,#971,#207,.T.);
#1268=EDGE_CURVE('',#1000,#967,#208,.T.);
#1269=EDGE_CURVE('',#964,#1000,#209,.T.);
#1270=EDGE_CURVE('',#1001,#966,#210,.T.);
#1271=EDGE_CURVE('',#1000,#1001,#211,.T.);
#1272=EDGE_CURVE('',#1001,#965,#212,.T.);
#1273=EDGE_CURVE('',#1002,#961,#213,.T.);
#1274=EDGE_CURVE('',#958,#1002,#214,.T.);
#1275=EDGE_CURVE('',#1003,#960,#215,.T.);
#1276=EDGE_CURVE('',#1002,#1003,#216,.T.);
#1277=EDGE_CURVE('',#1003,#959,#217,.T.);
#1278=EDGE_CURVE('',#1004,#955,#218,.T.);
#1279=EDGE_CURVE('',#952,#1004,#219,.T.);
#1280=EDGE_CURVE('',#1005,#954,#220,.T.);
#1281=EDGE_CURVE('',#1004,#1005,#221,.T.);
#1282=EDGE_CURVE('',#1005,#953,#222,.T.);
#1283=EDGE_CURVE('',#1006,#1007,#223,.T.);
#1284=EDGE_CURVE('',#1008,#1006,#224,.T.);
#1285=EDGE_CURVE('',#1008,#1009,#225,.T.);
#1286=EDGE_CURVE('',#1009,#1007,#226,.T.);
#1287=EDGE_CURVE('',#930,#1010,#227,.T.);
#1288=EDGE_CURVE('',#1011,#929,#228,.T.);
#1289=EDGE_CURVE('',#1010,#1011,#229,.T.);
#1290=EDGE_CURVE('',#938,#1009,#230,.T.);
#1291=EDGE_CURVE('',#1011,#1008,#231,.T.);
#1292=EDGE_CURVE('',#1007,#937,#232,.T.);
#1293=EDGE_CURVE('',#1010,#1012,#233,.T.);
#1294=EDGE_CURVE('',#1012,#1013,#234,.T.);
#1295=EDGE_CURVE('',#1013,#1014,#235,.T.);
#1296=EDGE_CURVE('',#1014,#1015,#236,.T.);
#1297=EDGE_CURVE('',#1015,#1016,#237,.T.);
#1298=EDGE_CURVE('',#1016,#1017,#238,.T.);
#1299=EDGE_CURVE('',#1017,#1018,#239,.T.);
#1300=EDGE_CURVE('',#1018,#1019,#240,.T.);
#1301=EDGE_CURVE('',#1019,#1006,#241,.T.);
#1302=EDGE_CURVE('',#1012,#1020,#242,.T.);
#1303=EDGE_CURVE('',#1021,#1020,#243,.T.);
#1304=EDGE_CURVE('',#1021,#1013,#244,.T.);
#1305=EDGE_CURVE('',#1020,#1022,#245,.T.);
#1306=EDGE_CURVE('',#1023,#1022,#246,.T.);
#1307=EDGE_CURVE('',#1023,#1021,#247,.T.);
#1308=EDGE_CURVE('',#1022,#1019,#248,.T.);
#1309=EDGE_CURVE('',#1018,#1023,#249,.T.);
#1310=EDGE_CURVE('',#1024,#946,#250,.T.);
#1311=EDGE_CURVE('',#1025,#1024,#251,.T.);
#1312=EDGE_CURVE('',#947,#1025,#252,.T.);
#1313=EDGE_CURVE('',#1026,#1024,#253,.T.);
#1314=EDGE_CURVE('',#1027,#1026,#254,.T.);
#1315=EDGE_CURVE('',#1025,#1027,#255,.T.);
#1316=EDGE_CURVE('',#1028,#1029,#256,.T.);
#1317=EDGE_CURVE('',#1030,#1028,#257,.T.);
#1318=EDGE_CURVE('',#1031,#1030,#258,.T.);
#1319=EDGE_CURVE('',#1031,#1029,#259,.T.);
#1320=EDGE_CURVE('',#1029,#1014,#260,.T.);
#1321=EDGE_CURVE('',#1015,#1031,#261,.T.);
#1322=EDGE_CURVE('',#1017,#1026,#262,.T.);
#1323=EDGE_CURVE('',#1016,#1027,#263,.T.);
#1324=EDGE_CURVE('',#1028,#949,#264,.T.);
#1325=EDGE_CURVE('',#1030,#948,#265,.T.);
#1326=ORIENTED_EDGE('',*,*,#1032,.T.);
#1327=ORIENTED_EDGE('',*,*,#1033,.F.);
#1328=ORIENTED_EDGE('',*,*,#1034,.F.);
#1329=ORIENTED_EDGE('',*,*,#1035,.T.);
#1330=ORIENTED_EDGE('',*,*,#1033,.T.);
#1331=ORIENTED_EDGE('',*,*,#1035,.F.);
#1332=ORIENTED_EDGE('',*,*,#1036,.F.);
#1333=ORIENTED_EDGE('',*,*,#1037,.T.);
#1334=ORIENTED_EDGE('',*,*,#1038,.F.);
#1335=ORIENTED_EDGE('',*,*,#1039,.F.);
#1336=ORIENTED_EDGE('',*,*,#1040,.F.);
#1337=ORIENTED_EDGE('',*,*,#1039,.T.);
#1338=ORIENTED_EDGE('',*,*,#1041,.F.);
#1339=ORIENTED_EDGE('',*,*,#1042,.F.);
#1340=ORIENTED_EDGE('',*,*,#1043,.F.);
#1341=ORIENTED_EDGE('',*,*,#1042,.T.);
#1342=ORIENTED_EDGE('',*,*,#1044,.F.);
#1343=ORIENTED_EDGE('',*,*,#1045,.F.);
#1344=ORIENTED_EDGE('',*,*,#1046,.F.);
#1345=ORIENTED_EDGE('',*,*,#1045,.T.);
#1346=ORIENTED_EDGE('',*,*,#1047,.F.);
#1347=ORIENTED_EDGE('',*,*,#1037,.F.);
#1348=ORIENTED_EDGE('',*,*,#1047,.T.);
#1349=ORIENTED_EDGE('',*,*,#1044,.T.);
#1350=ORIENTED_EDGE('',*,*,#1041,.T.);
#1351=ORIENTED_EDGE('',*,*,#1038,.T.);
#1352=ORIENTED_EDGE('',*,*,#1034,.T.);
#1353=ORIENTED_EDGE('',*,*,#1048,.T.);
#1354=ORIENTED_EDGE('',*,*,#1049,.F.);
#1355=ORIENTED_EDGE('',*,*,#1050,.F.);
#1356=ORIENTED_EDGE('',*,*,#1051,.F.);
#1357=ORIENTED_EDGE('',*,*,#1052,.T.);
#1358=ORIENTED_EDGE('',*,*,#1053,.F.);
#1359=ORIENTED_EDGE('',*,*,#1054,.T.);
#1360=ORIENTED_EDGE('',*,*,#1055,.F.);
#1361=ORIENTED_EDGE('',*,*,#1056,.T.);
#1362=ORIENTED_EDGE('',*,*,#1057,.F.);
#1363=ORIENTED_EDGE('',*,*,#1058,.T.);
#1364=ORIENTED_EDGE('',*,*,#1059,.F.);
#1365=ORIENTED_EDGE('',*,*,#1060,.F.);
#1366=ORIENTED_EDGE('',*,*,#1058,.F.);
#1367=ORIENTED_EDGE('',*,*,#1061,.F.);
#1368=ORIENTED_EDGE('',*,*,#1050,.T.);
#1369=ORIENTED_EDGE('',*,*,#1062,.F.);
#1370=ORIENTED_EDGE('',*,*,#1054,.F.);
#1371=ORIENTED_EDGE('',*,*,#1063,.F.);
#1372=ORIENTED_EDGE('',*,*,#1064,.T.);
#1373=ORIENTED_EDGE('',*,*,#1065,.T.);
#1374=ORIENTED_EDGE('',*,*,#1066,.F.);
#1375=ORIENTED_EDGE('',*,*,#1064,.F.);
#1376=ORIENTED_EDGE('',*,*,#1067,.F.);
#1377=ORIENTED_EDGE('',*,*,#1065,.F.);
#1378=ORIENTED_EDGE('',*,*,#1068,.F.);
#1379=ORIENTED_EDGE('',*,*,#1056,.F.);
#1380=ORIENTED_EDGE('',*,*,#1069,.F.);
#1381=ORIENTED_EDGE('',*,*,#1052,.F.);
#1382=ORIENTED_EDGE('',*,*,#1070,.F.);
#1383=ORIENTED_EDGE('',*,*,#1048,.F.);
#1384=ORIENTED_EDGE('',*,*,#1071,.F.);
#1385=ORIENTED_EDGE('',*,*,#1070,.T.);
#1386=ORIENTED_EDGE('',*,*,#1055,.T.);
#1387=ORIENTED_EDGE('',*,*,#1062,.T.);
#1388=ORIENTED_EDGE('',*,*,#1066,.T.);
#1389=ORIENTED_EDGE('',*,*,#1069,.T.);
#1390=ORIENTED_EDGE('',*,*,#1059,.T.);
#1391=ORIENTED_EDGE('',*,*,#1060,.T.);
#1392=ORIENTED_EDGE('',*,*,#1049,.T.);
#1393=ORIENTED_EDGE('',*,*,#1072,.T.);
#1394=ORIENTED_EDGE('',*,*,#1073,.F.);
#1395=ORIENTED_EDGE('',*,*,#1074,.T.);
#1396=ORIENTED_EDGE('',*,*,#1075,.F.);
#1397=ORIENTED_EDGE('',*,*,#1076,.T.);
#1398=ORIENTED_EDGE('',*,*,#1077,.F.);
#1399=ORIENTED_EDGE('',*,*,#1078,.T.);
#1400=ORIENTED_EDGE('',*,*,#1079,.F.);
#1401=ORIENTED_EDGE('',*,*,#1078,.F.);
#1402=ORIENTED_EDGE('',*,*,#1080,.F.);
#1403=ORIENTED_EDGE('',*,*,#1081,.T.);
#1404=ORIENTED_EDGE('',*,*,#1082,.F.);
#1405=ORIENTED_EDGE('',*,*,#1074,.F.);
#1406=ORIENTED_EDGE('',*,*,#1083,.F.);
#1407=ORIENTED_EDGE('',*,*,#1084,.F.);
#1408=ORIENTED_EDGE('',*,*,#1085,.F.);
#1409=ORIENTED_EDGE('',*,*,#1076,.F.);
#1410=ORIENTED_EDGE('',*,*,#1086,.F.);
#1411=ORIENTED_EDGE('',*,*,#1087,.F.);
#1412=ORIENTED_EDGE('',*,*,#1088,.F.);
#1413=ORIENTED_EDGE('',*,*,#1089,.F.);
#1414=ORIENTED_EDGE('',*,*,#1081,.F.);
#1415=ORIENTED_EDGE('',*,*,#1090,.F.);
#1416=ORIENTED_EDGE('',*,*,#1084,.T.);
#1417=ORIENTED_EDGE('',*,*,#1072,.F.);
#1418=ORIENTED_EDGE('',*,*,#1091,.F.);
#1419=ORIENTED_EDGE('',*,*,#1092,.T.);
#1420=ORIENTED_EDGE('',*,*,#1093,.F.);
#1421=ORIENTED_EDGE('',*,*,#1094,.F.);
#1422=ORIENTED_EDGE('',*,*,#1092,.F.);
#1423=ORIENTED_EDGE('',*,*,#1095,.F.);
#1424=ORIENTED_EDGE('',*,*,#1087,.T.);
#1425=ORIENTED_EDGE('',*,*,#1086,.T.);
#1426=ORIENTED_EDGE('',*,*,#1079,.T.);
#1427=ORIENTED_EDGE('',*,*,#1082,.T.);
#1428=ORIENTED_EDGE('',*,*,#1089,.T.);
#1429=ORIENTED_EDGE('',*,*,#1083,.T.);
#1430=ORIENTED_EDGE('',*,*,#1073,.T.);
#1431=ORIENTED_EDGE('',*,*,#1093,.T.);
#1432=ORIENTED_EDGE('',*,*,#1094,.T.);
#1433=ORIENTED_EDGE('',*,*,#1096,.T.);
#1434=ORIENTED_EDGE('',*,*,#1097,.F.);
#1435=ORIENTED_EDGE('',*,*,#1098,.T.);
#1436=ORIENTED_EDGE('',*,*,#1099,.F.);
#1437=ORIENTED_EDGE('',*,*,#1100,.T.);
#1438=ORIENTED_EDGE('',*,*,#1101,.F.);
#1439=ORIENTED_EDGE('',*,*,#1102,.T.);
#1440=ORIENTED_EDGE('',*,*,#1103,.F.);
#1441=ORIENTED_EDGE('',*,*,#1102,.F.);
#1442=ORIENTED_EDGE('',*,*,#1104,.F.);
#1443=ORIENTED_EDGE('',*,*,#1105,.T.);
#1444=ORIENTED_EDGE('',*,*,#1106,.F.);
#1445=ORIENTED_EDGE('',*,*,#1098,.F.);
#1446=ORIENTED_EDGE('',*,*,#1107,.F.);
#1447=ORIENTED_EDGE('',*,*,#1108,.F.);
#1448=ORIENTED_EDGE('',*,*,#1109,.F.);
#1449=ORIENTED_EDGE('',*,*,#1110,.F.);
#1450=ORIENTED_EDGE('',*,*,#1111,.F.);
#1451=ORIENTED_EDGE('',*,*,#1112,.F.);
#1452=ORIENTED_EDGE('',*,*,#1113,.T.);
#1453=ORIENTED_EDGE('',*,*,#1100,.F.);
#1454=ORIENTED_EDGE('',*,*,#1114,.F.);
#1455=ORIENTED_EDGE('',*,*,#1113,.F.);
#1456=ORIENTED_EDGE('',*,*,#1115,.F.);
#1457=ORIENTED_EDGE('',*,*,#1116,.F.);
#1458=ORIENTED_EDGE('',*,*,#1105,.F.);
#1459=ORIENTED_EDGE('',*,*,#1117,.F.);
#1460=ORIENTED_EDGE('',*,*,#1108,.T.);
#1461=ORIENTED_EDGE('',*,*,#1096,.F.);
#1462=ORIENTED_EDGE('',*,*,#1118,.F.);
#1463=ORIENTED_EDGE('',*,*,#1111,.T.);
#1464=ORIENTED_EDGE('',*,*,#1119,.F.);
#1465=ORIENTED_EDGE('',*,*,#1114,.T.);
#1466=ORIENTED_EDGE('',*,*,#1103,.T.);
#1467=ORIENTED_EDGE('',*,*,#1106,.T.);
#1468=ORIENTED_EDGE('',*,*,#1116,.T.);
#1469=ORIENTED_EDGE('',*,*,#1107,.T.);
#1470=ORIENTED_EDGE('',*,*,#1097,.T.);
#1471=ORIENTED_EDGE('',*,*,#1119,.T.);
#1472=ORIENTED_EDGE('',*,*,#1110,.T.);
#1473=ORIENTED_EDGE('',*,*,#1120,.T.);
#1474=ORIENTED_EDGE('',*,*,#1121,.F.);
#1475=ORIENTED_EDGE('',*,*,#1122,.T.);
#1476=ORIENTED_EDGE('',*,*,#1123,.F.);
#1477=ORIENTED_EDGE('',*,*,#1124,.T.);
#1478=ORIENTED_EDGE('',*,*,#1125,.F.);
#1479=ORIENTED_EDGE('',*,*,#1126,.F.);
#1480=ORIENTED_EDGE('',*,*,#1127,.F.);
#1481=ORIENTED_EDGE('',*,*,#1128,.T.);
#1482=ORIENTED_EDGE('',*,*,#1129,.F.);
#1483=ORIENTED_EDGE('',*,*,#1130,.F.);
#1484=ORIENTED_EDGE('',*,*,#1131,.F.);
#1485=ORIENTED_EDGE('',*,*,#1132,.F.);
#1486=ORIENTED_EDGE('',*,*,#1122,.F.);
#1487=ORIENTED_EDGE('',*,*,#1133,.F.);
#1488=ORIENTED_EDGE('',*,*,#1130,.T.);
#1489=ORIENTED_EDGE('',*,*,#1134,.T.);
#1490=ORIENTED_EDGE('',*,*,#1135,.F.);
#1491=ORIENTED_EDGE('',*,*,#1136,.T.);
#1492=ORIENTED_EDGE('',*,*,#1137,.F.);
#1493=ORIENTED_EDGE('',*,*,#1138,.F.);
#1494=ORIENTED_EDGE('',*,*,#1136,.F.);
#1495=ORIENTED_EDGE('',*,*,#1139,.F.);
#1496=ORIENTED_EDGE('',*,*,#1126,.T.);
#1497=ORIENTED_EDGE('',*,*,#1140,.T.);
#1498=ORIENTED_EDGE('',*,*,#1123,.T.);
#1499=ORIENTED_EDGE('',*,*,#1132,.T.);
#1500=ORIENTED_EDGE('',*,*,#1129,.T.);
#1501=ORIENTED_EDGE('',*,*,#1141,.T.);
#1502=ORIENTED_EDGE('',*,*,#1137,.T.);
#1503=ORIENTED_EDGE('',*,*,#1138,.T.);
#1504=ORIENTED_EDGE('',*,*,#1125,.T.);
#1505=ORIENTED_EDGE('',*,*,#1134,.F.);
#1506=ORIENTED_EDGE('',*,*,#1141,.F.);
#1507=ORIENTED_EDGE('',*,*,#1128,.F.);
#1508=ORIENTED_EDGE('',*,*,#1142,.F.);
#1509=ORIENTED_EDGE('',*,*,#1124,.F.);
#1510=ORIENTED_EDGE('',*,*,#1143,.F.);
#1511=ORIENTED_EDGE('',*,*,#1120,.F.);
#1512=ORIENTED_EDGE('',*,*,#1140,.F.);
#1513=ORIENTED_EDGE('',*,*,#1144,.T.);
#1514=ORIENTED_EDGE('',*,*,#1145,.F.);
#1515=ORIENTED_EDGE('',*,*,#1146,.F.);
#1516=ORIENTED_EDGE('',*,*,#1147,.F.);
#1517=ORIENTED_EDGE('',*,*,#1148,.T.);
#1518=ORIENTED_EDGE('',*,*,#1149,.F.);
#1519=ORIENTED_EDGE('',*,*,#1150,.T.);
#1520=ORIENTED_EDGE('',*,*,#1151,.F.);
#1521=ORIENTED_EDGE('',*,*,#1152,.T.);
#1522=ORIENTED_EDGE('',*,*,#1153,.F.);
#1523=ORIENTED_EDGE('',*,*,#1154,.T.);
#1524=ORIENTED_EDGE('',*,*,#1155,.F.);
#1525=ORIENTED_EDGE('',*,*,#1156,.F.);
#1526=ORIENTED_EDGE('',*,*,#1154,.F.);
#1527=ORIENTED_EDGE('',*,*,#1157,.F.);
#1528=ORIENTED_EDGE('',*,*,#1146,.T.);
#1529=ORIENTED_EDGE('',*,*,#1158,.F.);
#1530=ORIENTED_EDGE('',*,*,#1150,.F.);
#1531=ORIENTED_EDGE('',*,*,#1159,.F.);
#1532=ORIENTED_EDGE('',*,*,#1160,.T.);
#1533=ORIENTED_EDGE('',*,*,#1161,.T.);
#1534=ORIENTED_EDGE('',*,*,#1162,.F.);
#1535=ORIENTED_EDGE('',*,*,#1160,.F.);
#1536=ORIENTED_EDGE('',*,*,#1163,.F.);
#1537=ORIENTED_EDGE('',*,*,#1161,.F.);
#1538=ORIENTED_EDGE('',*,*,#1164,.F.);
#1539=ORIENTED_EDGE('',*,*,#1152,.F.);
#1540=ORIENTED_EDGE('',*,*,#1165,.F.);
#1541=ORIENTED_EDGE('',*,*,#1148,.F.);
#1542=ORIENTED_EDGE('',*,*,#1166,.F.);
#1543=ORIENTED_EDGE('',*,*,#1144,.F.);
#1544=ORIENTED_EDGE('',*,*,#1167,.F.);
#1545=ORIENTED_EDGE('',*,*,#1166,.T.);
#1546=ORIENTED_EDGE('',*,*,#1151,.T.);
#1547=ORIENTED_EDGE('',*,*,#1158,.T.);
#1548=ORIENTED_EDGE('',*,*,#1162,.T.);
#1549=ORIENTED_EDGE('',*,*,#1165,.T.);
#1550=ORIENTED_EDGE('',*,*,#1155,.T.);
#1551=ORIENTED_EDGE('',*,*,#1156,.T.);
#1552=ORIENTED_EDGE('',*,*,#1145,.T.);
#1553=ORIENTED_EDGE('',*,*,#1168,.T.);
#1554=ORIENTED_EDGE('',*,*,#1169,.F.);
#1555=ORIENTED_EDGE('',*,*,#1170,.F.);
#1556=ORIENTED_EDGE('',*,*,#1171,.F.);
#1557=ORIENTED_EDGE('',*,*,#1172,.F.);
#1558=ORIENTED_EDGE('',*,*,#1173,.F.);
#1559=ORIENTED_EDGE('',*,*,#1174,.F.);
#1560=ORIENTED_EDGE('',*,*,#1175,.F.);
#1561=ORIENTED_EDGE('',*,*,#1176,.F.);
#1562=ORIENTED_EDGE('',*,*,#1177,.F.);
#1563=ORIENTED_EDGE('',*,*,#1178,.F.);
#1564=ORIENTED_EDGE('',*,*,#1179,.F.);
#1565=ORIENTED_EDGE('',*,*,#1180,.F.);
#1566=ORIENTED_EDGE('',*,*,#1181,.F.);
#1567=ORIENTED_EDGE('',*,*,#1172,.T.);
#1568=ORIENTED_EDGE('',*,*,#1182,.F.);
#1569=ORIENTED_EDGE('',*,*,#1183,.F.);
#1570=ORIENTED_EDGE('',*,*,#1184,.F.);
#1571=ORIENTED_EDGE('',*,*,#1180,.T.);
#1572=ORIENTED_EDGE('',*,*,#1185,.F.);
#1573=ORIENTED_EDGE('',*,*,#1168,.F.);
#1574=ORIENTED_EDGE('',*,*,#1186,.T.);
#1575=ORIENTED_EDGE('',*,*,#1187,.F.);
#1576=ORIENTED_EDGE('',*,*,#1188,.F.);
#1577=ORIENTED_EDGE('',*,*,#1032,.F.);
#1578=ORIENTED_EDGE('',*,*,#1189,.T.);
#1579=ORIENTED_EDGE('',*,*,#1190,.F.);
#1580=ORIENTED_EDGE('',*,*,#1187,.T.);
#1581=ORIENTED_EDGE('',*,*,#1191,.T.);
#1582=ORIENTED_EDGE('',*,*,#1176,.T.);
#1583=ORIENTED_EDGE('',*,*,#1192,.F.);
#1584=ORIENTED_EDGE('',*,*,#1189,.F.);
#1585=ORIENTED_EDGE('',*,*,#1173,.T.);
#1586=ORIENTED_EDGE('',*,*,#1181,.T.);
#1587=ORIENTED_EDGE('',*,*,#1184,.T.);
#1588=ORIENTED_EDGE('',*,*,#1193,.T.);
#1589=ORIENTED_EDGE('',*,*,#1057,.T.);
#1590=ORIENTED_EDGE('',*,*,#1068,.T.);
#1591=ORIENTED_EDGE('',*,*,#1067,.T.);
#1592=ORIENTED_EDGE('',*,*,#1063,.T.);
#1593=ORIENTED_EDGE('',*,*,#1053,.T.);
#1594=ORIENTED_EDGE('',*,*,#1071,.T.);
#1595=ORIENTED_EDGE('',*,*,#1051,.T.);
#1596=ORIENTED_EDGE('',*,*,#1061,.T.);
#1597=ORIENTED_EDGE('',*,*,#1077,.T.);
#1598=ORIENTED_EDGE('',*,*,#1088,.T.);
#1599=ORIENTED_EDGE('',*,*,#1095,.T.);
#1600=ORIENTED_EDGE('',*,*,#1091,.T.);
#1601=ORIENTED_EDGE('',*,*,#1075,.T.);
#1602=ORIENTED_EDGE('',*,*,#1085,.T.);
#1603=ORIENTED_EDGE('',*,*,#1090,.T.);
#1604=ORIENTED_EDGE('',*,*,#1080,.T.);
#1605=ORIENTED_EDGE('',*,*,#1112,.T.);
#1606=ORIENTED_EDGE('',*,*,#1118,.T.);
#1607=ORIENTED_EDGE('',*,*,#1099,.T.);
#1608=ORIENTED_EDGE('',*,*,#1109,.T.);
#1609=ORIENTED_EDGE('',*,*,#1117,.T.);
#1610=ORIENTED_EDGE('',*,*,#1104,.T.);
#1611=ORIENTED_EDGE('',*,*,#1101,.T.);
#1612=ORIENTED_EDGE('',*,*,#1115,.T.);
#1613=ORIENTED_EDGE('',*,*,#1135,.T.);
#1614=ORIENTED_EDGE('',*,*,#1142,.T.);
#1615=ORIENTED_EDGE('',*,*,#1131,.T.);
#1616=ORIENTED_EDGE('',*,*,#1133,.T.);
#1617=ORIENTED_EDGE('',*,*,#1121,.T.);
#1618=ORIENTED_EDGE('',*,*,#1143,.T.);
#1619=ORIENTED_EDGE('',*,*,#1127,.T.);
#1620=ORIENTED_EDGE('',*,*,#1139,.T.);
#1621=ORIENTED_EDGE('',*,*,#1153,.T.);
#1622=ORIENTED_EDGE('',*,*,#1164,.T.);
#1623=ORIENTED_EDGE('',*,*,#1163,.T.);
#1624=ORIENTED_EDGE('',*,*,#1159,.T.);
#1625=ORIENTED_EDGE('',*,*,#1149,.T.);
#1626=ORIENTED_EDGE('',*,*,#1167,.T.);
#1627=ORIENTED_EDGE('',*,*,#1147,.T.);
#1628=ORIENTED_EDGE('',*,*,#1157,.T.);
#1629=ORIENTED_EDGE('',*,*,#1174,.T.);
#1630=ORIENTED_EDGE('',*,*,#1193,.F.);
#1631=ORIENTED_EDGE('',*,*,#1183,.T.);
#1632=ORIENTED_EDGE('',*,*,#1194,.T.);
#1633=ORIENTED_EDGE('',*,*,#1175,.T.);
#1634=ORIENTED_EDGE('',*,*,#1194,.F.);
#1635=ORIENTED_EDGE('',*,*,#1188,.T.);
#1636=ORIENTED_EDGE('',*,*,#1190,.T.);
#1637=ORIENTED_EDGE('',*,*,#1192,.T.);
#1638=ORIENTED_EDGE('',*,*,#1195,.T.);
#1639=ORIENTED_EDGE('',*,*,#1196,.F.);
#1640=ORIENTED_EDGE('',*,*,#1197,.F.);
#1641=ORIENTED_EDGE('',*,*,#1198,.F.);
#1642=ORIENTED_EDGE('',*,*,#1036,.T.);
#1643=ORIENTED_EDGE('',*,*,#1040,.T.);
#1644=ORIENTED_EDGE('',*,*,#1043,.T.);
#1645=ORIENTED_EDGE('',*,*,#1046,.T.);
#1646=ORIENTED_EDGE('',*,*,#1199,.F.);
#1647=ORIENTED_EDGE('',*,*,#1200,.F.);
#1648=ORIENTED_EDGE('',*,*,#1201,.F.);
#1649=ORIENTED_EDGE('',*,*,#1202,.T.);
#1650=ORIENTED_EDGE('',*,*,#1203,.T.);
#1651=ORIENTED_EDGE('',*,*,#1204,.T.);
#1652=ORIENTED_EDGE('',*,*,#1199,.T.);
#1653=ORIENTED_EDGE('',*,*,#1205,.T.);
#1654=ORIENTED_EDGE('',*,*,#1206,.F.);
#1655=ORIENTED_EDGE('',*,*,#1207,.F.);
#1656=ORIENTED_EDGE('',*,*,#1208,.F.);
#1657=ORIENTED_EDGE('',*,*,#1209,.T.);
#1658=ORIENTED_EDGE('',*,*,#1210,.T.);
#1659=ORIENTED_EDGE('',*,*,#1211,.T.);
#1660=ORIENTED_EDGE('',*,*,#1206,.T.);
#1661=ORIENTED_EDGE('',*,*,#1212,.T.);
#1662=ORIENTED_EDGE('',*,*,#1213,.F.);
#1663=ORIENTED_EDGE('',*,*,#1214,.F.);
#1664=ORIENTED_EDGE('',*,*,#1215,.F.);
#1665=ORIENTED_EDGE('',*,*,#1216,.T.);
#1666=ORIENTED_EDGE('',*,*,#1217,.T.);
#1667=ORIENTED_EDGE('',*,*,#1218,.T.);
#1668=ORIENTED_EDGE('',*,*,#1213,.T.);
#1669=ORIENTED_EDGE('',*,*,#1219,.T.);
#1670=ORIENTED_EDGE('',*,*,#1220,.F.);
#1671=ORIENTED_EDGE('',*,*,#1221,.F.);
#1672=ORIENTED_EDGE('',*,*,#1222,.F.);
#1673=ORIENTED_EDGE('',*,*,#1223,.T.);
#1674=ORIENTED_EDGE('',*,*,#1224,.T.);
#1675=ORIENTED_EDGE('',*,*,#1225,.T.);
#1676=ORIENTED_EDGE('',*,*,#1220,.T.);
#1677=ORIENTED_EDGE('',*,*,#1226,.T.);
#1678=ORIENTED_EDGE('',*,*,#1227,.F.);
#1679=ORIENTED_EDGE('',*,*,#1228,.F.);
#1680=ORIENTED_EDGE('',*,*,#1229,.F.);
#1681=ORIENTED_EDGE('',*,*,#1230,.T.);
#1682=ORIENTED_EDGE('',*,*,#1231,.T.);
#1683=ORIENTED_EDGE('',*,*,#1232,.T.);
#1684=ORIENTED_EDGE('',*,*,#1227,.T.);
#1685=ORIENTED_EDGE('',*,*,#1233,.T.);
#1686=ORIENTED_EDGE('',*,*,#1234,.F.);
#1687=ORIENTED_EDGE('',*,*,#1235,.F.);
#1688=ORIENTED_EDGE('',*,*,#1236,.F.);
#1689=ORIENTED_EDGE('',*,*,#1237,.T.);
#1690=ORIENTED_EDGE('',*,*,#1238,.F.);
#1691=ORIENTED_EDGE('',*,*,#1239,.F.);
#1692=ORIENTED_EDGE('',*,*,#1240,.F.);
#1693=ORIENTED_EDGE('',*,*,#1241,.T.);
#1694=ORIENTED_EDGE('',*,*,#1238,.T.);
#1695=ORIENTED_EDGE('',*,*,#1242,.T.);
#1696=ORIENTED_EDGE('',*,*,#1243,.T.);
#1697=ORIENTED_EDGE('',*,*,#1244,.T.);
#1698=ORIENTED_EDGE('',*,*,#1243,.F.);
#1699=ORIENTED_EDGE('',*,*,#1245,.F.);
#1700=ORIENTED_EDGE('',*,*,#1246,.F.);
#1701=ORIENTED_EDGE('',*,*,#1247,.T.);
#1702=ORIENTED_EDGE('',*,*,#1242,.F.);
#1703=ORIENTED_EDGE('',*,*,#1241,.F.);
#1704=ORIENTED_EDGE('',*,*,#1248,.F.);
#1705=ORIENTED_EDGE('',*,*,#1245,.T.);
#1706=ORIENTED_EDGE('',*,*,#1249,.T.);
#1707=ORIENTED_EDGE('',*,*,#1250,.T.);
#1708=ORIENTED_EDGE('',*,*,#1234,.T.);
#1709=ORIENTED_EDGE('',*,*,#1251,.T.);
#1710=ORIENTED_EDGE('',*,*,#1244,.F.);
#1711=ORIENTED_EDGE('',*,*,#1247,.F.);
#1712=ORIENTED_EDGE('',*,*,#1252,.F.);
#1713=ORIENTED_EDGE('',*,*,#1239,.T.);
#1714=ORIENTED_EDGE('',*,*,#1251,.F.);
#1715=ORIENTED_EDGE('',*,*,#1237,.F.);
#1716=ORIENTED_EDGE('',*,*,#1253,.F.);
#1717=ORIENTED_EDGE('',*,*,#1254,.T.);
#1718=ORIENTED_EDGE('',*,*,#1250,.F.);
#1719=ORIENTED_EDGE('',*,*,#1255,.F.);
#1720=ORIENTED_EDGE('',*,*,#1256,.F.);
#1721=ORIENTED_EDGE('',*,*,#1235,.T.);
#1722=ORIENTED_EDGE('',*,*,#1249,.F.);
#1723=ORIENTED_EDGE('',*,*,#1254,.F.);
#1724=ORIENTED_EDGE('',*,*,#1257,.F.);
#1725=ORIENTED_EDGE('',*,*,#1255,.T.);
#1726=ORIENTED_EDGE('',*,*,#1232,.F.);
#1727=ORIENTED_EDGE('',*,*,#1258,.F.);
#1728=ORIENTED_EDGE('',*,*,#1259,.F.);
#1729=ORIENTED_EDGE('',*,*,#1228,.T.);
#1730=ORIENTED_EDGE('',*,*,#1231,.F.);
#1731=ORIENTED_EDGE('',*,*,#1260,.F.);
#1732=ORIENTED_EDGE('',*,*,#1261,.F.);
#1733=ORIENTED_EDGE('',*,*,#1258,.T.);
#1734=ORIENTED_EDGE('',*,*,#1233,.F.);
#1735=ORIENTED_EDGE('',*,*,#1230,.F.);
#1736=ORIENTED_EDGE('',*,*,#1262,.F.);
#1737=ORIENTED_EDGE('',*,*,#1260,.T.);
#1738=ORIENTED_EDGE('',*,*,#1225,.F.);
#1739=ORIENTED_EDGE('',*,*,#1263,.F.);
#1740=ORIENTED_EDGE('',*,*,#1264,.F.);
#1741=ORIENTED_EDGE('',*,*,#1221,.T.);
#1742=ORIENTED_EDGE('',*,*,#1224,.F.);
#1743=ORIENTED_EDGE('',*,*,#1265,.F.);
#1744=ORIENTED_EDGE('',*,*,#1266,.F.);
#1745=ORIENTED_EDGE('',*,*,#1263,.T.);
#1746=ORIENTED_EDGE('',*,*,#1226,.F.);
#1747=ORIENTED_EDGE('',*,*,#1223,.F.);
#1748=ORIENTED_EDGE('',*,*,#1267,.F.);
#1749=ORIENTED_EDGE('',*,*,#1265,.T.);
#1750=ORIENTED_EDGE('',*,*,#1218,.F.);
#1751=ORIENTED_EDGE('',*,*,#1268,.F.);
#1752=ORIENTED_EDGE('',*,*,#1269,.F.);
#1753=ORIENTED_EDGE('',*,*,#1214,.T.);
#1754=ORIENTED_EDGE('',*,*,#1217,.F.);
#1755=ORIENTED_EDGE('',*,*,#1270,.F.);
#1756=ORIENTED_EDGE('',*,*,#1271,.F.);
#1757=ORIENTED_EDGE('',*,*,#1268,.T.);
#1758=ORIENTED_EDGE('',*,*,#1219,.F.);
#1759=ORIENTED_EDGE('',*,*,#1216,.F.);
#1760=ORIENTED_EDGE('',*,*,#1272,.F.);
#1761=ORIENTED_EDGE('',*,*,#1270,.T.);
#1762=ORIENTED_EDGE('',*,*,#1211,.F.);
#1763=ORIENTED_EDGE('',*,*,#1273,.F.);
#1764=ORIENTED_EDGE('',*,*,#1274,.F.);
#1765=ORIENTED_EDGE('',*,*,#1207,.T.);
#1766=ORIENTED_EDGE('',*,*,#1210,.F.);
#1767=ORIENTED_EDGE('',*,*,#1275,.F.);
#1768=ORIENTED_EDGE('',*,*,#1276,.F.);
#1769=ORIENTED_EDGE('',*,*,#1273,.T.);
#1770=ORIENTED_EDGE('',*,*,#1212,.F.);
#1771=ORIENTED_EDGE('',*,*,#1209,.F.);
#1772=ORIENTED_EDGE('',*,*,#1277,.F.);
#1773=ORIENTED_EDGE('',*,*,#1275,.T.);
#1774=ORIENTED_EDGE('',*,*,#1204,.F.);
#1775=ORIENTED_EDGE('',*,*,#1278,.F.);
#1776=ORIENTED_EDGE('',*,*,#1279,.F.);
#1777=ORIENTED_EDGE('',*,*,#1200,.T.);
#1778=ORIENTED_EDGE('',*,*,#1203,.F.);
#1779=ORIENTED_EDGE('',*,*,#1280,.F.);
#1780=ORIENTED_EDGE('',*,*,#1281,.F.);
#1781=ORIENTED_EDGE('',*,*,#1278,.T.);
#1782=ORIENTED_EDGE('',*,*,#1205,.F.);
#1783=ORIENTED_EDGE('',*,*,#1202,.F.);
#1784=ORIENTED_EDGE('',*,*,#1282,.F.);
#1785=ORIENTED_EDGE('',*,*,#1280,.T.);
#1786=ORIENTED_EDGE('',*,*,#1283,.F.);
#1787=ORIENTED_EDGE('',*,*,#1284,.F.);
#1788=ORIENTED_EDGE('',*,*,#1285,.T.);
#1789=ORIENTED_EDGE('',*,*,#1286,.T.);
#1790=ORIENTED_EDGE('',*,*,#1287,.F.);
#1791=ORIENTED_EDGE('',*,*,#1170,.T.);
#1792=ORIENTED_EDGE('',*,*,#1288,.F.);
#1793=ORIENTED_EDGE('',*,*,#1289,.F.);
#1794=ORIENTED_EDGE('',*,*,#1179,.T.);
#1795=ORIENTED_EDGE('',*,*,#1290,.T.);
#1796=ORIENTED_EDGE('',*,*,#1285,.F.);
#1797=ORIENTED_EDGE('',*,*,#1291,.F.);
#1798=ORIENTED_EDGE('',*,*,#1288,.T.);
#1799=ORIENTED_EDGE('',*,*,#1169,.T.);
#1800=ORIENTED_EDGE('',*,*,#1185,.T.);
#1801=ORIENTED_EDGE('',*,*,#1182,.T.);
#1802=ORIENTED_EDGE('',*,*,#1178,.T.);
#1803=ORIENTED_EDGE('',*,*,#1292,.F.);
#1804=ORIENTED_EDGE('',*,*,#1286,.F.);
#1805=ORIENTED_EDGE('',*,*,#1290,.F.);
#1806=ORIENTED_EDGE('',*,*,#1283,.T.);
#1807=ORIENTED_EDGE('',*,*,#1292,.T.);
#1808=ORIENTED_EDGE('',*,*,#1177,.T.);
#1809=ORIENTED_EDGE('',*,*,#1191,.F.);
#1810=ORIENTED_EDGE('',*,*,#1186,.F.);
#1811=ORIENTED_EDGE('',*,*,#1171,.T.);
#1812=ORIENTED_EDGE('',*,*,#1287,.T.);
#1813=ORIENTED_EDGE('',*,*,#1293,.T.);
#1814=ORIENTED_EDGE('',*,*,#1294,.T.);
#1815=ORIENTED_EDGE('',*,*,#1295,.T.);
#1816=ORIENTED_EDGE('',*,*,#1296,.T.);
#1817=ORIENTED_EDGE('',*,*,#1297,.T.);
#1818=ORIENTED_EDGE('',*,*,#1298,.T.);
#1819=ORIENTED_EDGE('',*,*,#1299,.T.);
#1820=ORIENTED_EDGE('',*,*,#1300,.T.);
#1821=ORIENTED_EDGE('',*,*,#1301,.T.);
#1822=ORIENTED_EDGE('',*,*,#1302,.T.);
#1823=ORIENTED_EDGE('',*,*,#1303,.F.);
#1824=ORIENTED_EDGE('',*,*,#1304,.T.);
#1825=ORIENTED_EDGE('',*,*,#1294,.F.);
#1826=ORIENTED_EDGE('',*,*,#1305,.T.);
#1827=ORIENTED_EDGE('',*,*,#1306,.F.);
#1828=ORIENTED_EDGE('',*,*,#1307,.T.);
#1829=ORIENTED_EDGE('',*,*,#1303,.T.);
#1830=ORIENTED_EDGE('',*,*,#1308,.T.);
#1831=ORIENTED_EDGE('',*,*,#1300,.F.);
#1832=ORIENTED_EDGE('',*,*,#1309,.T.);
#1833=ORIENTED_EDGE('',*,*,#1306,.T.);
#1834=ORIENTED_EDGE('',*,*,#1284,.T.);
#1835=ORIENTED_EDGE('',*,*,#1301,.F.);
#1836=ORIENTED_EDGE('',*,*,#1308,.F.);
#1837=ORIENTED_EDGE('',*,*,#1305,.F.);
#1838=ORIENTED_EDGE('',*,*,#1302,.F.);
#1839=ORIENTED_EDGE('',*,*,#1293,.F.);
#1840=ORIENTED_EDGE('',*,*,#1289,.T.);
#1841=ORIENTED_EDGE('',*,*,#1291,.T.);
#1842=ORIENTED_EDGE('',*,*,#1310,.F.);
#1843=ORIENTED_EDGE('',*,*,#1311,.F.);
#1844=ORIENTED_EDGE('',*,*,#1312,.F.);
#1845=ORIENTED_EDGE('',*,*,#1195,.F.);
#1846=ORIENTED_EDGE('',*,*,#1313,.F.);
#1847=ORIENTED_EDGE('',*,*,#1314,.F.);
#1848=ORIENTED_EDGE('',*,*,#1315,.F.);
#1849=ORIENTED_EDGE('',*,*,#1311,.T.);
#1850=ORIENTED_EDGE('',*,*,#1316,.F.);
#1851=ORIENTED_EDGE('',*,*,#1317,.F.);
#1852=ORIENTED_EDGE('',*,*,#1318,.F.);
#1853=ORIENTED_EDGE('',*,*,#1319,.T.);
#1854=ORIENTED_EDGE('',*,*,#1320,.F.);
#1855=ORIENTED_EDGE('',*,*,#1319,.F.);
#1856=ORIENTED_EDGE('',*,*,#1321,.F.);
#1857=ORIENTED_EDGE('',*,*,#1296,.F.);
#1858=ORIENTED_EDGE('',*,*,#1314,.T.);
#1859=ORIENTED_EDGE('',*,*,#1322,.F.);
#1860=ORIENTED_EDGE('',*,*,#1298,.F.);
#1861=ORIENTED_EDGE('',*,*,#1323,.T.);
#1862=ORIENTED_EDGE('',*,*,#1309,.F.);
#1863=ORIENTED_EDGE('',*,*,#1299,.F.);
#1864=ORIENTED_EDGE('',*,*,#1322,.T.);
#1865=ORIENTED_EDGE('',*,*,#1313,.T.);
#1866=ORIENTED_EDGE('',*,*,#1310,.T.);
#1867=ORIENTED_EDGE('',*,*,#1198,.T.);
#1868=ORIENTED_EDGE('',*,*,#1324,.F.);
#1869=ORIENTED_EDGE('',*,*,#1316,.T.);
#1870=ORIENTED_EDGE('',*,*,#1320,.T.);
#1871=ORIENTED_EDGE('',*,*,#1295,.F.);
#1872=ORIENTED_EDGE('',*,*,#1304,.F.);
#1873=ORIENTED_EDGE('',*,*,#1307,.F.);
#1874=ORIENTED_EDGE('',*,*,#1248,.T.);
#1875=ORIENTED_EDGE('',*,*,#1240,.T.);
#1876=ORIENTED_EDGE('',*,*,#1252,.T.);
#1877=ORIENTED_EDGE('',*,*,#1246,.T.);
#1878=ORIENTED_EDGE('',*,*,#1253,.T.);
#1879=ORIENTED_EDGE('',*,*,#1236,.T.);
#1880=ORIENTED_EDGE('',*,*,#1256,.T.);
#1881=ORIENTED_EDGE('',*,*,#1257,.T.);
#1882=ORIENTED_EDGE('',*,*,#1229,.T.);
#1883=ORIENTED_EDGE('',*,*,#1259,.T.);
#1884=ORIENTED_EDGE('',*,*,#1261,.T.);
#1885=ORIENTED_EDGE('',*,*,#1262,.T.);
#1886=ORIENTED_EDGE('',*,*,#1222,.T.);
#1887=ORIENTED_EDGE('',*,*,#1264,.T.);
#1888=ORIENTED_EDGE('',*,*,#1266,.T.);
#1889=ORIENTED_EDGE('',*,*,#1267,.T.);
#1890=ORIENTED_EDGE('',*,*,#1215,.T.);
#1891=ORIENTED_EDGE('',*,*,#1269,.T.);
#1892=ORIENTED_EDGE('',*,*,#1271,.T.);
#1893=ORIENTED_EDGE('',*,*,#1272,.T.);
#1894=ORIENTED_EDGE('',*,*,#1208,.T.);
#1895=ORIENTED_EDGE('',*,*,#1274,.T.);
#1896=ORIENTED_EDGE('',*,*,#1276,.T.);
#1897=ORIENTED_EDGE('',*,*,#1277,.T.);
#1898=ORIENTED_EDGE('',*,*,#1201,.T.);
#1899=ORIENTED_EDGE('',*,*,#1279,.T.);
#1900=ORIENTED_EDGE('',*,*,#1281,.T.);
#1901=ORIENTED_EDGE('',*,*,#1282,.T.);
#1902=ORIENTED_EDGE('',*,*,#1317,.T.);
#1903=ORIENTED_EDGE('',*,*,#1324,.T.);
#1904=ORIENTED_EDGE('',*,*,#1197,.T.);
#1905=ORIENTED_EDGE('',*,*,#1325,.F.);
#1906=ORIENTED_EDGE('',*,*,#1315,.T.);
#1907=ORIENTED_EDGE('',*,*,#1323,.F.);
#1908=ORIENTED_EDGE('',*,*,#1297,.F.);
#1909=ORIENTED_EDGE('',*,*,#1321,.T.);
#1910=ORIENTED_EDGE('',*,*,#1318,.T.);
#1911=ORIENTED_EDGE('',*,*,#1325,.T.);
#1912=ORIENTED_EDGE('',*,*,#1196,.T.);
#1913=ORIENTED_EDGE('',*,*,#1312,.T.);
#1914=PLANE('',#2257);
#1915=PLANE('',#2262);
#1916=PLANE('',#2263);
#1917=PLANE('',#2264);
#1918=PLANE('',#2265);
#1919=PLANE('',#2266);
#1920=PLANE('',#2267);
#1921=PLANE('',#2268);
#1922=PLANE('',#2269);
#1923=PLANE('',#2270);
#1924=PLANE('',#2271);
#1925=PLANE('',#2272);
#1926=PLANE('',#2279);
#1927=PLANE('',#2286);
#1928=PLANE('',#2287);
#1929=PLANE('',#2288);
#1930=PLANE('',#2289);
#1931=PLANE('',#2290);
#1932=PLANE('',#2291);
#1933=PLANE('',#2292);
#1934=PLANE('',#2299);
#1935=PLANE('',#2300);
#1936=PLANE('',#2301);
#1937=PLANE('',#2302);
#1938=PLANE('',#2303);
#1939=PLANE('',#2304);
#1940=PLANE('',#2305);
#1941=PLANE('',#2306);
#1942=PLANE('',#2307);
#1943=PLANE('',#2308);
#1944=PLANE('',#2309);
#1945=PLANE('',#2310);
#1946=PLANE('',#2311);
#1947=PLANE('',#2312);
#1948=PLANE('',#2319);
#1949=PLANE('',#2320);
#1950=PLANE('',#2321);
#1951=PLANE('',#2322);
#1952=PLANE('',#2323);
#1953=PLANE('',#2324);
#1954=PLANE('',#2331);
#1955=PLANE('',#2332);
#1956=PLANE('',#2333);
#1957=PLANE('',#2334);
#1958=PLANE('',#2335);
#1959=PLANE('',#2340);
#1960=PLANE('',#2344);
#1961=PLANE('',#2345);
#1962=PLANE('',#2346);
#1963=PLANE('',#2350);
#1964=PLANE('',#2354);
#1965=PLANE('',#2358);
#1966=PLANE('',#2362);
#1967=PLANE('',#2366);
#1968=PLANE('',#2368);
#1969=PLANE('',#2372);
#1970=PLANE('',#2373);
#1971=PLANE('',#2376);
#1972=PLANE('',#2377);
#1973=PLANE('',#2378);
#1974=PLANE('',#2379);
#1975=PLANE('',#2380);
#1976=PLANE('',#2381);
#1977=PLANE('',#2382);
#1978=PLANE('',#2383);
#1979=PLANE('',#2384);
#1980=PLANE('',#2385);
#1981=PLANE('',#2386);
#1982=PLANE('',#2387);
#1983=PLANE('',#2388);
#1984=PLANE('',#2389);
#1985=PLANE('',#2390);
#1986=PLANE('',#2391);
#1987=PLANE('',#2392);
#1988=PLANE('',#2393);
#1989=PLANE('',#2394);
#1990=PLANE('',#2395);
#1991=PLANE('',#2396);
#1992=PLANE('',#2397);
#1993=PLANE('',#2398);
#1994=PLANE('',#2399);
#1995=PLANE('',#2400);
#1996=PLANE('',#2401);
#1997=PLANE('',#2402);
#1998=PLANE('',#2403);
#1999=PLANE('',#2404);
#2000=PLANE('',#2405);
#2001=PLANE('',#2406);
#2002=PLANE('',#2407);
#2003=PLANE('',#2408);
#2004=PLANE('',#2409);
#2005=PLANE('',#2410);
#2006=PLANE('',#2411);
#2007=STYLED_ITEM('',(#3600),#2121);
#2008=STYLED_ITEM('',(#3601),#2122);
#2009=STYLED_ITEM('',(#3601),#2123);
#2010=STYLED_ITEM('',(#3601),#2124);
#2011=STYLED_ITEM('',(#3601),#2125);
#2012=STYLED_ITEM('',(#3601),#2126);
#2013=STYLED_ITEM('',(#3601),#2127);
#2014=STYLED_ITEM('',(#3602),#2128);
#2015=STYLED_ITEM('',(#3602),#2129);
#2016=STYLED_ITEM('',(#3602),#2130);
#2017=STYLED_ITEM('',(#3602),#2131);
#2018=STYLED_ITEM('',(#3602),#2132);
#2019=STYLED_ITEM('',(#3602),#2133);
#2020=STYLED_ITEM('',(#3602),#2134);
#2021=STYLED_ITEM('',(#3602),#2135);
#2022=STYLED_ITEM('',(#3602),#2136);
#2023=STYLED_ITEM('',(#3602),#2137);
#2024=STYLED_ITEM('',(#3602),#2138);
#2025=STYLED_ITEM('',(#3602),#2139);
#2026=STYLED_ITEM('',(#3602),#2140);
#2027=STYLED_ITEM('',(#3602),#2141);
#2028=STYLED_ITEM('',(#3602),#2142);
#2029=STYLED_ITEM('',(#3602),#2143);
#2030=STYLED_ITEM('',(#3602),#2144);
#2031=STYLED_ITEM('',(#3602),#2145);
#2032=STYLED_ITEM('',(#3602),#2146);
#2033=STYLED_ITEM('',(#3602),#2147);
#2034=STYLED_ITEM('',(#3602),#2148);
#2035=STYLED_ITEM('',(#3602),#2149);
#2036=STYLED_ITEM('',(#3602),#2150);
#2037=STYLED_ITEM('',(#3602),#2151);
#2038=STYLED_ITEM('',(#3602),#2152);
#2039=STYLED_ITEM('',(#3602),#2153);
#2040=STYLED_ITEM('',(#3602),#2154);
#2041=STYLED_ITEM('',(#3602),#2155);
#2042=STYLED_ITEM('',(#3602),#2156);
#2043=STYLED_ITEM('',(#3602),#2157);
#2044=STYLED_ITEM('',(#3602),#2158);
#2045=STYLED_ITEM('',(#3602),#2159);
#2046=STYLED_ITEM('',(#3602),#2160);
#2047=STYLED_ITEM('',(#3602),#2161);
#2048=STYLED_ITEM('',(#3602),#2162);
#2049=STYLED_ITEM('',(#3602),#2163);
#2050=STYLED_ITEM('',(#3602),#2164);
#2051=STYLED_ITEM('',(#3602),#2165);
#2052=STYLED_ITEM('',(#3602),#2166);
#2053=STYLED_ITEM('',(#3602),#2167);
#2054=STYLED_ITEM('',(#3602),#2168);
#2055=STYLED_ITEM('',(#3602),#2169);
#2056=STYLED_ITEM('',(#3602),#2170);
#2057=STYLED_ITEM('',(#3602),#2171);
#2058=STYLED_ITEM('',(#3602),#2172);
#2059=STYLED_ITEM('',(#3602),#2173);
#2060=STYLED_ITEM('',(#3602),#2174);
#2061=STYLED_ITEM('',(#3602),#2175);
#2062=STYLED_ITEM('',(#3602),#2176);
#2063=STYLED_ITEM('',(#3602),#2177);
#2064=STYLED_ITEM('',(#3602),#2178);
#2065=STYLED_ITEM('',(#3602),#2179);
#2066=STYLED_ITEM('',(#3602),#2180);
#2067=STYLED_ITEM('',(#3602),#2181);
#2068=STYLED_ITEM('',(#3601),#2182);
#2069=STYLED_ITEM('',(#3601),#2183);
#2070=STYLED_ITEM('',(#3601),#2184);
#2071=STYLED_ITEM('',(#3601),#2185);
#2072=STYLED_ITEM('',(#3601),#2186);
#2073=STYLED_ITEM('',(#3601),#2187);
#2074=STYLED_ITEM('',(#3601),#2188);
#2075=STYLED_ITEM('',(#3601),#2189);
#2076=STYLED_ITEM('',(#3601),#2190);
#2077=STYLED_ITEM('',(#3601),#2191);
#2078=STYLED_ITEM('',(#3601),#2192);
#2079=STYLED_ITEM('',(#3601),#2193);
#2080=STYLED_ITEM('',(#3601),#2194);
#2081=STYLED_ITEM('',(#3601),#2195);
#2082=STYLED_ITEM('',(#3601),#2196);
#2083=STYLED_ITEM('',(#3601),#2197);
#2084=STYLED_ITEM('',(#3601),#2198);
#2085=STYLED_ITEM('',(#3601),#2199);
#2086=STYLED_ITEM('',(#3601),#2200);
#2087=STYLED_ITEM('',(#3601),#2201);
#2088=STYLED_ITEM('',(#3601),#2202);
#2089=STYLED_ITEM('',(#3601),#2203);
#2090=STYLED_ITEM('',(#3601),#2204);
#2091=STYLED_ITEM('',(#3601),#2205);
#2092=STYLED_ITEM('',(#3601),#2206);
#2093=STYLED_ITEM('',(#3601),#2207);
#2094=STYLED_ITEM('',(#3601),#2208);
#2095=STYLED_ITEM('',(#3601),#2209);
#2096=STYLED_ITEM('',(#3601),#2210);
#2097=STYLED_ITEM('',(#3601),#2211);
#2098=STYLED_ITEM('',(#3601),#2212);
#2099=STYLED_ITEM('',(#3601),#2213);
#2100=STYLED_ITEM('',(#3601),#2214);
#2101=STYLED_ITEM('',(#3601),#2215);
#2102=STYLED_ITEM('',(#3601),#2216);
#2103=STYLED_ITEM('',(#3602),#2217);
#2104=STYLED_ITEM('',(#3602),#2218);
#2105=STYLED_ITEM('',(#3602),#2219);
#2106=STYLED_ITEM('',(#3602),#2220);
#2107=STYLED_ITEM('',(#3602),#2221);
#2108=STYLED_ITEM('',(#3602),#2222);
#2109=STYLED_ITEM('',(#3602),#2223);
#2110=STYLED_ITEM('',(#3602),#2224);
#2111=STYLED_ITEM('',(#3602),#2225);
#2112=STYLED_ITEM('',(#3602),#2226);
#2113=STYLED_ITEM('',(#3602),#2227);
#2114=STYLED_ITEM('',(#3602),#2228);
#2115=STYLED_ITEM('',(#3602),#2229);
#2116=STYLED_ITEM('',(#3602),#2230);
#2117=STYLED_ITEM('',(#3602),#2231);
#2118=STYLED_ITEM('',(#3602),#2232);
#2119=STYLED_ITEM('',(#3602),#2233);
#2120=STYLED_ITEM('',(#3599),#13);
#2121=ADVANCED_FACE('',(#553,#538),#1914,.F.);
#2122=ADVANCED_FACE('',(#554),#518,.F.);
#2123=ADVANCED_FACE('',(#555),#1915,.T.);
#2124=ADVANCED_FACE('',(#556),#1916,.T.);
#2125=ADVANCED_FACE('',(#557),#1917,.T.);
#2126=ADVANCED_FACE('',(#558),#1918,.T.);
#2127=ADVANCED_FACE('',(#559,#539),#1919,.T.);
#2128=ADVANCED_FACE('',(#560),#1920,.F.);
#2129=ADVANCED_FACE('',(#561),#1921,.F.);
#2130=ADVANCED_FACE('',(#562),#1922,.F.);
#2131=ADVANCED_FACE('',(#563),#1923,.F.);
#2132=ADVANCED_FACE('',(#564),#1924,.F.);
#2133=ADVANCED_FACE('',(#565),#1925,.F.);
#2134=ADVANCED_FACE('',(#566),#519,.F.);
#2135=ADVANCED_FACE('',(#567),#520,.F.);
#2136=ADVANCED_FACE('',(#568),#1926,.F.);
#2137=ADVANCED_FACE('',(#569),#521,.F.);
#2138=ADVANCED_FACE('',(#570),#522,.F.);
#2139=ADVANCED_FACE('',(#571),#1927,.F.);
#2140=ADVANCED_FACE('',(#572),#1928,.F.);
#2141=ADVANCED_FACE('',(#573),#1929,.F.);
#2142=ADVANCED_FACE('',(#574),#1930,.F.);
#2143=ADVANCED_FACE('',(#575),#1931,.F.);
#2144=ADVANCED_FACE('',(#576),#1932,.F.);
#2145=ADVANCED_FACE('',(#577),#1933,.T.);
#2146=ADVANCED_FACE('',(#578),#523,.F.);
#2147=ADVANCED_FACE('',(#579),#524,.F.);
#2148=ADVANCED_FACE('',(#580),#1934,.F.);
#2149=ADVANCED_FACE('',(#581),#1935,.F.);
#2150=ADVANCED_FACE('',(#582),#1936,.F.);
#2151=ADVANCED_FACE('',(#583),#1937,.F.);
#2152=ADVANCED_FACE('',(#584),#1938,.F.);
#2153=ADVANCED_FACE('',(#585),#1939,.F.);
#2154=ADVANCED_FACE('',(#586),#1940,.T.);
#2155=ADVANCED_FACE('',(#587),#1941,.F.);
#2156=ADVANCED_FACE('',(#588),#1942,.F.);
#2157=ADVANCED_FACE('',(#589),#1943,.F.);
#2158=ADVANCED_FACE('',(#590),#1944,.F.);
#2159=ADVANCED_FACE('',(#591),#1945,.F.);
#2160=ADVANCED_FACE('',(#592),#1946,.F.);
#2161=ADVANCED_FACE('',(#593),#1947,.F.);
#2162=ADVANCED_FACE('',(#594),#525,.F.);
#2163=ADVANCED_FACE('',(#595),#526,.F.);
#2164=ADVANCED_FACE('',(#596),#1948,.F.);
#2165=ADVANCED_FACE('',(#597),#1949,.F.);
#2166=ADVANCED_FACE('',(#598),#1950,.F.);
#2167=ADVANCED_FACE('',(#599),#1951,.F.);
#2168=ADVANCED_FACE('',(#600),#1952,.F.);
#2169=ADVANCED_FACE('',(#601),#1953,.F.);
#2170=ADVANCED_FACE('',(#602),#527,.F.);
#2171=ADVANCED_FACE('',(#603),#528,.F.);
#2172=ADVANCED_FACE('',(#604),#1954,.F.);
#2173=ADVANCED_FACE('',(#605),#1955,.T.);
#2174=ADVANCED_FACE('',(#606),#1956,.F.);
#2175=ADVANCED_FACE('',(#607),#1957,.F.);
#2176=ADVANCED_FACE('',(#608),#1958,.F.);
#2177=ADVANCED_FACE('',(#609),#529,.F.);
#2178=ADVANCED_FACE('',(#610,#540,#541,#542,#543,#544),#1959,.T.);
#2179=ADVANCED_FACE('',(#611),#530,.T.);
#2180=ADVANCED_FACE('',(#612),#1960,.F.);
#2181=ADVANCED_FACE('',(#613,#545),#1961,.T.);
#2182=ADVANCED_FACE('',(#614),#1962,.T.);
#2183=ADVANCED_FACE('',(#615),#531,.T.);
#2184=ADVANCED_FACE('',(#616),#1963,.T.);
#2185=ADVANCED_FACE('',(#617),#532,.T.);
#2186=ADVANCED_FACE('',(#618),#1964,.T.);
#2187=ADVANCED_FACE('',(#619),#533,.T.);
#2188=ADVANCED_FACE('',(#620),#1965,.T.);
#2189=ADVANCED_FACE('',(#621),#534,.T.);
#2190=ADVANCED_FACE('',(#622),#1966,.T.);
#2191=ADVANCED_FACE('',(#623),#535,.T.);
#2192=ADVANCED_FACE('',(#624),#1967,.T.);
#2193=ADVANCED_FACE('',(#625),#1968,.T.);
#2194=ADVANCED_FACE('',(#626),#536,.T.);
#2195=ADVANCED_FACE('',(#627),#1969,.T.);
#2196=ADVANCED_FACE('',(#628),#1970,.T.);
#2197=ADVANCED_FACE('',(#629),#537,.T.);
#2198=ADVANCED_FACE('',(#630),#1971,.T.);
#2199=ADVANCED_FACE('',(#631),#1972,.T.);
#2200=ADVANCED_FACE('',(#632),#1973,.T.);
#2201=ADVANCED_FACE('',(#633),#1974,.T.);
#2202=ADVANCED_FACE('',(#634),#1975,.T.);
#2203=ADVANCED_FACE('',(#635),#1976,.T.);
#2204=ADVANCED_FACE('',(#636),#1977,.T.);
#2205=ADVANCED_FACE('',(#637),#1978,.T.);
#2206=ADVANCED_FACE('',(#638),#1979,.T.);
#2207=ADVANCED_FACE('',(#639),#1980,.T.);
#2208=ADVANCED_FACE('',(#640),#1981,.T.);
#2209=ADVANCED_FACE('',(#641),#1982,.T.);
#2210=ADVANCED_FACE('',(#642),#1983,.T.);
#2211=ADVANCED_FACE('',(#643),#1984,.T.);
#2212=ADVANCED_FACE('',(#644),#1985,.T.);
#2213=ADVANCED_FACE('',(#645),#1986,.T.);
#2214=ADVANCED_FACE('',(#646),#1987,.T.);
#2215=ADVANCED_FACE('',(#647),#1988,.T.);
#2216=ADVANCED_FACE('',(#648),#1989,.T.);
#2217=ADVANCED_FACE('',(#649),#1990,.T.);
#2218=ADVANCED_FACE('',(#650),#1991,.T.);
#2219=ADVANCED_FACE('',(#651),#1992,.T.);
#2220=ADVANCED_FACE('',(#652),#1993,.T.);
#2221=ADVANCED_FACE('',(#653),#1994,.F.);
#2222=ADVANCED_FACE('',(#654),#1995,.T.);
#2223=ADVANCED_FACE('',(#655),#1996,.T.);
#2224=ADVANCED_FACE('',(#656),#1997,.T.);
#2225=ADVANCED_FACE('',(#657),#1998,.T.);
#2226=ADVANCED_FACE('',(#658),#1999,.F.);
#2227=ADVANCED_FACE('',(#659),#2000,.F.);
#2228=ADVANCED_FACE('',(#660),#2001,.F.);
#2229=ADVANCED_FACE('',(#661),#2002,.F.);
#2230=ADVANCED_FACE('',(#662),#2003,.T.);
#2231=ADVANCED_FACE('',(#663,#546,#547,#548,#549,#550,#551,#552),#2004,
 .T.);
#2232=ADVANCED_FACE('',(#664),#2005,.T.);
#2233=ADVANCED_FACE('',(#665),#2006,.T.);
#2234=CLOSED_SHELL('',(#2121,#2122,#2123,#2124,#2125,#2126,#2127,#2128,
#2129,#2130,#2131,#2132,#2133,#2134,#2135,#2136,#2137,#2138,#2139,#2140,
#2141,#2142,#2143,#2144,#2145,#2146,#2147,#2148,#2149,#2150,#2151,#2152,
#2153,#2154,#2155,#2156,#2157,#2158,#2159,#2160,#2161,#2162,#2163,#2164,
#2165,#2166,#2167,#2168,#2169,#2170,#2171,#2172,#2173,#2174,#2175,#2176,
#2177,#2178,#2179,#2180,#2181,#2182,#2183,#2184,#2185,#2186,#2187,#2188,
#2189,#2190,#2191,#2192,#2193,#2194,#2195,#2196,#2197,#2198,#2199,#2200,
#2201,#2202,#2203,#2204,#2205,#2206,#2207,#2208,#2209,#2210,#2211,#2212,
#2213,#2214,#2215,#2216,#2217,#2218,#2219,#2220,#2221,#2222,#2223,#2224,
#2225,#2226,#2227,#2228,#2229,#2230,#2231,#2232,#2233));
#2235=DERIVED_UNIT_ELEMENT(#2238,1.);
#2236=DERIVED_UNIT_ELEMENT(#3585,-3.);
#2237=DIMENSIONAL_EXPONENTS(0.,1.,0.,0.,0.,0.,0.);
#2238=(
CONVERSION_BASED_UNIT('gram',#2240)
MASS_UNIT()
NAMED_UNIT(#2237)
);
#2239=(
MASS_UNIT()
NAMED_UNIT(*)
SI_UNIT(.KILO.,.GRAM.)
);
#2240=MASS_MEASURE_WITH_UNIT(MASS_MEASURE(0.001),#2239);
#2241=DERIVED_UNIT((#2235,#2236));
#2242=MEASURE_REPRESENTATION_ITEM('density measure',
POSITIVE_RATIO_MEASURE(1.),#2241);
#2243=PROPERTY_DEFINITION_REPRESENTATION(#2248,#2245);
#2244=PROPERTY_DEFINITION_REPRESENTATION(#2249,#2246);
#2245=REPRESENTATION('material name',(#2247),#3582);
#2246=REPRESENTATION('density',(#2242),#3582);
#2247=DESCRIPTIVE_REPRESENTATION_ITEM('Generic','Generic');
#2248=PROPERTY_DEFINITION('material property','material name',#3592);
#2249=PROPERTY_DEFINITION('material property','density of part',#3592);
#2250=DATE_TIME_ROLE('creation_date');
#2251=APPLIED_DATE_AND_TIME_ASSIGNMENT(#2252,#2250,(#3592));
#2252=DATE_AND_TIME(#2253,#2254);
#2253=CALENDAR_DATE(2004,6,1);
#2254=LOCAL_TIME(0,0,0.,#2255);
#2255=COORDINATED_UNIVERSAL_TIME_OFFSET(0,0,.BEHIND.);
#2256=AXIS2_PLACEMENT_3D('',#2976,#2412,#2413);
#2257=AXIS2_PLACEMENT_3D('',#2977,#2414,#2415);
#2258=AXIS2_PLACEMENT_3D('',#2979,#2416,#2417);
#2259=AXIS2_PLACEMENT_3D('',#2981,#2418,#2419);
#2260=AXIS2_PLACEMENT_3D('',#2982,#2420,#2421);
#2261=AXIS2_PLACEMENT_3D('',#2984,#2422,#2423);
#2262=AXIS2_PLACEMENT_3D('',#2986,#2425,#2426);
#2263=AXIS2_PLACEMENT_3D('',#2995,#2431,#2432);
#2264=AXIS2_PLACEMENT_3D('',#3001,#2436,#2437);
#2265=AXIS2_PLACEMENT_3D('',#3007,#2441,#2442);
#2266=AXIS2_PLACEMENT_3D('',#3010,#2445,#2446);
#2267=AXIS2_PLACEMENT_3D('',#3011,#2447,#2448);
#2268=AXIS2_PLACEMENT_3D('',#3020,#2453,#2454);
#2269=AXIS2_PLACEMENT_3D('',#3029,#2459,#2460);
#2270=AXIS2_PLACEMENT_3D('',#3038,#2465,#2466);
#2271=AXIS2_PLACEMENT_3D('',#3041,#2469,#2470);
#2272=AXIS2_PLACEMENT_3D('',#3047,#2474,#2475);
#2273=AXIS2_PLACEMENT_3D('',#3053,#2479,#2480);
#2274=AXIS2_PLACEMENT_3D('',#3054,#2481,#2482);
#2275=AXIS2_PLACEMENT_3D('',#3055,#2483,#2484);
#2276=AXIS2_PLACEMENT_3D('',#3056,#2485,#2486);
#2277=AXIS2_PLACEMENT_3D('',#3057,#2487,#2488);
#2278=AXIS2_PLACEMENT_3D('',#3058,#2489,#2490);
#2279=AXIS2_PLACEMENT_3D('',#3059,#2491,#2492);
#2280=AXIS2_PLACEMENT_3D('',#3060,#2493,#2494);
#2281=AXIS2_PLACEMENT_3D('',#3065,#2496,#2497);
#2282=AXIS2_PLACEMENT_3D('',#3068,#2499,#2500);
#2283=AXIS2_PLACEMENT_3D('',#3069,#2501,#2502);
#2284=AXIS2_PLACEMENT_3D('',#3074,#2504,#2505);
#2285=AXIS2_PLACEMENT_3D('',#3077,#2507,#2508);
#2286=AXIS2_PLACEMENT_3D('',#3078,#2509,#2510);
#2287=AXIS2_PLACEMENT_3D('',#3084,#2514,#2515);
#2288=AXIS2_PLACEMENT_3D('',#3090,#2519,#2520);
#2289=AXIS2_PLACEMENT_3D('',#3096,#2524,#2525);
#2290=AXIS2_PLACEMENT_3D('',#3099,#2528,#2529);
#2291=AXIS2_PLACEMENT_3D('',#3105,#2533,#2534);
#2292=AXIS2_PLACEMENT_3D('',#3108,#2537,#2538);
#2293=AXIS2_PLACEMENT_3D('',#3109,#2539,#2540);
#2294=AXIS2_PLACEMENT_3D('',#3114,#2542,#2543);
#2295=AXIS2_PLACEMENT_3D('',#3117,#2545,#2546);
#2296=AXIS2_PLACEMENT_3D('',#3118,#2547,#2548);
#2297=AXIS2_PLACEMENT_3D('',#3123,#2550,#2551);
#2298=AXIS2_PLACEMENT_3D('',#3126,#2553,#2554);
#2299=AXIS2_PLACEMENT_3D('',#3127,#2555,#2556);
#2300=AXIS2_PLACEMENT_3D('',#3133,#2560,#2561);
#2301=AXIS2_PLACEMENT_3D('',#3139,#2565,#2566);
#2302=AXIS2_PLACEMENT_3D('',#3148,#2571,#2572);
#2303=AXIS2_PLACEMENT_3D('',#3151,#2575,#2576);
#2304=AXIS2_PLACEMENT_3D('',#3154,#2579,#2580);
#2305=AXIS2_PLACEMENT_3D('',#3157,#2583,#2584);
#2306=AXIS2_PLACEMENT_3D('',#3158,#2585,#2586);
#2307=AXIS2_PLACEMENT_3D('',#3167,#2591,#2592);
#2308=AXIS2_PLACEMENT_3D('',#3176,#2597,#2598);
#2309=AXIS2_PLACEMENT_3D('',#3185,#2603,#2604);
#2310=AXIS2_PLACEMENT_3D('',#3188,#2607,#2608);
#2311=AXIS2_PLACEMENT_3D('',#3197,#2613,#2614);
#2312=AXIS2_PLACEMENT_3D('',#3200,#2617,#2618);
#2313=AXIS2_PLACEMENT_3D('',#3201,#2619,#2620);
#2314=AXIS2_PLACEMENT_3D('',#3202,#2621,#2622);
#2315=AXIS2_PLACEMENT_3D('',#3203,#2623,#2624);
#2316=AXIS2_PLACEMENT_3D('',#3204,#2625,#2626);
#2317=AXIS2_PLACEMENT_3D('',#3205,#2627,#2628);
#2318=AXIS2_PLACEMENT_3D('',#3206,#2629,#2630);
#2319=AXIS2_PLACEMENT_3D('',#3207,#2631,#2632);
#2320=AXIS2_PLACEMENT_3D('',#3216,#2637,#2638);
#2321=AXIS2_PLACEMENT_3D('',#3225,#2643,#2644);
#2322=AXIS2_PLACEMENT_3D('',#3234,#2649,#2650);
#2323=AXIS2_PLACEMENT_3D('',#3237,#2653,#2654);
#2324=AXIS2_PLACEMENT_3D('',#3243,#2658,#2659);
#2325=AXIS2_PLACEMENT_3D('',#3249,#2663,#2664);
#2326=AXIS2_PLACEMENT_3D('',#3250,#2665,#2666);
#2327=AXIS2_PLACEMENT_3D('',#3251,#2667,#2668);
#2328=AXIS2_PLACEMENT_3D('',#3252,#2669,#2670);
#2329=AXIS2_PLACEMENT_3D('',#3253,#2671,#2672);
#2330=AXIS2_PLACEMENT_3D('',#3254,#2673,#2674);
#2331=AXIS2_PLACEMENT_3D('',#3255,#2675,#2676);
#2332=AXIS2_PLACEMENT_3D('',#3256,#2677,#2678);
#2333=AXIS2_PLACEMENT_3D('',#3265,#2683,#2684);
#2334=AXIS2_PLACEMENT_3D('',#3282,#2693,#2694);
#2335=AXIS2_PLACEMENT_3D('',#3288,#2698,#2699);
#2336=AXIS2_PLACEMENT_3D('',#3299,#2706,#2707);
#2337=AXIS2_PLACEMENT_3D('',#3302,#2709,#2710);
#2338=AXIS2_PLACEMENT_3D('',#3303,#2711,#2712);
#2339=AXIS2_PLACEMENT_3D('',#3304,#2713,#2714);
#2340=AXIS2_PLACEMENT_3D('',#3305,#2715,#2716);
#2341=AXIS2_PLACEMENT_3D('',#3306,#2717,#2718);
#2342=AXIS2_PLACEMENT_3D('',#3307,#2719,#2720);
#2343=AXIS2_PLACEMENT_3D('',#3308,#2721,#2722);
#2344=AXIS2_PLACEMENT_3D('',#3309,#2723,#2724);
#2345=AXIS2_PLACEMENT_3D('',#3310,#2725,#2726);
#2346=AXIS2_PLACEMENT_3D('',#3319,#2731,#2732);
#2347=AXIS2_PLACEMENT_3D('',#3322,#2733,#2734);
#2348=AXIS2_PLACEMENT_3D('',#3328,#2738,#2739);
#2349=AXIS2_PLACEMENT_3D('',#3331,#2740,#2741);
#2350=AXIS2_PLACEMENT_3D('',#3334,#2744,#2745);
#2351=AXIS2_PLACEMENT_3D('',#3337,#2746,#2747);
#2352=AXIS2_PLACEMENT_3D('',#3343,#2751,#2752);
#2353=AXIS2_PLACEMENT_3D('',#3346,#2753,#2754);
#2354=AXIS2_PLACEMENT_3D('',#3349,#2757,#2758);
#2355=AXIS2_PLACEMENT_3D('',#3352,#2759,#2760);
#2356=AXIS2_PLACEMENT_3D('',#3358,#2764,#2765);
#2357=AXIS2_PLACEMENT_3D('',#3361,#2766,#2767);
#2358=AXIS2_PLACEMENT_3D('',#3364,#2770,#2771);
#2359=AXIS2_PLACEMENT_3D('',#3367,#2772,#2773);
#2360=AXIS2_PLACEMENT_3D('',#3373,#2777,#2778);
#2361=AXIS2_PLACEMENT_3D('',#3376,#2779,#2780);
#2362=AXIS2_PLACEMENT_3D('',#3379,#2783,#2784);
#2363=AXIS2_PLACEMENT_3D('',#3382,#2785,#2786);
#2364=AXIS2_PLACEMENT_3D('',#3388,#2790,#2791);
#2365=AXIS2_PLACEMENT_3D('',#3391,#2792,#2793);
#2366=AXIS2_PLACEMENT_3D('',#3394,#2796,#2797);
#2367=AXIS2_PLACEMENT_3D('',#3397,#2798,#2799);
#2368=AXIS2_PLACEMENT_3D('',#3403,#2803,#2804);
#2369=AXIS2_PLACEMENT_3D('',#3406,#2805,#2806);
#2370=AXIS2_PLACEMENT_3D('',#3412,#2810,#2811);
#2371=AXIS2_PLACEMENT_3D('',#3416,#2813,#2814);
#2372=AXIS2_PLACEMENT_3D('',#3418,#2816,#2817);
#2373=AXIS2_PLACEMENT_3D('',#3424,#2821,#2822);
#2374=AXIS2_PLACEMENT_3D('',#3426,#2824,#2825);
#2375=AXIS2_PLACEMENT_3D('',#3429,#2826,#2827);
#2376=AXIS2_PLACEMENT_3D('',#3432,#2830,#2831);
#2377=AXIS2_PLACEMENT_3D('',#3434,#2833,#2834);
#2378=AXIS2_PLACEMENT_3D('',#3438,#2837,#2838);
#2379=AXIS2_PLACEMENT_3D('',#3442,#2841,#2842);
#2380=AXIS2_PLACEMENT_3D('',#3444,#2844,#2845);
#2381=AXIS2_PLACEMENT_3D('',#3448,#2848,#2849);
#2382=AXIS2_PLACEMENT_3D('',#3452,#2852,#2853);
#2383=AXIS2_PLACEMENT_3D('',#3454,#2855,#2856);
#2384=AXIS2_PLACEMENT_3D('',#3458,#2859,#2860);
#2385=AXIS2_PLACEMENT_3D('',#3462,#2863,#2864);
#2386=AXIS2_PLACEMENT_3D('',#3464,#2866,#2867);
#2387=AXIS2_PLACEMENT_3D('',#3468,#2870,#2871);
#2388=AXIS2_PLACEMENT_3D('',#3472,#2874,#2875);
#2389=AXIS2_PLACEMENT_3D('',#3474,#2877,#2878);
#2390=AXIS2_PLACEMENT_3D('',#3478,#2881,#2882);
#2391=AXIS2_PLACEMENT_3D('',#3482,#2885,#2886);
#2392=AXIS2_PLACEMENT_3D('',#3484,#2888,#2889);
#2393=AXIS2_PLACEMENT_3D('',#3488,#2892,#2893);
#2394=AXIS2_PLACEMENT_3D('',#3492,#2896,#2897);
#2395=AXIS2_PLACEMENT_3D('',#3494,#2899,#2900);
#2396=AXIS2_PLACEMENT_3D('',#3503,#2905,#2906);
#2397=AXIS2_PLACEMENT_3D('',#3509,#2910,#2911);
#2398=AXIS2_PLACEMENT_3D('',#3512,#2914,#2915);
#2399=AXIS2_PLACEMENT_3D('',#3514,#2917,#2918);
#2400=AXIS2_PLACEMENT_3D('',#3532,#2928,#2929);
#2401=AXIS2_PLACEMENT_3D('',#3538,#2933,#2934);
#2402=AXIS2_PLACEMENT_3D('',#3544,#2938,#2939);
#2403=AXIS2_PLACEMENT_3D('',#3547,#2942,#2943);
#2404=AXIS2_PLACEMENT_3D('',#3548,#2944,#2945);
#2405=AXIS2_PLACEMENT_3D('',#3554,#2949,#2950);
#2406=AXIS2_PLACEMENT_3D('',#3560,#2954,#2955);
#2407=AXIS2_PLACEMENT_3D('',#3569,#2960,#2961);
#2408=AXIS2_PLACEMENT_3D('',#3572,#2964,#2965);
#2409=AXIS2_PLACEMENT_3D('',#3575,#2968,#2969);
#2410=AXIS2_PLACEMENT_3D('',#3577,#2971,#2972);
#2411=AXIS2_PLACEMENT_3D('',#3579,#2974,#2975);
#2412=DIRECTION('axis',(0.,0.,1.));
#2413=DIRECTION('refdir',(1.,0.,0.));
#2414=DIRECTION('center_axis',(0.,0.,1.));
#2415=DIRECTION('ref_axis',(1.,0.,0.));
#2416=DIRECTION('center_axis',(0.,0.,-1.));
#2417=DIRECTION('ref_axis',(-1.,0.,0.));
#2418=DIRECTION('center_axis',(0.,0.,-1.));
#2419=DIRECTION('ref_axis',(-1.,0.,0.));
#2420=DIRECTION('center_axis',(0.,0.,1.));
#2421=DIRECTION('ref_axis',(-1.,0.,0.));
#2422=DIRECTION('center_axis',(0.,0.,-1.));
#2423=DIRECTION('ref_axis',(-1.,0.,0.));
#2424=DIRECTION('',(0.,0.,-1.));
#2425=DIRECTION('center_axis',(-2.49488320140485E-16,1.,0.));
#2426=DIRECTION('ref_axis',(-1.,-2.49488320140485E-16,0.));
#2427=DIRECTION('',(1.,2.49488320140485E-16,0.));
#2428=DIRECTION('',(0.,0.,1.));
#2429=DIRECTION('',(-1.,-2.49488320140485E-16,0.));
#2430=DIRECTION('',(0.,0.,1.));
#2431=DIRECTION('center_axis',(1.,1.11580203479915E-16,0.));
#2432=DIRECTION('ref_axis',(-1.11580203479915E-16,1.,0.));
#2433=DIRECTION('',(1.11580203479915E-16,-1.,0.));
#2434=DIRECTION('',(-1.11580203479915E-16,1.,0.));
#2435=DIRECTION('',(0.,0.,1.));
#2436=DIRECTION('center_axis',(1.87116240105363E-16,-1.,0.));
#2437=DIRECTION('ref_axis',(1.,1.87116240105363E-16,0.));
#2438=DIRECTION('',(-1.,-1.87116240105363E-16,0.));
#2439=DIRECTION('',(1.,1.87116240105363E-16,0.));
#2440=DIRECTION('',(0.,0.,1.));
#2441=DIRECTION('center_axis',(-1.,0.,0.));
#2442=DIRECTION('ref_axis',(0.,-1.,0.));
#2443=DIRECTION('',(0.,1.,0.));
#2444=DIRECTION('',(0.,-1.,0.));
#2445=DIRECTION('center_axis',(0.,0.,1.));
#2446=DIRECTION('ref_axis',(1.,0.,0.));
#2447=DIRECTION('center_axis',(0.500000000000001,0.866025403784438,0.));
#2448=DIRECTION('ref_axis',(0.,0.,-1.));
#2449=DIRECTION('',(0.,0.,-1.));
#2450=DIRECTION('',(-0.866025403784438,0.500000000000001,0.));
#2451=DIRECTION('',(0.,0.,-1.));
#2452=DIRECTION('',(0.866025403784438,-0.500000000000001,0.));
#2453=DIRECTION('center_axis',(0.500000000000001,0.866025403784438,0.));
#2454=DIRECTION('ref_axis',(0.,0.,-1.));
#2455=DIRECTION('',(0.,0.,1.));
#2456=DIRECTION('',(0.866025403784438,-0.500000000000001,0.));
#2457=DIRECTION('',(0.,0.,-1.));
#2458=DIRECTION('',(-0.866025403784438,0.500000000000001,0.));
#2459=DIRECTION('center_axis',(-0.5,-0.866025403784439,0.));
#2460=DIRECTION('ref_axis',(0.,0.,-1.));
#2461=DIRECTION('',(0.,0.,1.));
#2462=DIRECTION('',(-0.866025403784439,0.5,0.));
#2463=DIRECTION('',(0.,0.,-1.));
#2464=DIRECTION('',(0.866025403784439,-0.5,0.));
#2465=DIRECTION('center_axis',(0.866025403784438,-0.500000000000001,0.));
#2466=DIRECTION('ref_axis',(0.,0.,-1.));
#2467=DIRECTION('',(0.5,0.866025403784438,0.));
#2468=DIRECTION('',(-0.5,-0.866025403784438,0.));
#2469=DIRECTION('center_axis',(-0.866025403784437,0.500000000000002,0.));
#2470=DIRECTION('ref_axis',(0.,0.,1.));
#2471=DIRECTION('',(-0.500000000000002,-0.866025403784437,0.));
#2472=DIRECTION('',(0.500000000000002,0.866025403784437,0.));
#2473=DIRECTION('',(0.,0.,-1.));
#2474=DIRECTION('center_axis',(-0.5,-0.866025403784439,0.));
#2475=DIRECTION('ref_axis',(0.,0.,-1.));
#2476=DIRECTION('',(0.,0.,-1.));
#2477=DIRECTION('',(0.866025403784439,-0.5,0.));
#2478=DIRECTION('',(-0.866025403784439,0.5,0.));
#2479=DIRECTION('center_axis',(0.,0.,-1.));
#2480=DIRECTION('ref_axis',(-1.,0.,0.));
#2481=DIRECTION('center_axis',(0.,0.,-1.));
#2482=DIRECTION('ref_axis',(-1.,0.,0.));
#2483=DIRECTION('center_axis',(0.,0.,1.));
#2484=DIRECTION('ref_axis',(-1.,0.,0.));
#2485=DIRECTION('center_axis',(0.,0.,-1.));
#2486=DIRECTION('ref_axis',(0.5,0.866025403784438,0.));
#2487=DIRECTION('center_axis',(0.,0.,1.));
#2488=DIRECTION('ref_axis',(-1.,0.,0.));
#2489=DIRECTION('center_axis',(0.,0.,-1.));
#2490=DIRECTION('ref_axis',(-1.,0.,0.));
#2491=DIRECTION('center_axis',(0.,0.,-1.));
#2492=DIRECTION('ref_axis',(-1.,0.,0.));
#2493=DIRECTION('center_axis',(0.,0.,-1.));
#2494=DIRECTION('ref_axis',(0.939692620785908,0.342020143325669,0.));
#2495=DIRECTION('',(0.,0.,-1.));
#2496=DIRECTION('center_axis',(0.,0.,1.));
#2497=DIRECTION('ref_axis',(-1.,0.,0.));
#2498=DIRECTION('',(0.,0.,1.));
#2499=DIRECTION('center_axis',(0.,0.,-1.));
#2500=DIRECTION('ref_axis',(-1.,0.,0.));
#2501=DIRECTION('center_axis',(0.,0.,-1.));
#2502=DIRECTION('ref_axis',(-1.,0.,0.));
#2503=DIRECTION('',(0.,0.,1.));
#2504=DIRECTION('center_axis',(0.,0.,-1.));
#2505=DIRECTION('ref_axis',(-1.,0.,0.));
#2506=DIRECTION('',(0.,0.,-1.));
#2507=DIRECTION('center_axis',(0.,0.,1.));
#2508=DIRECTION('ref_axis',(-1.,0.,0.));
#2509=DIRECTION('center_axis',(-0.939692620785908,-0.342020143325669,0.));
#2510=DIRECTION('ref_axis',(0.,0.,1.));
#2511=DIRECTION('',(-0.342020143325669,0.939692620785908,0.));
#2512=DIRECTION('',(0.,0.,-1.));
#2513=DIRECTION('',(0.342020143325669,-0.939692620785908,0.));
#2514=DIRECTION('center_axis',(0.939692620785908,0.342020143325669,0.));
#2515=DIRECTION('ref_axis',(0.,0.,-1.));
#2516=DIRECTION('',(-0.342020143325669,0.939692620785908,0.));
#2517=DIRECTION('',(0.,0.,-1.));
#2518=DIRECTION('',(0.342020143325669,-0.939692620785908,0.));
#2519=DIRECTION('center_axis',(-0.939692620785908,-0.342020143325669,0.));
#2520=DIRECTION('ref_axis',(0.,0.,1.));
#2521=DIRECTION('',(0.342020143325669,-0.939692620785908,0.));
#2522=DIRECTION('',(0.,0.,-1.));
#2523=DIRECTION('',(-0.342020143325669,0.939692620785908,0.));
#2524=DIRECTION('center_axis',(0.342020143325668,-0.939692620785909,0.));
#2525=DIRECTION('ref_axis',(0.,0.,-1.));
#2526=DIRECTION('',(0.939692620785909,0.342020143325668,0.));
#2527=DIRECTION('',(-0.939692620785909,-0.342020143325668,0.));
#2528=DIRECTION('center_axis',(0.939692620785908,0.342020143325669,0.));
#2529=DIRECTION('ref_axis',(0.,0.,-1.));
#2530=DIRECTION('',(0.342020143325669,-0.939692620785908,0.));
#2531=DIRECTION('',(0.,0.,-1.));
#2532=DIRECTION('',(-0.342020143325669,0.939692620785908,0.));
#2533=DIRECTION('center_axis',(-0.342020143325668,0.939692620785909,0.));
#2534=DIRECTION('ref_axis',(0.,0.,1.));
#2535=DIRECTION('',(-0.939692620785909,-0.342020143325668,0.));
#2536=DIRECTION('',(0.939692620785909,0.342020143325668,0.));
#2537=DIRECTION('center_axis',(7.76981321574625E-30,2.97428473240128E-30,
1.));
#2538=DIRECTION('ref_axis',(1.,0.,-7.76981321574625E-30));
#2539=DIRECTION('center_axis',(0.,0.,-1.));
#2540=DIRECTION('ref_axis',(0.939692620785909,-0.342020143325668,0.));
#2541=DIRECTION('',(0.,0.,-1.));
#2542=DIRECTION('center_axis',(0.,0.,1.));
#2543=DIRECTION('ref_axis',(-1.,0.,0.));
#2544=DIRECTION('',(0.,0.,1.));
#2545=DIRECTION('center_axis',(0.,0.,-1.));
#2546=DIRECTION('ref_axis',(-1.,0.,0.));
#2547=DIRECTION('center_axis',(0.,0.,-1.));
#2548=DIRECTION('ref_axis',(-1.,0.,0.));
#2549=DIRECTION('',(0.,0.,1.));
#2550=DIRECTION('center_axis',(0.,0.,-1.));
#2551=DIRECTION('ref_axis',(-1.,0.,0.));
#2552=DIRECTION('',(0.,0.,-1.));
#2553=DIRECTION('center_axis',(0.,0.,1.));
#2554=DIRECTION('ref_axis',(-1.,0.,0.));
#2555=DIRECTION('center_axis',(-0.939692620785909,0.342020143325668,0.));
#2556=DIRECTION('ref_axis',(0.,0.,1.));
#2557=DIRECTION('',(0.342020143325668,0.939692620785909,0.));
#2558=DIRECTION('',(0.,0.,-1.));
#2559=DIRECTION('',(-0.342020143325668,-0.939692620785909,0.));
#2560=DIRECTION('center_axis',(0.939692620785909,-0.342020143325668,0.));
#2561=DIRECTION('ref_axis',(0.,0.,-1.));
#2562=DIRECTION('',(0.342020143325668,0.939692620785909,0.));
#2563=DIRECTION('',(0.,0.,-1.));
#2564=DIRECTION('',(-0.342020143325668,-0.939692620785909,0.));
#2565=DIRECTION('center_axis',(0.342020143325668,0.939692620785909,0.));
#2566=DIRECTION('ref_axis',(0.,0.,1.));
#2567=DIRECTION('',(-0.939692620785909,0.342020143325668,0.));
#2568=DIRECTION('',(0.,0.,-1.));
#2569=DIRECTION('',(0.939692620785909,-0.342020143325668,0.));
#2570=DIRECTION('',(0.,0.,-1.));
#2571=DIRECTION('center_axis',(-0.939692620785909,0.342020143325668,0.));
#2572=DIRECTION('ref_axis',(0.,0.,1.));
#2573=DIRECTION('',(-0.342020143325668,-0.939692620785909,0.));
#2574=DIRECTION('',(0.342020143325668,0.939692620785909,0.));
#2575=DIRECTION('center_axis',(-0.342020143325668,-0.939692620785909,0.));
#2576=DIRECTION('ref_axis',(0.,0.,-1.));
#2577=DIRECTION('',(0.939692620785909,-0.342020143325668,0.));
#2578=DIRECTION('',(-0.939692620785909,0.342020143325668,0.));
#2579=DIRECTION('center_axis',(0.939692620785909,-0.342020143325668,0.));
#2580=DIRECTION('ref_axis',(0.,0.,-1.));
#2581=DIRECTION('',(-0.342020143325668,-0.939692620785909,0.));
#2582=DIRECTION('',(0.342020143325668,0.939692620785909,0.));
#2583=DIRECTION('center_axis',(9.83811868670753E-31,-8.22639657955078E-31,
1.));
#2584=DIRECTION('ref_axis',(1.,0.,-9.83811868670753E-31));
#2585=DIRECTION('center_axis',(-1.,-6.34413156928661E-16,0.));
#2586=DIRECTION('ref_axis',(0.,0.,1.));
#2587=DIRECTION('',(0.,0.,1.));
#2588=DIRECTION('',(-6.34413156928661E-16,1.,0.));
#2589=DIRECTION('',(0.,0.,-1.));
#2590=DIRECTION('',(6.34413156928661E-16,-1.,0.));
#2591=DIRECTION('center_axis',(-1.,-6.34413156928661E-16,0.));
#2592=DIRECTION('ref_axis',(0.,0.,1.));
#2593=DIRECTION('',(0.,0.,-1.));
#2594=DIRECTION('',(6.34413156928661E-16,-1.,0.));
#2595=DIRECTION('',(0.,0.,-1.));
#2596=DIRECTION('',(-6.34413156928661E-16,1.,0.));
#2597=DIRECTION('center_axis',(1.,0.,0.));
#2598=DIRECTION('ref_axis',(0.,0.,-1.));
#2599=DIRECTION('',(0.,0.,-1.));
#2600=DIRECTION('',(0.,1.,0.));
#2601=DIRECTION('',(0.,0.,-1.));
#2602=DIRECTION('',(0.,-1.,0.));
#2603=DIRECTION('center_axis',(0.,-1.,0.));
#2604=DIRECTION('ref_axis',(0.,0.,-1.));
#2605=DIRECTION('',(1.,0.,0.));
#2606=DIRECTION('',(-1.,0.,0.));
#2607=DIRECTION('center_axis',(1.,0.,0.));
#2608=DIRECTION('ref_axis',(0.,0.,-1.));
#2609=DIRECTION('',(0.,0.,1.));
#2610=DIRECTION('',(0.,-1.,0.));
#2611=DIRECTION('',(0.,0.,-1.));
#2612=DIRECTION('',(0.,1.,0.));
#2613=DIRECTION('center_axis',(0.,1.,0.));
#2614=DIRECTION('ref_axis',(0.,0.,1.));
#2615=DIRECTION('',(-1.,0.,0.));
#2616=DIRECTION('',(1.,0.,0.));
#2617=DIRECTION('center_axis',(0.,0.,-1.));
#2618=DIRECTION('ref_axis',(-1.,0.,0.));
#2619=DIRECTION('center_axis',(0.,0.,1.));
#2620=DIRECTION('ref_axis',(-1.,0.,0.));
#2621=DIRECTION('center_axis',(0.,0.,1.));
#2622=DIRECTION('ref_axis',(-1.,0.,0.));
#2623=DIRECTION('center_axis',(0.,0.,-1.));
#2624=DIRECTION('ref_axis',(1.,1.22464679914735E-16,0.));
#2625=DIRECTION('center_axis',(0.,0.,-1.));
#2626=DIRECTION('ref_axis',(-1.,0.,0.));
#2627=DIRECTION('center_axis',(0.,0.,-1.));
#2628=DIRECTION('ref_axis',(-1.,0.,0.));
#2629=DIRECTION('center_axis',(0.,0.,-1.));
#2630=DIRECTION('ref_axis',(-1.,0.,0.));
#2631=DIRECTION('center_axis',(0.5,-0.866025403784439,0.));
#2632=DIRECTION('ref_axis',(0.,0.,-1.));
#2633=DIRECTION('',(0.,0.,-1.));
#2634=DIRECTION('',(0.866025403784439,0.5,0.));
#2635=DIRECTION('',(0.,0.,-1.));
#2636=DIRECTION('',(-0.866025403784439,-0.5,0.));
#2637=DIRECTION('center_axis',(0.5,-0.866025403784439,0.));
#2638=DIRECTION('ref_axis',(0.,0.,-1.));
#2639=DIRECTION('',(0.,0.,1.));
#2640=DIRECTION('',(-0.866025403784439,-0.5,0.));
#2641=DIRECTION('',(0.,0.,-1.));
#2642=DIRECTION('',(0.866025403784439,0.5,0.));
#2643=DIRECTION('center_axis',(-0.5,0.866025403784438,0.));
#2644=DIRECTION('ref_axis',(0.,0.,1.));
#2645=DIRECTION('',(0.,0.,1.));
#2646=DIRECTION('',(0.866025403784438,0.5,0.));
#2647=DIRECTION('',(0.,0.,-1.));
#2648=DIRECTION('',(-0.866025403784438,-0.5,0.));
#2649=DIRECTION('center_axis',(-0.86602540378444,-0.499999999999998,0.));
#2650=DIRECTION('ref_axis',(0.,0.,1.));
#2651=DIRECTION('',(0.499999999999998,-0.86602540378444,0.));
#2652=DIRECTION('',(-0.499999999999998,0.86602540378444,0.));
#2653=DIRECTION('center_axis',(0.866025403784438,0.500000000000001,0.));
#2654=DIRECTION('ref_axis',(0.,0.,-1.));
#2655=DIRECTION('',(-0.500000000000001,0.866025403784438,0.));
#2656=DIRECTION('',(0.500000000000001,-0.866025403784438,0.));
#2657=DIRECTION('',(0.,0.,-1.));
#2658=DIRECTION('center_axis',(-0.5,0.866025403784438,0.));
#2659=DIRECTION('ref_axis',(0.,0.,1.));
#2660=DIRECTION('',(0.,0.,-1.));
#2661=DIRECTION('',(-0.866025403784438,-0.5,0.));
#2662=DIRECTION('',(0.866025403784438,0.5,0.));
#2663=DIRECTION('center_axis',(0.,0.,-1.));
#2664=DIRECTION('ref_axis',(-1.,0.,0.));
#2665=DIRECTION('center_axis',(0.,0.,-1.));
#2666=DIRECTION('ref_axis',(-1.,0.,0.));
#2667=DIRECTION('center_axis',(0.,0.,1.));
#2668=DIRECTION('ref_axis',(-1.,0.,0.));
#2669=DIRECTION('center_axis',(0.,0.,-1.));
#2670=DIRECTION('ref_axis',(0.5,-0.866025403784439,0.));
#2671=DIRECTION('center_axis',(0.,0.,1.));
#2672=DIRECTION('ref_axis',(-1.,0.,0.));
#2673=DIRECTION('center_axis',(0.,0.,-1.));
#2674=DIRECTION('ref_axis',(-1.,0.,0.));
#2675=DIRECTION('center_axis',(0.,0.,-1.));
#2676=DIRECTION('ref_axis',(-1.,0.,0.));
#2677=DIRECTION('center_axis',(-1.76395569632307E-16,1.,-1.841165878317E-17));
#2678=DIRECTION('ref_axis',(0.,1.841165878317E-17,1.));
#2679=DIRECTION('',(-1.93082265152201E-16,-1.841165878317E-17,-1.));
#2680=DIRECTION('',(1.,1.60456799084713E-16,1.43254583822601E-16));
#2681=DIRECTION('',(-3.28954970259306E-16,-4.98366072328721E-32,-1.));
#2682=DIRECTION('',(-1.,-1.76395569632307E-16,0.));
#2683=DIRECTION('center_axis',(1.,1.44185374799071E-16,0.));
#2684=DIRECTION('ref_axis',(0.,0.,-1.));
#2685=DIRECTION('',(0.,0.,-1.));
#2686=DIRECTION('',(1.44185374799071E-16,-1.,0.));
#2687=DIRECTION('',(0.,0.,1.));
#2688=DIRECTION('',(1.44185374799071E-16,-1.,0.));
#2689=DIRECTION('',(0.,0.,-1.));
#2690=DIRECTION('',(2.00040184617145E-16,-1.,0.));
#2691=DIRECTION('',(-2.95427583418739E-33,1.841165878317E-17,1.));
#2692=DIRECTION('',(-1.44185374799071E-16,1.,2.39471708810635E-33));
#2693=DIRECTION('center_axis',(2.22044604925031E-16,-1.,0.));
#2694=DIRECTION('ref_axis',(0.,0.,-1.));
#2695=DIRECTION('',(0.,0.,-1.));
#2696=DIRECTION('',(-1.,-2.22044604925031E-16,0.));
#2697=DIRECTION('',(1.,2.22044604925031E-16,1.43254583822601E-16));
#2698=DIRECTION('center_axis',(-1.,-2.40308957998452E-16,0.));
#2699=DIRECTION('ref_axis',(0.,0.,1.));
#2700=DIRECTION('',(0.,0.,-1.));
#2701=DIRECTION('',(-2.40308957998452E-16,1.,0.));
#2702=DIRECTION('',(2.00040184617145E-16,-1.,5.60674044687226E-33));
#2703=DIRECTION('',(2.00040184617145E-16,-1.,0.));
#2704=DIRECTION('',(0.,0.,1.));
#2705=DIRECTION('',(-2.40308957998452E-16,1.,0.));
#2706=DIRECTION('center_axis',(0.,0.,-1.));
#2707=DIRECTION('ref_axis',(-1.,0.,0.));
#2708=DIRECTION('',(0.,0.,-1.));
#2709=DIRECTION('center_axis',(0.,0.,1.));
#2710=DIRECTION('ref_axis',(-1.,0.,0.));
#2711=DIRECTION('center_axis',(-1.11022302462516E-16,-2.22089218812221E-32,
-1.));
#2712=DIRECTION('ref_axis',(-1.,0.,0.));
#2713=DIRECTION('center_axis',(0.,0.,1.));
#2714=DIRECTION('ref_axis',(-1.,0.,0.));
#2715=DIRECTION('center_axis',(0.,0.,1.));
#2716=DIRECTION('ref_axis',(1.,0.,0.));
#2717=DIRECTION('center_axis',(0.,0.,1.));
#2718=DIRECTION('ref_axis',(-1.,0.,0.));
#2719=DIRECTION('center_axis',(0.,0.,-1.));
#2720=DIRECTION('ref_axis',(1.83697019872103E-16,-1.,0.));
#2721=DIRECTION('center_axis',(0.,0.,1.));
#2722=DIRECTION('ref_axis',(-1.,0.,0.));
#2723=DIRECTION('center_axis',(0.,0.,-1.));
#2724=DIRECTION('ref_axis',(-1.,0.,0.));
#2725=DIRECTION('center_axis',(0.,0.,1.));
#2726=DIRECTION('ref_axis',(1.,0.,0.));
#2727=DIRECTION('',(0.,1.,0.));
#2728=DIRECTION('',(1.,0.,0.));
#2729=DIRECTION('',(-1.11022302462516E-16,1.,0.));
#2730=DIRECTION('',(-1.,-1.60456799084713E-16,0.));
#2731=DIRECTION('center_axis',(1.,1.58603289232165E-16,0.));
#2732=DIRECTION('ref_axis',(0.,0.,-1.));
#2733=DIRECTION('center_axis',(-1.,-1.58603289232165E-16,0.));
#2734=DIRECTION('ref_axis',(2.35513868802567E-15,-0.707106781186548,-0.707106781186547));
#2735=DIRECTION('',(1.58603289232165E-16,-1.,0.));
#2736=DIRECTION('',(0.,0.,-1.));
#2737=DIRECTION('',(1.58603289232165E-16,-1.,0.));
#2738=DIRECTION('center_axis',(-1.,-1.60456799084713E-16,-3.1720657846433E-15));
#2739=DIRECTION('ref_axis',(2.35513868802567E-15,-0.707106781186548,-0.707106781186547));
#2740=DIRECTION('center_axis',(1.,1.58603289232165E-16,0.));
#2741=DIRECTION('ref_axis',(2.35513868802566E-15,-0.707106781186547,0.707106781186548));
#2742=DIRECTION('',(1.,1.60456799084713E-16,3.1720657846433E-15));
#2743=DIRECTION('',(-1.,-1.60456799084713E-16,3.1720657846433E-15));
#2744=DIRECTION('center_axis',(1.,1.58603289232165E-16,0.));
#2745=DIRECTION('ref_axis',(0.,0.,-1.));
#2746=DIRECTION('center_axis',(-1.,-1.58603289232165E-16,0.));
#2747=DIRECTION('ref_axis',(0.,-0.707106781186548,-0.707106781186547));
#2748=DIRECTION('',(1.58603289232165E-16,-1.,0.));
#2749=DIRECTION('',(0.,0.,-1.));
#2750=DIRECTION('',(1.58603289232165E-16,-1.,0.));
#2751=DIRECTION('center_axis',(-1.,-1.60456799084713E-16,-3.1720657846433E-15));
#2752=DIRECTION('ref_axis',(0.,-0.707106781186548,-0.707106781186547));
#2753=DIRECTION('center_axis',(1.,1.58603289232165E-16,0.));
#2754=DIRECTION('ref_axis',(3.14018491736755E-15,-0.707106781186547,0.707106781186548));
#2755=DIRECTION('',(1.,1.60456799084713E-16,3.1720657846433E-15));
#2756=DIRECTION('',(-1.,-1.60456799084713E-16,3.1720657846433E-15));
#2757=DIRECTION('center_axis',(1.,1.58603289232165E-16,0.));
#2758=DIRECTION('ref_axis',(0.,0.,-1.));
#2759=DIRECTION('center_axis',(-1.,-1.58603289232165E-16,0.));
#2760=DIRECTION('ref_axis',(0.,-0.707106781186548,-0.707106781186547));
#2761=DIRECTION('',(1.58603289232165E-16,-1.,0.));
#2762=DIRECTION('',(0.,0.,-1.));
#2763=DIRECTION('',(1.58603289232165E-16,-1.,0.));
#2764=DIRECTION('center_axis',(-1.,-1.60456799084713E-16,-3.1720657846433E-15));
#2765=DIRECTION('ref_axis',(0.,-0.707106781186548,-0.707106781186547));
#2766=DIRECTION('center_axis',(1.,1.58603289232165E-16,0.));
#2767=DIRECTION('ref_axis',(3.14018491736755E-15,-0.707106781186547,0.707106781186548));
#2768=DIRECTION('',(1.,1.60456799084713E-16,3.1720657846433E-15));
#2769=DIRECTION('',(-1.,-1.60456799084713E-16,3.1720657846433E-15));
#2770=DIRECTION('center_axis',(1.,3.1720657846433E-16,0.));
#2771=DIRECTION('ref_axis',(0.,0.,-1.));
#2772=DIRECTION('center_axis',(-1.,-3.1720657846433E-16,0.));
#2773=DIRECTION('ref_axis',(0.,-0.707106781186549,-0.707106781186546));
#2774=DIRECTION('',(3.1720657846433E-16,-1.,0.));
#2775=DIRECTION('',(0.,0.,-1.));
#2776=DIRECTION('',(3.1720657846433E-16,-1.,0.));
#2777=DIRECTION('center_axis',(-1.,-1.60456799084712E-16,0.));
#2778=DIRECTION('ref_axis',(0.,-0.707106781186549,-0.707106781186546));
#2779=DIRECTION('center_axis',(1.,3.1720657846433E-16,0.));
#2780=DIRECTION('ref_axis',(0.,-0.707106781186549,0.707106781186546));
#2781=DIRECTION('',(1.,1.60456799084712E-16,0.));
#2782=DIRECTION('',(-1.,-1.60456799084712E-16,0.));
#2783=DIRECTION('center_axis',(1.,1.58603289232165E-16,0.));
#2784=DIRECTION('ref_axis',(0.,0.,-1.));
#2785=DIRECTION('center_axis',(-1.,-1.58603289232165E-16,0.));
#2786=DIRECTION('ref_axis',(0.,-0.707106781186549,-0.707106781186546));
#2787=DIRECTION('',(1.58603289232165E-16,-1.,0.));
#2788=DIRECTION('',(0.,0.,-1.));
#2789=DIRECTION('',(1.58603289232165E-16,-1.,0.));
#2790=DIRECTION('center_axis',(-1.,-1.60456799084713E-16,0.));
#2791=DIRECTION('ref_axis',(0.,-0.707106781186549,-0.707106781186546));
#2792=DIRECTION('center_axis',(1.,1.58603289232165E-16,0.));
#2793=DIRECTION('ref_axis',(0.,-0.707106781186549,0.707106781186546));
#2794=DIRECTION('',(1.,1.60456799084713E-16,0.));
#2795=DIRECTION('',(-1.,-1.60456799084713E-16,0.));
#2796=DIRECTION('center_axis',(0.,0.,-1.));
#2797=DIRECTION('ref_axis',(-1.,0.,0.));
#2798=DIRECTION('center_axis',(0.,0.,1.));
#2799=DIRECTION('ref_axis',(-0.707106781186547,-0.707106781186548,0.));
#2800=DIRECTION('',(1.58603289232165E-16,-1.,0.));
#2801=DIRECTION('',(-1.,-1.60456799084713E-16,0.));
#2802=DIRECTION('',(1.58603289232165E-16,-1.,0.));
#2803=DIRECTION('center_axis',(5.55111512312578E-16,8.80425117434164E-32,
-1.));
#2804=DIRECTION('ref_axis',(-1.,0.,-5.55111512312578E-16));
#2805=DIRECTION('center_axis',(-5.55111512312578E-16,-8.80425117434164E-32,
1.));
#2806=DIRECTION('ref_axis',(-0.707106781186547,-0.707106781186548,0.));
#2807=DIRECTION('',(1.58603289232165E-16,-1.,0.));
#2808=DIRECTION('',(-1.,-1.60456799084713E-16,-5.55111512312578E-16));
#2809=DIRECTION('',(1.58603289232165E-16,-1.,0.));
#2810=DIRECTION('center_axis',(-5.00617692581126E-48,3.15641431526881E-32,
-1.));
#2811=DIRECTION('ref_axis',(0.707106781186547,-0.707106781186548,0.));
#2812=DIRECTION('',(5.00617692581126E-48,-3.15641431526881E-32,1.));
#2813=DIRECTION('center_axis',(0.,0.,-1.));
#2814=DIRECTION('ref_axis',(0.707106781186547,-0.707106781186548,0.));
#2815=DIRECTION('',(-5.00617692581126E-48,3.15641431526881E-32,-1.));
#2816=DIRECTION('center_axis',(0.,0.,1.));
#2817=DIRECTION('ref_axis',(1.,0.,0.));
#2818=DIRECTION('',(1.58603289232165E-16,-1.,0.));
#2819=DIRECTION('',(1.,1.60456799084713E-16,0.));
#2820=DIRECTION('',(1.58603289232165E-16,-1.,0.));
#2821=DIRECTION('center_axis',(1.,1.58603289232165E-16,0.));
#2822=DIRECTION('ref_axis',(0.,0.,-1.));
#2823=DIRECTION('',(0.,0.,-1.));
#2824=DIRECTION('center_axis',(1.38265702930064E-47,-8.71770715471539E-32,
1.));
#2825=DIRECTION('ref_axis',(-0.707106781186547,-0.707106781186548,0.));
#2826=DIRECTION('center_axis',(0.,0.,-1.));
#2827=DIRECTION('ref_axis',(0.707106781186548,-0.707106781186548,0.));
#2828=DIRECTION('',(-1.38265702930064E-47,8.71770715471539E-32,-1.));
#2829=DIRECTION('',(1.38265702930064E-47,-8.71770715471539E-32,1.));
#2830=DIRECTION('center_axis',(-1.,-1.58603289232165E-16,0.));
#2831=DIRECTION('ref_axis',(0.,0.,1.));
#2832=DIRECTION('',(0.,0.,1.));
#2833=DIRECTION('center_axis',(1.,1.58603289232165E-16,0.));
#2834=DIRECTION('ref_axis',(0.,0.,-1.));
#2835=DIRECTION('',(0.,0.,-1.));
#2836=DIRECTION('',(1.58603289232165E-16,-1.,0.));
#2837=DIRECTION('center_axis',(-1.,-1.58603289232165E-16,0.));
#2838=DIRECTION('ref_axis',(0.,0.,1.));
#2839=DIRECTION('',(1.58603289232165E-16,-1.,0.));
#2840=DIRECTION('',(0.,0.,1.));
#2841=DIRECTION('center_axis',(0.,0.,1.));
#2842=DIRECTION('ref_axis',(1.,0.,0.));
#2843=DIRECTION('',(1.,1.60456799084713E-16,0.));
#2844=DIRECTION('center_axis',(0.,0.,-1.));
#2845=DIRECTION('ref_axis',(-1.,0.,0.));
#2846=DIRECTION('',(1.58603289232165E-16,-1.,0.));
#2847=DIRECTION('',(-1.,-1.60456799084713E-16,0.));
#2848=DIRECTION('center_axis',(-1.,-1.58603289232165E-16,0.));
#2849=DIRECTION('ref_axis',(0.,0.,1.));
#2850=DIRECTION('',(1.58603289232165E-16,-1.,0.));
#2851=DIRECTION('',(0.,0.,1.));
#2852=DIRECTION('center_axis',(0.,0.,1.));
#2853=DIRECTION('ref_axis',(1.,0.,0.));
#2854=DIRECTION('',(1.,1.60456799084713E-16,0.));
#2855=DIRECTION('center_axis',(0.,0.,-1.));
#2856=DIRECTION('ref_axis',(-1.,0.,0.));
#2857=DIRECTION('',(3.1720657846433E-16,-1.,0.));
#2858=DIRECTION('',(-1.,-1.60456799084713E-16,0.));
#2859=DIRECTION('center_axis',(-1.,-3.1720657846433E-16,0.));
#2860=DIRECTION('ref_axis',(0.,0.,1.));
#2861=DIRECTION('',(3.1720657846433E-16,-1.,0.));
#2862=DIRECTION('',(0.,0.,1.));
#2863=DIRECTION('center_axis',(0.,0.,1.));
#2864=DIRECTION('ref_axis',(1.,0.,0.));
#2865=DIRECTION('',(1.,1.60456799084713E-16,0.));
#2866=DIRECTION('center_axis',(3.1720657846433E-15,5.03100067105237E-31,
-1.));
#2867=DIRECTION('ref_axis',(-1.,0.,-3.1720657846433E-15));
#2868=DIRECTION('',(1.58603289232165E-16,-1.,0.));
#2869=DIRECTION('',(-1.,-1.60456799084713E-16,-3.1720657846433E-15));
#2870=DIRECTION('center_axis',(-1.,-1.58603289232165E-16,0.));
#2871=DIRECTION('ref_axis',(0.,0.,1.));
#2872=DIRECTION('',(1.58603289232165E-16,-1.,0.));
#2873=DIRECTION('',(0.,0.,1.));
#2874=DIRECTION('center_axis',(3.1720657846433E-15,5.03100067105237E-31,
1.));
#2875=DIRECTION('ref_axis',(1.,0.,-3.1720657846433E-15));
#2876=DIRECTION('',(1.,1.60456799084713E-16,-3.1720657846433E-15));
#2877=DIRECTION('center_axis',(3.1720657846433E-15,5.03100067105237E-31,
-1.));
#2878=DIRECTION('ref_axis',(-1.,0.,-3.1720657846433E-15));
#2879=DIRECTION('',(1.58603289232165E-16,-1.,0.));
#2880=DIRECTION('',(-1.,-1.60456799084713E-16,-3.1720657846433E-15));
#2881=DIRECTION('center_axis',(-1.,-1.58603289232165E-16,0.));
#2882=DIRECTION('ref_axis',(0.,0.,1.));
#2883=DIRECTION('',(1.58603289232165E-16,-1.,0.));
#2884=DIRECTION('',(0.,0.,1.));
#2885=DIRECTION('center_axis',(3.1720657846433E-15,5.03100067105237E-31,
1.));
#2886=DIRECTION('ref_axis',(1.,0.,-3.1720657846433E-15));
#2887=DIRECTION('',(1.,1.60456799084713E-16,-3.1720657846433E-15));
#2888=DIRECTION('center_axis',(3.1720657846433E-15,5.03100067105237E-31,
-1.));
#2889=DIRECTION('ref_axis',(-1.,0.,-3.1720657846433E-15));
#2890=DIRECTION('',(1.58603289232165E-16,-1.,0.));
#2891=DIRECTION('',(-1.,-1.60456799084713E-16,-3.1720657846433E-15));
#2892=DIRECTION('center_axis',(-1.,-1.58603289232165E-16,0.));
#2893=DIRECTION('ref_axis',(0.,0.,1.));
#2894=DIRECTION('',(1.58603289232165E-16,-1.,0.));
#2895=DIRECTION('',(0.,0.,1.));
#2896=DIRECTION('center_axis',(3.1720657846433E-15,5.03100067105237E-31,
1.));
#2897=DIRECTION('ref_axis',(1.,0.,-3.1720657846433E-15));
#2898=DIRECTION('',(1.,1.60456799084713E-16,-3.1720657846433E-15));
#2899=DIRECTION('center_axis',(1.,1.60901887626834E-16,1.64477485129653E-16));
#2900=DIRECTION('ref_axis',(1.64477485129653E-16,0.,-1.));
#2901=DIRECTION('',(-1.60901887626834E-16,1.,0.));
#2902=DIRECTION('',(-1.64477485129653E-16,-2.93379851233504E-32,1.));
#2903=DIRECTION('',(-1.60901887626834E-16,1.,0.));
#2904=DIRECTION('',(-1.64477485129653E-16,-2.93379851233504E-32,1.));
#2905=DIRECTION('center_axis',(-1.,-1.60901887626834E-16,3.28954970259306E-16));
#2906=DIRECTION('ref_axis',(3.28954970259306E-16,0.,1.));
#2907=DIRECTION('',(1.60901887626834E-16,-1.,0.));
#2908=DIRECTION('',(-1.60901887626834E-16,1.,0.));
#2909=DIRECTION('',(-3.28954970259306E-16,-4.98366072328721E-32,-1.));
#2910=DIRECTION('center_axis',(1.43254583822601E-16,2.3049932948253E-32,
-1.));
#2911=DIRECTION('ref_axis',(-1.,0.,-1.43254583822601E-16));
#2912=DIRECTION('',(1.,1.60456799084713E-16,1.43254583822601E-16));
#2913=DIRECTION('',(1.,1.60456799084713E-16,1.43254583822601E-16));
#2914=DIRECTION('center_axis',(-1.76395569632307E-16,1.,-1.841165878317E-17));
#2915=DIRECTION('ref_axis',(0.,1.841165878317E-17,1.));
#2916=DIRECTION('',(-1.,-1.76395569632307E-16,0.));
#2917=DIRECTION('center_axis',(0.,0.,1.));
#2918=DIRECTION('ref_axis',(1.,0.,0.));
#2919=DIRECTION('',(-1.,-1.60456799084713E-16,0.));
#2920=DIRECTION('',(2.77555756156289E-16,-1.,0.));
#2921=DIRECTION('',(-1.,-1.60456799084713E-16,0.));
#2922=DIRECTION('',(0.,1.,0.));
#2923=DIRECTION('',(1.,0.,0.));
#2924=DIRECTION('',(3.33066907387547E-16,-1.,0.));
#2925=DIRECTION('',(-1.,-1.60456799084713E-16,0.));
#2926=DIRECTION('',(-2.77555756156289E-16,1.,0.));
#2927=DIRECTION('',(-1.,-1.60456799084713E-16,0.));
#2928=DIRECTION('center_axis',(-1.,-2.77555756156289E-16,3.55013176478975E-16));
#2929=DIRECTION('ref_axis',(3.55013176478975E-16,0.,1.));
#2930=DIRECTION('',(-3.55013176478975E-16,-5.69642779307125E-32,-1.));
#2931=DIRECTION('',(-2.77555756156289E-16,1.,0.));
#2932=DIRECTION('',(3.55013176478975E-16,5.69642779307125E-32,1.));
#2933=DIRECTION('center_axis',(-2.46716227694479E-16,-6.84775091337684E-32,
-1.));
#2934=DIRECTION('ref_axis',(-1.,0.,2.46716227694479E-16));
#2935=DIRECTION('',(1.,1.60456799084713E-16,-2.46716227694479E-16));
#2936=DIRECTION('',(-2.77555756156289E-16,1.,0.));
#2937=DIRECTION('',(-1.,-1.60456799084713E-16,2.46716227694479E-16));
#2938=DIRECTION('center_axis',(1.,2.77555756156289E-16,-6.45478502689045E-16));
#2939=DIRECTION('ref_axis',(-6.45478502689045E-16,0.,-1.));
#2940=DIRECTION('',(6.45478502689045E-16,1.03571414419477E-31,1.));
#2941=DIRECTION('',(-6.45478502689045E-16,-1.03571414419477E-31,-1.));
#2942=DIRECTION('center_axis',(-1.60456799084713E-16,1.,2.94645433794292E-33));
#2943=DIRECTION('ref_axis',(0.,-2.94645433794292E-33,1.));
#2944=DIRECTION('center_axis',(-1.,0.,0.));
#2945=DIRECTION('ref_axis',(0.,0.,1.));
#2946=DIRECTION('',(0.,0.,1.));
#2947=DIRECTION('',(0.,-1.,0.));
#2948=DIRECTION('',(0.,0.,-1.));
#2949=DIRECTION('center_axis',(0.,0.,-1.));
#2950=DIRECTION('ref_axis',(-1.,0.,0.));
#2951=DIRECTION('',(-1.,-1.60456799084713E-16,0.));
#2952=DIRECTION('',(3.33066907387547E-16,-1.,0.));
#2953=DIRECTION('',(1.,0.,0.));
#2954=DIRECTION('center_axis',(0.,0.,1.));
#2955=DIRECTION('ref_axis',(1.,0.,0.));
#2956=DIRECTION('',(1.,1.60456799084713E-16,0.));
#2957=DIRECTION('',(1.11022302462516E-16,-1.,0.));
#2958=DIRECTION('',(-1.,0.,0.));
#2959=DIRECTION('',(0.,-1.,0.));
#2960=DIRECTION('center_axis',(1.,0.,0.));
#2961=DIRECTION('ref_axis',(0.,0.,-1.));
#2962=DIRECTION('',(0.,0.,-1.));
#2963=DIRECTION('',(0.,0.,1.));
#2964=DIRECTION('center_axis',(1.,3.33066907387547E-16,0.));
#2965=DIRECTION('ref_axis',(0.,0.,-1.));
#2966=DIRECTION('',(0.,0.,1.));
#2967=DIRECTION('',(0.,0.,1.));
#2968=DIRECTION('center_axis',(1.60456799084713E-16,-1.,0.));
#2969=DIRECTION('ref_axis',(0.,0.,-1.));
#2970=DIRECTION('',(0.,0.,1.));
#2971=DIRECTION('center_axis',(-1.,-1.11022302462516E-16,0.));
#2972=DIRECTION('ref_axis',(0.,0.,1.));
#2973=DIRECTION('',(0.,0.,1.));
#2974=DIRECTION('center_axis',(0.,1.,0.));
#2975=DIRECTION('ref_axis',(0.,0.,1.));
#2976=CARTESIAN_POINT('',(0.,0.,0.));
#2977=CARTESIAN_POINT('Origin',(0.,10.,2.));
#2978=CARTESIAN_POINT('',(7.,10.1,2.));
#2979=CARTESIAN_POINT('Origin',(1.09912079437891E-15,10.1,2.));
#2980=CARTESIAN_POINT('',(6.975,10.1,2.));
#2981=CARTESIAN_POINT('Origin',(1.09912079437891E-15,10.1,2.));
#2982=CARTESIAN_POINT('Origin',(1.09912079437891E-15,10.1,2.));
#2983=CARTESIAN_POINT('',(6.975,10.1,2.2));
#2984=CARTESIAN_POINT('Origin',(1.09912079437891E-15,10.1,2.2));
#2985=CARTESIAN_POINT('',(6.975,10.1,2.));
#2986=CARTESIAN_POINT('Origin',(8.9,19.95,2.));
#2987=CARTESIAN_POINT('',(-8.9,19.95,2.));
#2988=CARTESIAN_POINT('',(8.9,19.95,2.));
#2989=CARTESIAN_POINT('',(4.45,19.95,2.));
#2990=CARTESIAN_POINT('',(-8.9,19.95,2.2));
#2991=CARTESIAN_POINT('',(-8.9,19.95,2.));
#2992=CARTESIAN_POINT('',(8.9,19.95,2.2));
#2993=CARTESIAN_POINT('',(8.9,19.95,2.2));
#2994=CARTESIAN_POINT('',(8.9,19.95,2.));
#2995=CARTESIAN_POINT('Origin',(8.9,0.0500000000000024,2.));
#2996=CARTESIAN_POINT('',(8.9,0.0500000000000024,2.));
#2997=CARTESIAN_POINT('',(8.9,5.025,2.));
#2998=CARTESIAN_POINT('',(8.9,0.0500000000000034,2.2));
#2999=CARTESIAN_POINT('',(8.9,0.0500000000000024,2.2));
#3000=CARTESIAN_POINT('',(8.9,0.0500000000000024,2.));
#3001=CARTESIAN_POINT('Origin',(-8.9,0.0499999999999991,2.));
#3002=CARTESIAN_POINT('',(-8.9,0.0499999999999991,2.));
#3003=CARTESIAN_POINT('',(-4.45,0.05,2.));
#3004=CARTESIAN_POINT('',(-8.9,0.0499999999999989,2.2));
#3005=CARTESIAN_POINT('',(-8.9,0.0499999999999991,2.2));
#3006=CARTESIAN_POINT('',(-8.9,0.0499999999999991,2.));
#3007=CARTESIAN_POINT('Origin',(-8.9,19.95,2.));
#3008=CARTESIAN_POINT('',(-8.9,14.975,2.));
#3009=CARTESIAN_POINT('',(-8.9,19.95,2.2));
#3010=CARTESIAN_POINT('Origin',(0.,10.,2.2));
#3011=CARTESIAN_POINT('Origin',(5.21554445662277,9.57141016151377,2.));
#3012=CARTESIAN_POINT('',(4.39821200218845,10.0432972740989,2.));
#3013=CARTESIAN_POINT('',(4.39821200218845,10.0432972740989,-6.));
#3014=CARTESIAN_POINT('',(4.39821200218845,10.0432972740989,2.));
#3015=CARTESIAN_POINT('',(5.21554445662277,9.57141016151377,-6.));
#3016=CARTESIAN_POINT('',(5.21554445662277,9.57141016151377,-6.));
#3017=CARTESIAN_POINT('',(5.21554445662277,9.57141016151377,2.));
#3018=CARTESIAN_POINT('',(5.21554445662277,9.57141016151377,2.));
#3019=CARTESIAN_POINT('',(3.166922863406,10.7541823898252,2.));
#3020=CARTESIAN_POINT('Origin',(5.21554445662277,9.57141016151377,2.));
#3021=CARTESIAN_POINT('',(3.00178799781156,10.8495230489287,-6.));
#3022=CARTESIAN_POINT('',(3.00178799781156,10.8495230489287,2.));
#3023=CARTESIAN_POINT('',(3.00178799781156,10.8495230489287,2.));
#3024=CARTESIAN_POINT('',(2.18445554337724,11.3214101615138,2.));
#3025=CARTESIAN_POINT('',(3.166922863406,10.7541823898252,2.));
#3026=CARTESIAN_POINT('',(2.18445554337724,11.3214101615138,-6.));
#3027=CARTESIAN_POINT('',(2.18445554337724,11.3214101615138,2.));
#3028=CARTESIAN_POINT('',(5.21554445662277,9.57141016151377,-6.));
#3029=CARTESIAN_POINT('Origin',(1.78445554337723,10.6285898384862,2.));
#3030=CARTESIAN_POINT('',(3.99821200218845,9.3504769510713,-6.));
#3031=CARTESIAN_POINT('',(3.99821200218845,9.3504769510713,2.));
#3032=CARTESIAN_POINT('',(3.99821200218845,9.3504769510713,2.));
#3033=CARTESIAN_POINT('',(4.81554445662277,8.87858983848623,2.));
#3034=CARTESIAN_POINT('',(1.25137840678323,10.9363620667976,2.));
#3035=CARTESIAN_POINT('',(4.81554445662277,8.87858983848623,-6.));
#3036=CARTESIAN_POINT('',(4.81554445662277,8.87858983848623,2.));
#3037=CARTESIAN_POINT('',(1.78445554337723,10.6285898384862,-6.));
#3038=CARTESIAN_POINT('Origin',(4.81554445662277,8.87858983848623,2.));
#3039=CARTESIAN_POINT('',(4.81554445662277,8.87858983848623,-6.));
#3040=CARTESIAN_POINT('',(4.45639382152816,8.25652269093173,2.));
#3041=CARTESIAN_POINT('Origin',(2.18445554337724,11.3214101615138,2.));
#3042=CARTESIAN_POINT('',(1.78445554337723,10.6285898384862,-6.));
#3043=CARTESIAN_POINT('',(2.18445554337724,11.3214101615138,-6.));
#3044=CARTESIAN_POINT('',(1.78445554337723,10.6285898384862,2.));
#3045=CARTESIAN_POINT('',(1.62530490828262,10.3529328524455,2.));
#3046=CARTESIAN_POINT('',(1.78445554337723,10.6285898384862,2.));
#3047=CARTESIAN_POINT('Origin',(1.78445554337723,10.6285898384862,2.));
#3048=CARTESIAN_POINT('',(2.60178799781156,10.1567027259012,2.));
#3049=CARTESIAN_POINT('',(2.60178799781156,10.1567027259012,-6.));
#3050=CARTESIAN_POINT('',(2.60178799781156,10.1567027259012,2.));
#3051=CARTESIAN_POINT('',(1.78445554337723,10.6285898384862,-6.));
#3052=CARTESIAN_POINT('',(1.25137840678323,10.9363620667976,2.));
#3053=CARTESIAN_POINT('Origin',(3.5,10.1,2.));
#3054=CARTESIAN_POINT('Origin',(3.5,10.1,2.));
#3055=CARTESIAN_POINT('Origin',(3.5,10.1,-6.));
#3056=CARTESIAN_POINT('Origin',(3.5,10.1,2.));
#3057=CARTESIAN_POINT('Origin',(3.5,10.1,-6.));
#3058=CARTESIAN_POINT('Origin',(3.5,10.1,2.));
#3059=CARTESIAN_POINT('Origin',(3.5,10.1,-6.));
#3060=CARTESIAN_POINT('Origin',(2.47487373415292,7.62512626584709,2.));
#3061=CARTESIAN_POINT('',(2.57500532740713,8.51953873447237,2.));
#3062=CARTESIAN_POINT('',(2.57500532740713,8.51953873447237,-6.));
#3063=CARTESIAN_POINT('',(2.57500532740713,8.51953873447237,2.));
#3064=CARTESIAN_POINT('',(3.12649623752744,7.00432991188234,-6.));
#3065=CARTESIAN_POINT('Origin',(2.47487373415292,7.62512626584709,-6.));
#3066=CARTESIAN_POINT('',(3.12649623752744,7.00432991188234,2.));
#3067=CARTESIAN_POINT('',(3.12649623752744,7.00432991188234,2.));
#3068=CARTESIAN_POINT('Origin',(2.47487373415292,7.62512626584709,2.));
#3069=CARTESIAN_POINT('Origin',(2.47487373415292,7.62512626584709,2.));
#3070=CARTESIAN_POINT('',(1.8232512307784,8.24592261981183,-6.));
#3071=CARTESIAN_POINT('',(1.8232512307784,8.24592261981183,2.));
#3072=CARTESIAN_POINT('',(1.8232512307784,8.24592261981183,2.));
#3073=CARTESIAN_POINT('',(2.37474214089871,6.7307137972218,2.));
#3074=CARTESIAN_POINT('Origin',(2.47487373415292,7.62512626584709,2.));
#3075=CARTESIAN_POINT('',(2.37474214089871,6.7307137972218,-6.));
#3076=CARTESIAN_POINT('',(2.37474214089871,6.7307137972218,2.));
#3077=CARTESIAN_POINT('Origin',(2.47487373415292,7.62512626584709,-6.));
#3078=CARTESIAN_POINT('Origin',(1.50046143501864,9.13278029489216,2.));
#3079=CARTESIAN_POINT('',(2.69753193665848,5.84385612214148,2.));
#3080=CARTESIAN_POINT('',(1.27334159203673,9.75678693499502,2.));
#3081=CARTESIAN_POINT('',(2.69753193665848,5.84385612214148,-6.));
#3082=CARTESIAN_POINT('',(2.69753193665848,5.84385612214148,2.));
#3083=CARTESIAN_POINT('',(1.50046143501864,9.13278029489216,-6.));
#3084=CARTESIAN_POINT('Origin',(3.44928603328721,6.11747223680201,2.));
#3085=CARTESIAN_POINT('',(3.44928603328721,6.11747223680201,-6.));
#3086=CARTESIAN_POINT('',(3.44928603328721,6.11747223680201,-6.));
#3087=CARTESIAN_POINT('',(3.44928603328721,6.11747223680201,2.));
#3088=CARTESIAN_POINT('',(3.44928603328721,6.11747223680201,2.));
#3089=CARTESIAN_POINT('',(2.62363093948538,8.38594096328021,2.));
#3090=CARTESIAN_POINT('Origin',(1.50046143501864,9.13278029489216,2.));
#3091=CARTESIAN_POINT('',(1.50046143501864,9.13278029489216,-6.));
#3092=CARTESIAN_POINT('',(1.50046143501864,9.13278029489216,-6.));
#3093=CARTESIAN_POINT('',(1.50046143501864,9.13278029489216,2.));
#3094=CARTESIAN_POINT('',(1.50046143501864,9.13278029489216,2.));
#3095=CARTESIAN_POINT('',(1.27334159203673,9.75678693499502,2.));
#3096=CARTESIAN_POINT('Origin',(2.69753193665848,5.84385612214148,2.));
#3097=CARTESIAN_POINT('',(2.69753193665848,5.84385612214148,-6.));
#3098=CARTESIAN_POINT('',(2.17442106213106,5.65345933459253,2.));
#3099=CARTESIAN_POINT('Origin',(3.44928603328721,6.11747223680201,2.));
#3100=CARTESIAN_POINT('',(2.25221553164737,9.40639640955269,2.));
#3101=CARTESIAN_POINT('',(2.62363093948538,8.38594096328021,2.));
#3102=CARTESIAN_POINT('',(2.25221553164737,9.40639640955269,-6.));
#3103=CARTESIAN_POINT('',(2.25221553164737,9.40639640955269,2.));
#3104=CARTESIAN_POINT('',(3.44928603328721,6.11747223680201,-6.));
#3105=CARTESIAN_POINT('Origin',(2.25221553164737,9.40639640955269,2.));
#3106=CARTESIAN_POINT('',(2.25221553164737,9.40639640955269,-6.));
#3107=CARTESIAN_POINT('',(1.35322760880559,9.07919156467349,2.));
#3108=CARTESIAN_POINT('Origin',(2.47487373415292,7.62512626584709,-6.));
#3109=CARTESIAN_POINT('Origin',(-2.47487373415292,7.62512626584708,2.));
#3110=CARTESIAN_POINT('',(-1.8232512307784,8.24592261981183,2.));
#3111=CARTESIAN_POINT('',(-1.8232512307784,8.24592261981183,-6.));
#3112=CARTESIAN_POINT('',(-1.8232512307784,8.24592261981183,2.));
#3113=CARTESIAN_POINT('',(-2.37474214089871,6.7307137972218,-6.));
#3114=CARTESIAN_POINT('Origin',(-2.47487373415292,7.62512626584708,-6.));
#3115=CARTESIAN_POINT('',(-2.37474214089871,6.7307137972218,2.));
#3116=CARTESIAN_POINT('',(-2.37474214089871,6.7307137972218,2.));
#3117=CARTESIAN_POINT('Origin',(-2.47487373415292,7.62512626584708,2.));
#3118=CARTESIAN_POINT('Origin',(-2.47487373415292,7.62512626584708,2.));
#3119=CARTESIAN_POINT('',(-2.57500532740713,8.51953873447237,-6.));
#3120=CARTESIAN_POINT('',(-2.57500532740713,8.51953873447237,2.));
#3121=CARTESIAN_POINT('',(-2.57500532740713,8.51953873447237,2.));
#3122=CARTESIAN_POINT('',(-3.12649623752744,7.00432991188234,2.));
#3123=CARTESIAN_POINT('Origin',(-2.47487373415292,7.62512626584708,2.));
#3124=CARTESIAN_POINT('',(-3.12649623752744,7.00432991188234,-6.));
#3125=CARTESIAN_POINT('',(-3.12649623752744,7.00432991188234,2.));
#3126=CARTESIAN_POINT('Origin',(-2.47487373415292,7.62512626584708,-6.));
#3127=CARTESIAN_POINT('Origin',(-2.25221553164736,9.40639640955269,2.));
#3128=CARTESIAN_POINT('',(-3.4492860332872,6.11747223680201,2.));
#3129=CARTESIAN_POINT('',(-2.02509568866546,10.0304030496556,2.));
#3130=CARTESIAN_POINT('',(-3.4492860332872,6.11747223680201,-6.));
#3131=CARTESIAN_POINT('',(-3.4492860332872,6.11747223680201,2.));
#3132=CARTESIAN_POINT('',(-2.25221553164736,9.40639640955269,-6.));
#3133=CARTESIAN_POINT('Origin',(-2.69753193665847,5.84385612214147,2.));
#3134=CARTESIAN_POINT('',(-2.69753193665847,5.84385612214147,-6.));
#3135=CARTESIAN_POINT('',(-2.69753193665847,5.84385612214147,-6.));
#3136=CARTESIAN_POINT('',(-2.69753193665847,5.84385612214147,2.));
#3137=CARTESIAN_POINT('',(-2.69753193665847,5.84385612214147,2.));
#3138=CARTESIAN_POINT('',(-1.87187684285665,8.11232484861968,2.));
#3139=CARTESIAN_POINT('Origin',(-1.50046143501863,9.13278029489216,2.));
#3140=CARTESIAN_POINT('',(-1.50046143501863,9.13278029489216,-6.));
#3141=CARTESIAN_POINT('',(-2.25221553164736,9.40639640955269,-6.));
#3142=CARTESIAN_POINT('',(-1.50046143501863,9.13278029489216,-6.));
#3143=CARTESIAN_POINT('',(-1.50046143501863,9.13278029489216,2.));
#3144=CARTESIAN_POINT('',(-1.50046143501863,9.13278029489216,2.));
#3145=CARTESIAN_POINT('',(-2.25221553164736,9.40639640955269,2.));
#3146=CARTESIAN_POINT('',(-0.977350560491218,8.94238350734322,2.));
#3147=CARTESIAN_POINT('',(-2.25221553164736,9.40639640955269,2.));
#3148=CARTESIAN_POINT('Origin',(-2.25221553164736,9.40639640955269,2.));
#3149=CARTESIAN_POINT('',(-2.25221553164736,9.40639640955269,-6.));
#3150=CARTESIAN_POINT('',(-2.02509568866546,10.0304030496556,2.));
#3151=CARTESIAN_POINT('Origin',(-3.4492860332872,6.11747223680201,2.));
#3152=CARTESIAN_POINT('',(-3.4492860332872,6.11747223680201,-6.));
#3153=CARTESIAN_POINT('',(-2.55029811044542,5.7902673919228,2.));
#3154=CARTESIAN_POINT('Origin',(-2.69753193665847,5.84385612214147,2.));
#3155=CARTESIAN_POINT('',(-1.87187684285665,8.11232484861968,2.));
#3156=CARTESIAN_POINT('',(-2.69753193665847,5.84385612214147,-6.));
#3157=CARTESIAN_POINT('Origin',(-2.47487373415292,7.62512626584708,-6.));
#3158=CARTESIAN_POINT('Origin',(-0.4,8.35,2.));
#3159=CARTESIAN_POINT('',(-0.399999999999999,5.79377422517014,-6.));
#3160=CARTESIAN_POINT('',(-0.399999999999999,5.79377422517014,2.));
#3161=CARTESIAN_POINT('',(-0.399999999999999,5.79377422517014,2.));
#3162=CARTESIAN_POINT('',(-0.399999999999998,4.85,2.));
#3163=CARTESIAN_POINT('',(-0.400000000000001,9.175,2.));
#3164=CARTESIAN_POINT('',(-0.399999999999998,4.85,-6.));
#3165=CARTESIAN_POINT('',(-0.399999999999998,4.85,2.));
#3166=CARTESIAN_POINT('',(-0.399999999999998,4.85,-6.));
#3167=CARTESIAN_POINT('Origin',(-0.4,8.35,2.));
#3168=CARTESIAN_POINT('',(-0.4,7.40622577482985,2.));
#3169=CARTESIAN_POINT('',(-0.4,7.40622577482985,-6.));
#3170=CARTESIAN_POINT('',(-0.4,7.40622577482985,2.));
#3171=CARTESIAN_POINT('',(-0.4,8.35,-6.));
#3172=CARTESIAN_POINT('',(-0.399999999999998,4.85,-6.));
#3173=CARTESIAN_POINT('',(-0.4,8.35,2.));
#3174=CARTESIAN_POINT('',(-0.4,8.35,2.));
#3175=CARTESIAN_POINT('',(-0.400000000000001,9.175,2.));
#3176=CARTESIAN_POINT('Origin',(0.400000000000003,4.85,2.));
#3177=CARTESIAN_POINT('',(0.400000000000003,5.79377422517014,2.));
#3178=CARTESIAN_POINT('',(0.400000000000003,5.79377422517014,-6.));
#3179=CARTESIAN_POINT('',(0.400000000000003,5.79377422517014,2.));
#3180=CARTESIAN_POINT('',(0.400000000000003,4.85,-6.));
#3181=CARTESIAN_POINT('',(0.400000000000003,8.35,-6.));
#3182=CARTESIAN_POINT('',(0.400000000000003,4.85,2.));
#3183=CARTESIAN_POINT('',(0.400000000000003,4.85,2.));
#3184=CARTESIAN_POINT('',(0.400000000000003,7.425,2.));
#3185=CARTESIAN_POINT('Origin',(-0.399999999999998,4.85,2.));
#3186=CARTESIAN_POINT('',(0.400000000000003,4.85,-6.));
#3187=CARTESIAN_POINT('',(-0.199999999999998,4.85,2.));
#3188=CARTESIAN_POINT('Origin',(0.400000000000003,4.85,2.));
#3189=CARTESIAN_POINT('',(0.400000000000003,7.40622577482985,-6.));
#3190=CARTESIAN_POINT('',(0.400000000000003,7.40622577482985,2.));
#3191=CARTESIAN_POINT('',(0.400000000000003,7.40622577482985,2.));
#3192=CARTESIAN_POINT('',(0.400000000000003,8.35,2.));
#3193=CARTESIAN_POINT('',(0.400000000000003,7.425,2.));
#3194=CARTESIAN_POINT('',(0.400000000000003,8.35,-6.));
#3195=CARTESIAN_POINT('',(0.400000000000003,8.35,2.));
#3196=CARTESIAN_POINT('',(0.400000000000003,8.35,-6.));
#3197=CARTESIAN_POINT('Origin',(0.400000000000003,8.35,2.));
#3198=CARTESIAN_POINT('',(-0.4,8.35,-6.));
#3199=CARTESIAN_POINT('',(0.200000000000002,8.35,2.));
#3200=CARTESIAN_POINT('Origin',(2.28119920030413E-15,6.6,-6.));
#3201=CARTESIAN_POINT('Origin',(2.28119920030413E-15,6.6,-6.));
#3202=CARTESIAN_POINT('Origin',(2.28119920030413E-15,6.6,-6.));
#3203=CARTESIAN_POINT('Origin',(2.28119920030413E-15,6.6,2.));
#3204=CARTESIAN_POINT('Origin',(2.28119920030413E-15,6.6,2.));
#3205=CARTESIAN_POINT('Origin',(2.28119920030413E-15,6.6,2.));
#3206=CARTESIAN_POINT('Origin',(2.28119920030413E-15,6.6,2.));
#3207=CARTESIAN_POINT('Origin',(-4.81554445662277,8.87858983848622,2.));
#3208=CARTESIAN_POINT('',(-3.99821200218844,9.35047695107129,2.));
#3209=CARTESIAN_POINT('',(-3.99821200218844,9.35047695107129,-6.));
#3210=CARTESIAN_POINT('',(-3.99821200218844,9.35047695107129,2.));
#3211=CARTESIAN_POINT('',(-4.81554445662277,8.87858983848622,-6.));
#3212=CARTESIAN_POINT('',(-4.81554445662277,8.87858983848622,-6.));
#3213=CARTESIAN_POINT('',(-4.81554445662277,8.87858983848622,2.));
#3214=CARTESIAN_POINT('',(-4.81554445662277,8.87858983848622,2.));
#3215=CARTESIAN_POINT('',(-2.76692286340599,10.0613620667976,2.));
#3216=CARTESIAN_POINT('Origin',(-4.81554445662277,8.87858983848622,2.));
#3217=CARTESIAN_POINT('',(-2.60178799781155,10.1567027259011,-6.));
#3218=CARTESIAN_POINT('',(-2.60178799781155,10.1567027259011,2.));
#3219=CARTESIAN_POINT('',(-2.60178799781155,10.1567027259011,2.));
#3220=CARTESIAN_POINT('',(-1.78445554337723,10.6285898384862,2.));
#3221=CARTESIAN_POINT('',(-2.76692286340599,10.0613620667976,2.));
#3222=CARTESIAN_POINT('',(-1.78445554337723,10.6285898384862,-6.));
#3223=CARTESIAN_POINT('',(-1.78445554337723,10.6285898384862,2.));
#3224=CARTESIAN_POINT('',(-4.81554445662277,8.87858983848622,-6.));
#3225=CARTESIAN_POINT('Origin',(-2.18445554337723,11.3214101615138,2.));
#3226=CARTESIAN_POINT('',(-4.39821200218845,10.0432972740988,-6.));
#3227=CARTESIAN_POINT('',(-4.39821200218845,10.0432972740988,2.));
#3228=CARTESIAN_POINT('',(-4.39821200218845,10.0432972740988,2.));
#3229=CARTESIAN_POINT('',(-5.21554445662276,9.57141016151377,2.));
#3230=CARTESIAN_POINT('',(-1.65137840678323,11.6291823898252,2.));
#3231=CARTESIAN_POINT('',(-5.21554445662276,9.57141016151377,-6.));
#3232=CARTESIAN_POINT('',(-5.21554445662276,9.57141016151377,2.));
#3233=CARTESIAN_POINT('',(-2.18445554337723,11.3214101615138,-6.));
#3234=CARTESIAN_POINT('Origin',(-5.21554445662276,9.57141016151377,2.));
#3235=CARTESIAN_POINT('',(-5.21554445662276,9.57141016151377,-6.));
#3236=CARTESIAN_POINT('',(-4.65639382152816,8.60293285244551,2.));
#3237=CARTESIAN_POINT('Origin',(-1.78445554337723,10.6285898384862,2.));
#3238=CARTESIAN_POINT('',(-2.18445554337723,11.3214101615138,-6.));
#3239=CARTESIAN_POINT('',(-1.78445554337723,10.6285898384862,-6.));
#3240=CARTESIAN_POINT('',(-2.18445554337723,11.3214101615138,2.));
#3241=CARTESIAN_POINT('',(-1.42530490828262,10.0065226909317,2.));
#3242=CARTESIAN_POINT('',(-2.18445554337723,11.3214101615138,2.));
#3243=CARTESIAN_POINT('Origin',(-2.18445554337723,11.3214101615138,2.));
#3244=CARTESIAN_POINT('',(-3.00178799781155,10.8495230489287,2.));
#3245=CARTESIAN_POINT('',(-3.00178799781155,10.8495230489287,-6.));
#3246=CARTESIAN_POINT('',(-3.00178799781155,10.8495230489287,2.));
#3247=CARTESIAN_POINT('',(-2.18445554337723,11.3214101615138,-6.));
#3248=CARTESIAN_POINT('',(-1.65137840678323,11.6291823898252,2.));
#3249=CARTESIAN_POINT('Origin',(-3.5,10.1,2.));
#3250=CARTESIAN_POINT('Origin',(-3.5,10.1,2.));
#3251=CARTESIAN_POINT('Origin',(-3.5,10.1,-6.));
#3252=CARTESIAN_POINT('Origin',(-3.5,10.1,2.));
#3253=CARTESIAN_POINT('Origin',(-3.5,10.1,-6.));
#3254=CARTESIAN_POINT('Origin',(-3.5,10.1,2.));
#3255=CARTESIAN_POINT('Origin',(-3.5,10.1,-6.));
#3256=CARTESIAN_POINT('Origin',(0.359510583374879,17.8,-4.75));
#3257=CARTESIAN_POINT('',(-1.25,17.8,-5.31636647364035E-16));
#3258=CARTESIAN_POINT('',(-1.25,17.8,-11.5));
#3259=CARTESIAN_POINT('',(-1.25,17.8,-8.125));
#3260=CARTESIAN_POINT('',(-7.39048941662512,17.8,-11.5));
#3261=CARTESIAN_POINT('',(-7.39048941662512,17.8,-11.5));
#3262=CARTESIAN_POINT('',(-7.39048941662512,17.8,0.));
#3263=CARTESIAN_POINT('',(-7.39048941662512,17.8,2.));
#3264=CARTESIAN_POINT('',(0.17975529168744,17.8,0.));
#3265=CARTESIAN_POINT('Origin',(1.25,14.1,2.));
#3266=CARTESIAN_POINT('',(1.25,14.1,2.));
#3267=CARTESIAN_POINT('',(1.25,14.1,-11.5));
#3268=CARTESIAN_POINT('',(1.25,14.1,2.));
#3269=CARTESIAN_POINT('',(1.25,15.8660645157681,2.));
#3270=CARTESIAN_POINT('',(1.25,12.05,2.));
#3271=CARTESIAN_POINT('',(1.25,15.8660645157681,-8.));
#3272=CARTESIAN_POINT('',(1.25,15.8660645157681,2.));
#3273=CARTESIAN_POINT('',(1.25,16.987488656978,-8.));
#3274=CARTESIAN_POINT('',(1.25,12.1,-8.));
#3275=CARTESIAN_POINT('',(1.25,16.987488656978,-8.32667268468867E-16));
#3276=CARTESIAN_POINT('',(1.25,16.987488656978,2.));
#3277=CARTESIAN_POINT('',(1.25,17.8,-8.09192403520324E-16));
#3278=CARTESIAN_POINT('',(1.25,17.8,-8.09192403520324E-16));
#3279=CARTESIAN_POINT('',(1.25,17.8,-11.5));
#3280=CARTESIAN_POINT('',(1.25,17.8,-2.375));
#3281=CARTESIAN_POINT('',(1.25,9.05,-11.5));
#3282=CARTESIAN_POINT('Origin',(-1.25,14.1,2.));
#3283=CARTESIAN_POINT('',(-1.25,14.1,2.));
#3284=CARTESIAN_POINT('',(-1.25,14.1,-11.5));
#3285=CARTESIAN_POINT('',(-1.25,14.1,2.));
#3286=CARTESIAN_POINT('',(-0.624999999999999,14.1,2.));
#3287=CARTESIAN_POINT('',(-4.32024470831256,14.1,-11.5));
#3288=CARTESIAN_POINT('Origin',(-1.25,16.987488656978,2.));
#3289=CARTESIAN_POINT('',(-1.25,15.8660645157681,2.));
#3290=CARTESIAN_POINT('',(-1.25,15.8660645157681,-8.));
#3291=CARTESIAN_POINT('',(-1.25,15.8660645157681,2.));
#3292=CARTESIAN_POINT('',(-1.25,13.493744328489,2.));
#3293=CARTESIAN_POINT('',(-1.25,10.9,-11.5));
#3294=CARTESIAN_POINT('',(-1.25,16.987488656978,-8.32667268468867E-16));
#3295=CARTESIAN_POINT('',(-1.25,17.8,-5.31636647364035E-16));
#3296=CARTESIAN_POINT('',(-1.25,16.987488656978,-8.));
#3297=CARTESIAN_POINT('',(-1.25,16.987488656978,2.));
#3298=CARTESIAN_POINT('',(-1.25,13.543744328489,-8.));
#3299=CARTESIAN_POINT('Origin',(1.09912079437891E-15,10.1,2.));
#3300=CARTESIAN_POINT('',(7.,10.1,-8.));
#3301=CARTESIAN_POINT('',(7.,10.1,2.));
#3302=CARTESIAN_POINT('Origin',(1.09912079437891E-15,10.1,-8.));
#3303=CARTESIAN_POINT('Origin',(1.09912079437891E-15,10.1,-5.55111512312578E-16));
#3304=CARTESIAN_POINT('Origin',(1.09912079437891E-15,10.1,-8.));
#3305=CARTESIAN_POINT('Origin',(1.66533453693773E-15,10.,2.));
#3306=CARTESIAN_POINT('Origin',(1.09912079437891E-15,10.1,2.));
#3307=CARTESIAN_POINT('Origin',(1.09912079437891E-15,10.1,2.));
#3308=CARTESIAN_POINT('Origin',(1.09912079437891E-15,10.1,-8.));
#3309=CARTESIAN_POINT('Origin',(1.09912079437891E-15,10.1,-8.));
#3310=CARTESIAN_POINT('Origin',(1.66533453693773E-15,10.,2.));
#3311=CARTESIAN_POINT('',(9.,2.22044604925031E-15,2.));
#3312=CARTESIAN_POINT('',(9.,20.,2.));
#3313=CARTESIAN_POINT('',(9.,15.,2.));
#3314=CARTESIAN_POINT('',(-10.5,20.,2.));
#3315=CARTESIAN_POINT('',(-10.5,20.,2.));
#3316=CARTESIAN_POINT('',(-10.5,-1.14914673152865E-15,2.));
#3317=CARTESIAN_POINT('',(-10.5,-1.14914673152865E-15,2.));
#3318=CARTESIAN_POINT('',(10.5,2.22044604925031E-15,2.));
#3319=CARTESIAN_POINT('Origin',(0.349999999999999,5.91809538540478E-16,
-9.7));
#3320=CARTESIAN_POINT('',(0.35,-3.,-10.7));
#3321=CARTESIAN_POINT('',(0.35,-3.,-9.7));
#3322=CARTESIAN_POINT('Origin',(0.350000000000001,-3.,-10.2));
#3323=CARTESIAN_POINT('',(0.349999999999999,5.91809538540478E-16,-10.7));
#3324=CARTESIAN_POINT('',(0.349999999999999,5.91809538540478E-16,-10.7));
#3325=CARTESIAN_POINT('',(0.349999999999999,5.91809538540478E-16,-9.7));
#3326=CARTESIAN_POINT('',(0.349999999999999,5.91809538540478E-16,-4.85));
#3327=CARTESIAN_POINT('',(0.349999999999999,5.91809538540478E-16,-9.7));
#3328=CARTESIAN_POINT('Origin',(0.174999999999999,-3.,-10.2));
#3329=CARTESIAN_POINT('',(-0.350000000000001,-3.,-9.7));
#3330=CARTESIAN_POINT('',(-0.350000000000001,-3.,-10.7));
#3331=CARTESIAN_POINT('Origin',(-0.349999999999999,-3.,-10.2));
#3332=CARTESIAN_POINT('',(0.175,-3.,-10.7));
#3333=CARTESIAN_POINT('',(-0.175,-3.,-9.7));
#3334=CARTESIAN_POINT('Origin',(7.85,1.79523553167582E-15,-9.7));
#3335=CARTESIAN_POINT('',(7.85,-3.,-10.7));
#3336=CARTESIAN_POINT('',(7.85,-3.,-9.7));
#3337=CARTESIAN_POINT('Origin',(7.85,-3.,-10.2));
#3338=CARTESIAN_POINT('',(7.85,1.79523553167582E-15,-10.7));
#3339=CARTESIAN_POINT('',(7.85,1.79523553167582E-15,-10.7));
#3340=CARTESIAN_POINT('',(7.85,1.79523553167582E-15,-9.7));
#3341=CARTESIAN_POINT('',(7.85,1.79523553167582E-15,-4.85));
#3342=CARTESIAN_POINT('',(7.85,1.79523553167582E-15,-9.7));
#3343=CARTESIAN_POINT('Origin',(7.675,-3.,-10.2));
#3344=CARTESIAN_POINT('',(7.15,-3.,-9.7));
#3345=CARTESIAN_POINT('',(7.15,-3.,-10.7));
#3346=CARTESIAN_POINT('Origin',(7.15,-3.,-10.2));
#3347=CARTESIAN_POINT('',(7.675,-3.,-10.7));
#3348=CARTESIAN_POINT('',(7.325,-3.,-9.7));
#3349=CARTESIAN_POINT('Origin',(-7.15,-6.11616454594867E-16,-9.7));
#3350=CARTESIAN_POINT('',(-7.15,-3.,-10.7));
#3351=CARTESIAN_POINT('',(-7.15,-3.,-9.7));
#3352=CARTESIAN_POINT('Origin',(-7.15,-3.,-10.2));
#3353=CARTESIAN_POINT('',(-7.15,-6.11616454594867E-16,-10.7));
#3354=CARTESIAN_POINT('',(-7.15,-6.11616454594867E-16,-10.7));
#3355=CARTESIAN_POINT('',(-7.15,-6.11616454594867E-16,-9.7));
#3356=CARTESIAN_POINT('',(-7.15,-6.11616454594867E-16,-4.85));
#3357=CARTESIAN_POINT('',(-7.15,-6.11616454594867E-16,-9.7));
#3358=CARTESIAN_POINT('Origin',(-7.325,-3.,-10.2));
#3359=CARTESIAN_POINT('',(-7.85,-3.,-9.7));
#3360=CARTESIAN_POINT('',(-7.85,-3.,-10.7));
#3361=CARTESIAN_POINT('Origin',(-7.85,-3.,-10.2));
#3362=CARTESIAN_POINT('',(-7.325,-3.,-10.7));
#3363=CARTESIAN_POINT('',(-7.675,-3.,-9.7));
#3364=CARTESIAN_POINT('Origin',(-4.65,-2.10474456883085E-16,-12.3));
#3365=CARTESIAN_POINT('',(-4.65,-3.,-13.3));
#3366=CARTESIAN_POINT('',(-4.65,-3.,-12.3));
#3367=CARTESIAN_POINT('Origin',(-4.65,-3.,-12.8));
#3368=CARTESIAN_POINT('',(-4.65,-2.10474456883085E-16,-13.3));
#3369=CARTESIAN_POINT('',(-4.65,-2.10474456883085E-16,-13.3));
#3370=CARTESIAN_POINT('',(-4.65,-2.10474456883085E-16,-12.3));
#3371=CARTESIAN_POINT('',(-4.65,-2.10474456883085E-16,-6.15));
#3372=CARTESIAN_POINT('',(-4.65,-2.10474456883085E-16,-12.3));
#3373=CARTESIAN_POINT('Origin',(-4.825,-3.,-12.8));
#3374=CARTESIAN_POINT('',(-5.35,-3.,-12.3));
#3375=CARTESIAN_POINT('',(-5.35,-3.,-13.3));
#3376=CARTESIAN_POINT('Origin',(-5.35,-3.,-12.8));
#3377=CARTESIAN_POINT('',(-4.825,-3.,-13.3));
#3378=CARTESIAN_POINT('',(-5.175,-3.,-12.3));
#3379=CARTESIAN_POINT('Origin',(5.35,1.39409353396404E-15,-12.3));
#3380=CARTESIAN_POINT('',(5.35,-3.,-13.3));
#3381=CARTESIAN_POINT('',(5.35,-3.,-12.3));
#3382=CARTESIAN_POINT('Origin',(5.35,-3.,-12.8));
#3383=CARTESIAN_POINT('',(5.35,1.39409353396404E-15,-13.3));
#3384=CARTESIAN_POINT('',(5.35,1.39409353396404E-15,-13.3));
#3385=CARTESIAN_POINT('',(5.35,1.39409353396404E-15,-12.3));
#3386=CARTESIAN_POINT('',(5.35,1.39409353396404E-15,-6.15));
#3387=CARTESIAN_POINT('',(5.35,1.39409353396404E-15,-12.3));
#3388=CARTESIAN_POINT('Origin',(5.175,-3.,-12.8));
#3389=CARTESIAN_POINT('',(4.65,-3.,-12.3));
#3390=CARTESIAN_POINT('',(4.65,-3.,-13.3));
#3391=CARTESIAN_POINT('Origin',(4.65,-3.,-12.8));
#3392=CARTESIAN_POINT('',(5.175,-3.,-13.3));
#3393=CARTESIAN_POINT('',(4.825,-3.,-12.3));
#3394=CARTESIAN_POINT('Origin',(3.,1.01702005611497E-15,-0.95));
#3395=CARTESIAN_POINT('',(2.,-3.,-0.95));
#3396=CARTESIAN_POINT('',(3.,-3.,-0.95));
#3397=CARTESIAN_POINT('Origin',(2.5,-3.,-0.95));
#3398=CARTESIAN_POINT('',(2.,8.56563257030254E-16,-0.95));
#3399=CARTESIAN_POINT('',(2.,8.56563257030254E-16,-0.95));
#3400=CARTESIAN_POINT('',(3.,1.01702005611497E-15,-0.95));
#3401=CARTESIAN_POINT('',(6.75,1.61873305268264E-15,-0.95));
#3402=CARTESIAN_POINT('',(3.,1.01702005611497E-15,-0.95));
#3403=CARTESIAN_POINT('Origin',(-2.,2.14736060691404E-16,-0.950000000000001));
#3404=CARTESIAN_POINT('',(-3.,-3.,-0.950000000000002));
#3405=CARTESIAN_POINT('',(-2.,-3.,-0.950000000000001));
#3406=CARTESIAN_POINT('Origin',(-2.5,-3.,-0.950000000000001));
#3407=CARTESIAN_POINT('',(-3.,5.42792616066912E-17,-0.950000000000002));
#3408=CARTESIAN_POINT('',(-3.,5.42792616066912E-17,-0.950000000000002));
#3409=CARTESIAN_POINT('',(-2.,2.14736060691404E-16,-0.950000000000001));
#3410=CARTESIAN_POINT('',(4.25,1.21759105497086E-15,-0.949999999999998));
#3411=CARTESIAN_POINT('',(-2.,2.14736060691404E-16,-0.950000000000001));
#3412=CARTESIAN_POINT('Origin',(-2.5,-3.,-0.725));
#3413=CARTESIAN_POINT('',(-2.,-3.,-0.65));
#3414=CARTESIAN_POINT('',(-2.,-3.,-0.725));
#3415=CARTESIAN_POINT('',(-3.,-3.,-0.65));
#3416=CARTESIAN_POINT('Origin',(-2.5,-3.,-0.65));
#3417=CARTESIAN_POINT('',(-3.,-3.,-0.875000000000001));
#3418=CARTESIAN_POINT('Origin',(-3.,5.42792616066912E-17,-0.65));
#3419=CARTESIAN_POINT('',(-2.,2.14736060691404E-16,-0.65));
#3420=CARTESIAN_POINT('',(-2.,2.14736060691404E-16,-0.65));
#3421=CARTESIAN_POINT('',(-3.,5.42792616066912E-17,-0.65));
#3422=CARTESIAN_POINT('',(3.75,1.1373626554285E-15,-0.65));
#3423=CARTESIAN_POINT('',(-3.,5.42792616066912E-17,-0.65));
#3424=CARTESIAN_POINT('Origin',(-2.,2.14736060691404E-16,-0.65));
#3425=CARTESIAN_POINT('',(-2.,2.14736060691404E-16,-0.325));
#3426=CARTESIAN_POINT('Origin',(2.5,-3.,-0.875));
#3427=CARTESIAN_POINT('',(3.,-3.,-0.65));
#3428=CARTESIAN_POINT('',(2.,-3.,-0.65));
#3429=CARTESIAN_POINT('Origin',(2.5,-3.,-0.65));
#3430=CARTESIAN_POINT('',(2.,-3.,-0.875));
#3431=CARTESIAN_POINT('',(3.,-3.,-0.725));
#3432=CARTESIAN_POINT('Origin',(-3.,5.42792616066912E-17,-0.950000000000002));
#3433=CARTESIAN_POINT('',(-3.,5.42792616066911E-17,-0.475000000000001));
#3434=CARTESIAN_POINT('Origin',(3.,1.01702005611497E-15,-0.65));
#3435=CARTESIAN_POINT('',(3.,1.01702005611497E-15,-0.65));
#3436=CARTESIAN_POINT('',(3.,1.01702005611497E-15,-0.325));
#3437=CARTESIAN_POINT('',(3.,1.01702005611497E-15,-0.65));
#3438=CARTESIAN_POINT('Origin',(2.,8.56563257030254E-16,-0.95));
#3439=CARTESIAN_POINT('',(2.,8.56563257030254E-16,-0.65));
#3440=CARTESIAN_POINT('',(2.,8.56563257030254E-16,-0.65));
#3441=CARTESIAN_POINT('',(2.,8.56563257030254E-16,-0.475));
#3442=CARTESIAN_POINT('Origin',(2.,8.56563257030254E-16,-0.65));
#3443=CARTESIAN_POINT('',(6.25,1.53850465314028E-15,-0.65));
#3444=CARTESIAN_POINT('Origin',(5.35,1.39409353396404E-15,-13.3));
#3445=CARTESIAN_POINT('',(4.65,1.28177377460474E-15,-13.3));
#3446=CARTESIAN_POINT('',(4.65,1.28177377460474E-15,-13.3));
#3447=CARTESIAN_POINT('',(7.925,1.80726979160718E-15,-13.3));
#3448=CARTESIAN_POINT('Origin',(4.65,1.28177377460474E-15,-13.3));
#3449=CARTESIAN_POINT('',(4.65,1.28177377460474E-15,-12.3));
#3450=CARTESIAN_POINT('',(4.65,1.28177377460474E-15,-12.3));
#3451=CARTESIAN_POINT('',(4.65,1.28177377460474E-15,-6.65));
#3452=CARTESIAN_POINT('Origin',(4.65,1.28177377460474E-15,-12.3));
#3453=CARTESIAN_POINT('',(7.575,1.75110991192753E-15,-12.3));
#3454=CARTESIAN_POINT('Origin',(-4.65,-2.10474456883085E-16,-13.3));
#3455=CARTESIAN_POINT('',(-5.35,-3.22794216242383E-16,-13.3));
#3456=CARTESIAN_POINT('',(-5.35,-3.22794216242383E-16,-13.3));
#3457=CARTESIAN_POINT('',(2.925,1.00498579618361E-15,-13.3));
#3458=CARTESIAN_POINT('Origin',(-5.35,-3.22794216242383E-16,-13.3));
#3459=CARTESIAN_POINT('',(-5.35,-3.22794216242383E-16,-12.3));
#3460=CARTESIAN_POINT('',(-5.35,-3.22794216242383E-16,-12.3));
#3461=CARTESIAN_POINT('',(-5.35,-3.22794216242384E-16,-6.65));
#3462=CARTESIAN_POINT('Origin',(-5.35,-3.22794216242383E-16,-12.3));
#3463=CARTESIAN_POINT('',(2.575,9.48825916503964E-16,-12.3));
#3464=CARTESIAN_POINT('Origin',(-7.15,-6.11616454594867E-16,-10.7));
#3465=CARTESIAN_POINT('',(-7.85,-7.23936213954166E-16,-10.7));
#3466=CARTESIAN_POINT('',(-7.85,-7.23936213954166E-16,-10.7));
#3467=CARTESIAN_POINT('',(1.67500000000002,8.04414797327726E-16,-10.7));
#3468=CARTESIAN_POINT('Origin',(-7.85,-7.23936213954166E-16,-10.7));
#3469=CARTESIAN_POINT('',(-7.85,-7.23936213954166E-16,-9.7));
#3470=CARTESIAN_POINT('',(-7.85,-7.23936213954166E-16,-9.7));
#3471=CARTESIAN_POINT('',(-7.85,-7.23936213954166E-16,-5.35));
#3472=CARTESIAN_POINT('Origin',(-7.85,-7.23936213954166E-16,-9.7));
#3473=CARTESIAN_POINT('',(1.32499999999999,7.48254917648071E-16,-9.70000000000002));
#3474=CARTESIAN_POINT('Origin',(7.85,1.79523553167582E-15,-10.7));
#3475=CARTESIAN_POINT('',(7.15,1.68291577231652E-15,-10.7));
#3476=CARTESIAN_POINT('',(7.15,1.68291577231652E-15,-10.7));
#3477=CARTESIAN_POINT('',(9.17500000000002,2.00784079046307E-15,-10.7));
#3478=CARTESIAN_POINT('Origin',(7.15,1.68291577231652E-15,-10.7));
#3479=CARTESIAN_POINT('',(7.15,1.68291577231652E-15,-9.7));
#3480=CARTESIAN_POINT('',(7.15,1.68291577231652E-15,-9.7));
#3481=CARTESIAN_POINT('',(7.15,1.68291577231652E-15,-5.35));
#3482=CARTESIAN_POINT('Origin',(7.15,1.68291577231652E-15,-9.7));
#3483=CARTESIAN_POINT('',(8.82499999999999,1.95168091078342E-15,-9.7));
#3484=CARTESIAN_POINT('Origin',(0.349999999999999,5.91809538540478E-16,
-10.7));
#3485=CARTESIAN_POINT('',(-0.350000000000001,4.79489779181179E-16,-10.7));
#3486=CARTESIAN_POINT('',(-0.350000000000001,4.79489779181179E-16,-10.7));
#3487=CARTESIAN_POINT('',(5.42500000000002,1.4061277938954E-15,-10.7));
#3488=CARTESIAN_POINT('Origin',(-0.350000000000001,4.79489779181179E-16,
-10.7));
#3489=CARTESIAN_POINT('',(-0.350000000000001,4.79489779181179E-16,-9.7));
#3490=CARTESIAN_POINT('',(-0.350000000000001,4.79489779181179E-16,-9.7));
#3491=CARTESIAN_POINT('',(-0.350000000000001,4.79489779181179E-16,-5.35));
#3492=CARTESIAN_POINT('Origin',(-0.350000000000001,4.79489779181179E-16,
-9.7));
#3493=CARTESIAN_POINT('',(5.07499999999999,1.34996791421574E-15,-9.70000000000002));
#3494=CARTESIAN_POINT('Origin',(8.10951058337488,4.,-11.5));
#3495=CARTESIAN_POINT('',(8.10951058337488,4.,0.));
#3496=CARTESIAN_POINT('',(8.10951058337488,17.8,0.));
#3497=CARTESIAN_POINT('',(8.10951058337488,7.,0.));
#3498=CARTESIAN_POINT('',(8.10951058337488,4.,-11.5));
#3499=CARTESIAN_POINT('',(8.10951058337488,4.,-10.05));
#3500=CARTESIAN_POINT('',(8.10951058337488,17.8,-11.5));
#3501=CARTESIAN_POINT('',(8.10951058337488,4.,-11.5));
#3502=CARTESIAN_POINT('',(8.10951058337488,17.8,-11.5));
#3503=CARTESIAN_POINT('Origin',(-7.39048941662511,4.,2.));
#3504=CARTESIAN_POINT('',(-7.39048941662512,4.,0.));
#3505=CARTESIAN_POINT('',(-7.39048941662512,7.,0.));
#3506=CARTESIAN_POINT('',(-7.39048941662512,4.,-11.5));
#3507=CARTESIAN_POINT('',(-7.39048941662512,4.,-11.5));
#3508=CARTESIAN_POINT('',(-7.39048941662512,4.,-3.3));
#3509=CARTESIAN_POINT('Origin',(-7.39048941662512,4.,-11.5));
#3510=CARTESIAN_POINT('',(-7.39048941662512,17.8,-11.5));
#3511=CARTESIAN_POINT('',(-3.51548941662512,4.,-11.5));
#3512=CARTESIAN_POINT('Origin',(0.359510583374879,17.8,-4.75));
#3513=CARTESIAN_POINT('',(0.17975529168744,17.8,0.));
#3514=CARTESIAN_POINT('Origin',(1.66533453693773E-15,10.,0.));
#3515=CARTESIAN_POINT('',(-8.64048941662512,4.,-2.53987236600903E-15));
#3516=CARTESIAN_POINT('',(0.17975529168744,4.,0.));
#3517=CARTESIAN_POINT('',(-8.64048941662512,-8.50775615456174E-16,-2.53987236600903E-15));
#3518=CARTESIAN_POINT('',(-8.64048941662512,5.,0.));
#3519=CARTESIAN_POINT('',(-9.,0.,0.));
#3520=CARTESIAN_POINT('',(10.5,2.22044604925031E-15,0.));
#3521=CARTESIAN_POINT('',(-9.,20.,0.));
#3522=CARTESIAN_POINT('',(-9.,15.,0.));
#3523=CARTESIAN_POINT('',(10.5,20.,0.));
#3524=CARTESIAN_POINT('',(-10.5,20.,0.));
#3525=CARTESIAN_POINT('',(10.5,2.22044604925031E-15,0.));
#3526=CARTESIAN_POINT('',(10.5,20.,0.));
#3527=CARTESIAN_POINT('',(9.35951058337488,2.03744676806865E-15,2.51994864713299E-16));
#3528=CARTESIAN_POINT('',(10.5,2.22044604925031E-15,0.));
#3529=CARTESIAN_POINT('',(9.35951058337488,4.,2.51994864713299E-16));
#3530=CARTESIAN_POINT('',(9.35951058337488,5.,0.));
#3531=CARTESIAN_POINT('',(0.17975529168744,4.,0.));
#3532=CARTESIAN_POINT('Origin',(-8.64048941662512,-8.50775615456174E-16,
-2.53987236600903E-15));
#3533=CARTESIAN_POINT('',(-8.64048941662513,4.,-17.2));
#3534=CARTESIAN_POINT('',(-8.64048941662513,4.,-17.2));
#3535=CARTESIAN_POINT('',(-8.64048941662513,-8.50775615456175E-16,-17.2));
#3536=CARTESIAN_POINT('',(-8.64048941662513,-8.50775615456175E-16,-17.2));
#3537=CARTESIAN_POINT('',(-8.64048941662513,-8.50775615456175E-16,-17.2));
#3538=CARTESIAN_POINT('Origin',(-8.64048941662513,-8.50775615456175E-16,
-17.2));
#3539=CARTESIAN_POINT('',(9.35951058337487,4.,-17.2));
#3540=CARTESIAN_POINT('',(9.35951058337487,4.,-17.2));
#3541=CARTESIAN_POINT('',(9.35951058337487,2.03744676806865E-15,-17.2));
#3542=CARTESIAN_POINT('',(9.35951058337487,2.03744676806865E-15,-17.2));
#3543=CARTESIAN_POINT('',(9.35951058337487,2.03744676806865E-15,-17.2));
#3544=CARTESIAN_POINT('Origin',(9.35951058337487,2.03744676806865E-15,-17.2));
#3545=CARTESIAN_POINT('',(9.35951058337488,4.,2.51994864713299E-16));
#3546=CARTESIAN_POINT('',(9.35951058337488,2.03744676806865E-15,2.51994864713299E-16));
#3547=CARTESIAN_POINT('Origin',(0.359510583374878,4.,-8.6));
#3548=CARTESIAN_POINT('Origin',(9.,20.,1.));
#3549=CARTESIAN_POINT('',(9.,2.22044604925031E-15,1.));
#3550=CARTESIAN_POINT('',(9.,2.22044604925031E-15,0.5));
#3551=CARTESIAN_POINT('',(9.,20.,1.));
#3552=CARTESIAN_POINT('',(9.,20.,1.));
#3553=CARTESIAN_POINT('',(9.,20.,0.5));
#3554=CARTESIAN_POINT('Origin',(10.5,20.,1.));
#3555=CARTESIAN_POINT('',(10.5,2.22044604925031E-15,1.));
#3556=CARTESIAN_POINT('',(10.5,2.22044604925031E-15,1.));
#3557=CARTESIAN_POINT('',(10.5,20.,1.));
#3558=CARTESIAN_POINT('',(10.5,20.,1.));
#3559=CARTESIAN_POINT('',(-2.22044604925031E-15,20.,1.));
#3560=CARTESIAN_POINT('Origin',(-10.5,20.,1.));
#3561=CARTESIAN_POINT('',(-10.5,0.,1.));
#3562=CARTESIAN_POINT('',(-9.,0.,1.));
#3563=CARTESIAN_POINT('',(4.9352370647226E-15,0.,1.));
#3564=CARTESIAN_POINT('',(-10.5,20.,1.));
#3565=CARTESIAN_POINT('',(-10.5,10.,1.));
#3566=CARTESIAN_POINT('',(-9.,20.,1.));
#3567=CARTESIAN_POINT('',(-10.5,20.,1.));
#3568=CARTESIAN_POINT('',(-9.,20.,1.));
#3569=CARTESIAN_POINT('Origin',(-9.,20.,1.));
#3570=CARTESIAN_POINT('',(-9.,0.,0.5));
#3571=CARTESIAN_POINT('',(-9.,20.,0.5));
#3572=CARTESIAN_POINT('Origin',(10.5,20.,0.));
#3573=CARTESIAN_POINT('',(10.5,2.22044604925031E-15,0.));
#3574=CARTESIAN_POINT('',(10.5,20.,0.));
#3575=CARTESIAN_POINT('Origin',(10.5,2.22044604925031E-15,0.));
#3576=CARTESIAN_POINT('',(-10.5,-1.14914673152865E-15,0.));
#3577=CARTESIAN_POINT('Origin',(-10.5,-1.14914673152865E-15,0.));
#3578=CARTESIAN_POINT('',(-10.5,20.,0.));
#3579=CARTESIAN_POINT('Origin',(-10.5,20.,0.));
#3580=UNCERTAINTY_MEASURE_WITH_UNIT(LENGTH_MEASURE(0.01),#3584,
'DISTANCE_ACCURACY_VALUE',
'Maximum model space distance between geometric entities at asserted c
onnectivities');
#3581=UNCERTAINTY_MEASURE_WITH_UNIT(LENGTH_MEASURE(0.01),#3584,
'DISTANCE_ACCURACY_VALUE',
'Maximum model space distance between geometric entities at asserted c
onnectivities');
#3582=(
GEOMETRIC_REPRESENTATION_CONTEXT(3)
GLOBAL_UNCERTAINTY_ASSIGNED_CONTEXT((#3580))
GLOBAL_UNIT_ASSIGNED_CONTEXT((#3584,#3586,#3587))
REPRESENTATION_CONTEXT('','3D')
);
#3583=(
GEOMETRIC_REPRESENTATION_CONTEXT(3)
GLOBAL_UNCERTAINTY_ASSIGNED_CONTEXT((#3581))
GLOBAL_UNIT_ASSIGNED_CONTEXT((#3584,#3586,#3587))
REPRESENTATION_CONTEXT('','3D')
);
#3584=(
LENGTH_UNIT()
NAMED_UNIT(*)
SI_UNIT(.MILLI.,.METRE.)
);
#3585=(
LENGTH_UNIT()
NAMED_UNIT(*)
SI_UNIT(.CENTI.,.METRE.)
);
#3586=(
NAMED_UNIT(*)
PLANE_ANGLE_UNIT()
SI_UNIT($,.RADIAN.)
);
#3587=(
NAMED_UNIT(*)
SI_UNIT($,.STERADIAN.)
SOLID_ANGLE_UNIT()
);
#3588=SHAPE_DEFINITION_REPRESENTATION(#3589,#3590);
#3589=PRODUCT_DEFINITION_SHAPE('',$,#3592);
#3590=SHAPE_REPRESENTATION('',(#2256),#3582);
#3591=PRODUCT_DEFINITION_CONTEXT('part definition',#3596,'design');
#3592=PRODUCT_DEFINITION('FM6725','FM6725',#3593,#3591);
#3593=PRODUCT_DEFINITION_FORMATION('',$,#3598);
#3594=PRODUCT_RELATED_PRODUCT_CATEGORY('FM6725','FM6725',(#3598));
#3595=APPLICATION_PROTOCOL_DEFINITION('international standard',
'automotive_design',2009,#3596);
#3596=APPLICATION_CONTEXT(
'Core Data for Automotive Mechanical Design Process');
#3597=PRODUCT_CONTEXT('part definition',#3596,'mechanical');
#3598=PRODUCT('FM6725','FM6725',$,(#3597));
#3599=PRESENTATION_STYLE_ASSIGNMENT((#3603));
#3600=PRESENTATION_STYLE_ASSIGNMENT((#3604));
#3601=PRESENTATION_STYLE_ASSIGNMENT((#3605));
#3602=PRESENTATION_STYLE_ASSIGNMENT((#3606));
#3603=SURFACE_STYLE_USAGE(.BOTH.,#3615);
#3604=SURFACE_STYLE_USAGE(.BOTH.,#3616);
#3605=SURFACE_STYLE_USAGE(.BOTH.,#3617);
#3606=SURFACE_STYLE_USAGE(.BOTH.,#3618);
#3607=SURFACE_STYLE_RENDERING_WITH_PROPERTIES($,#3631,(#3611));
#3608=SURFACE_STYLE_RENDERING_WITH_PROPERTIES($,#3632,(#3612));
#3609=SURFACE_STYLE_RENDERING_WITH_PROPERTIES($,#3633,(#3613));
#3610=SURFACE_STYLE_RENDERING_WITH_PROPERTIES($,#3634,(#3614));
#3611=SURFACE_STYLE_TRANSPARENT(0.);
#3612=SURFACE_STYLE_TRANSPARENT(0.);
#3613=SURFACE_STYLE_TRANSPARENT(0.);
#3614=SURFACE_STYLE_TRANSPARENT(0.);
#3615=SURFACE_SIDE_STYLE('',(#3619,#3607));
#3616=SURFACE_SIDE_STYLE('',(#3620,#3608));
#3617=SURFACE_SIDE_STYLE('',(#3621,#3609));
#3618=SURFACE_SIDE_STYLE('',(#3622,#3610));
#3619=SURFACE_STYLE_FILL_AREA(#3623);
#3620=SURFACE_STYLE_FILL_AREA(#3624);
#3621=SURFACE_STYLE_FILL_AREA(#3625);
#3622=SURFACE_STYLE_FILL_AREA(#3626);
#3623=FILL_AREA_STYLE('',(#3627));
#3624=FILL_AREA_STYLE('',(#3628));
#3625=FILL_AREA_STYLE('',(#3629));
#3626=FILL_AREA_STYLE('',(#3630));
#3627=FILL_AREA_STYLE_COLOUR('',#3631);
#3628=FILL_AREA_STYLE_COLOUR('',#3632);
#3629=FILL_AREA_STYLE_COLOUR('',#3633);
#3630=FILL_AREA_STYLE_COLOUR('',#3634);
#3631=COLOUR_RGB('',0.749019607843137,0.749019607843137,0.749019607843137);
#3632=COLOUR_RGB('',0.831372549019608,0.831372549019608,0.831372549019608);
#3633=COLOUR_RGB('',0.956862745098039,0.956862745098039,0.956862745098039);
#3634=COLOUR_RGB('',0.,0.,0.);
ENDSEC;
END-ISO-10303-21;
