ISO-10303-21;
HEADER;
/* Generated by software containing ST-Developer
 * from STEP Tools, Inc. (www.steptools.com) 
 */

FILE_DESCRIPTION(
/* description */ (''),
/* implementation_level */ '2;1');

FILE_NAME(
/* name */ 'Top.step',
/* time_stamp */ '2026-09-10T20:11:52-05:00',
/* author */ (''),
/* organization */ (''),
/* preprocessor_version */ 'ST-DEVELOPER v20.2',
/* originating_system */ 'Autodesk Translation Framework v15.15.0.0',
/* authorisation */ '');

FILE_SCHEMA (('AUTOMOTIVE_DESIGN { 1 0 10303 214 3 1 1 }'));
ENDSEC;

DATA;
#10=MECHANICAL_DESIGN_GEOMETRIC_PRESENTATION_REPRESENTATION('',(#17),#3354);
#11=ITEM_DEFINED_TRANSFORMATION($,$,#1990,#2156);
#12=(
REPRESENTATION_RELATIONSHIP($,$,#3368,#3367)
REPRESENTATION_RELATIONSHIP_WITH_TRANSFORMATION(#11)
SHAPE_REPRESENTATION_RELATIONSHIP()
);
#13=CONTEXT_DEPENDENT_SHAPE_REPRESENTATION(#12,#3366);
#14=NEXT_ASSEMBLY_USAGE_OCCURRENCE('Top:1','Top:1','Top:1',#3370,#3371,
'Top:1');
#15=SHAPE_REPRESENTATION_RELATIONSHIP('SRR','None',#3368,#16);
#16=ADVANCED_BREP_SHAPE_REPRESENTATION('',(#18),#3353);
#17=STYLED_ITEM('',(#3382),#18);
#18=MANIFOLD_SOLID_BREP('Top',#1976);
#19=TOROIDAL_SURFACE('',#2065,0.23,0.04);
#20=TOROIDAL_SURFACE('',#2071,0.23,0.04);
#21=TOROIDAL_SURFACE('',#2077,0.23,0.04);
#22=B_SPLINE_SURFACE_WITH_KNOTS('',3,3,((#2976,#2977,#2978,#2979,#2980,
#2981),(#2982,#2983,#2984,#2985,#2986,#2987),(#2988,#2989,#2990,#2991,#2992,
#2993),(#2994,#2995,#2996,#2997,#2998,#2999),(#3000,#3001,#3002,#3003,#3004,
#3005)),.UNSPECIFIED.,.F.,.F.,.F.,(4,1,4),(4,1,1,4),(-0.00057198961693457,
0.5,1.00057198959832),(-0.000571989616945768,0.448798950512825,0.89759790102565,
1.57079632679489),.UNSPECIFIED.);
#23=B_SPLINE_SURFACE_WITH_KNOTS('',3,3,((#3012,#3013,#3014,#3015,#3016,
#3017),(#3018,#3019,#3020,#3021,#3022,#3023),(#3024,#3025,#3026,#3027,#3028,
#3029),(#3030,#3031,#3032,#3033,#3034,#3035),(#3036,#3037,#3038,#3039,#3040,
#3041)),.UNSPECIFIED.,.F.,.F.,.F.,(4,1,4),(4,1,1,4),(-0.000571989616947906,
0.5,1.00057198959823),(-0.000571989616947973,0.448798950512828,0.897597901025655,
1.5707963267949),.UNSPECIFIED.);
#24=B_SPLINE_CURVE_WITH_KNOTS('',3,(#2957,#2958,#2959,#2960,#2961,#2962,
#2963,#2964,#2965,#2966),.UNSPECIFIED.,.F.,.F.,(4,2,2,2,4),(-0.0388872659746483,
-0.0289868375905114,-0.0190864092063745,-0.00954320460318724,0.),
 .UNSPECIFIED.);
#25=B_SPLINE_CURVE_WITH_KNOTS('',3,(#3149,#3150,#3151,#3152,#3153,#3154,
#3155,#3156,#3157,#3158),.UNSPECIFIED.,.F.,.F.,(4,2,2,2,4),(-0.0781975927909578,
-0.0685811653092794,-0.0589647378276011,-0.049137488485579,-0.0393102391435569),
 .UNSPECIFIED.);
#26=CYLINDRICAL_SURFACE('',#2012,0.169571428571429);
#27=CYLINDRICAL_SURFACE('',#2017,0.169571428571428);
#28=CYLINDRICAL_SURFACE('',#2022,0.169571428571428);
#29=CYLINDRICAL_SURFACE('',#2036,0.01);
#30=CYLINDRICAL_SURFACE('',#2039,0.01);
#31=CYLINDRICAL_SURFACE('',#2047,0.05);
#32=CYLINDRICAL_SURFACE('',#2049,0.05);
#33=CYLINDRICAL_SURFACE('',#2050,0.05);
#34=CYLINDRICAL_SURFACE('',#2052,0.02);
#35=CYLINDRICAL_SURFACE('',#2054,0.02);
#36=CYLINDRICAL_SURFACE('',#2056,0.02);
#37=CYLINDRICAL_SURFACE('',#2063,0.02);
#38=CYLINDRICAL_SURFACE('',#2069,0.19);
#39=CYLINDRICAL_SURFACE('',#2075,0.19);
#40=CYLINDRICAL_SURFACE('',#2081,0.19);
#41=CYLINDRICAL_SURFACE('',#2083,0.01);
#42=CYLINDRICAL_SURFACE('',#2090,0.125);
#43=CYLINDRICAL_SURFACE('',#2091,0.125);
#44=CYLINDRICAL_SURFACE('',#2128,0.046875);
#45=CYLINDRICAL_SURFACE('',#2131,0.046875);
#46=CYLINDRICAL_SURFACE('',#2137,0.1375);
#47=CYLINDRICAL_SURFACE('',#2139,0.075);
#48=CYLINDRICAL_SURFACE('',#2143,0.1375);
#49=CYLINDRICAL_SURFACE('',#2145,0.075);
#50=CYLINDRICAL_SURFACE('',#2149,0.1375);
#51=CYLINDRICAL_SURFACE('',#2151,0.075);
#52=ELLIPSE('',#2003,0.0282842712474622,0.02);
#53=ELLIPSE('',#2037,0.0141421356237307,0.01);
#54=ELLIPSE('',#2038,0.0141421356237302,0.01);
#55=ELLIPSE('',#2041,0.0583095189484532,0.05);
#56=ELLIPSE('',#2042,0.0583095189484529,0.05);
#57=ELLIPSE('',#2044,0.0583095189484529,0.05);
#58=ELLIPSE('',#2045,0.0583095189484532,0.05);
#59=CONICAL_SURFACE('',#1997,0.00500000000000303,0.785398163397431);
#60=CONICAL_SURFACE('',#2124,0.19,0.0314182296463762);
#61=CONICAL_SURFACE('',#2125,0.19,0.031418229646376);
#62=CONICAL_SURFACE('',#2126,0.19,0.0314182296463762);
#63=FACE_BOUND('',#238,.T.);
#64=FACE_BOUND('',#239,.T.);
#65=FACE_BOUND('',#240,.T.);
#66=FACE_BOUND('',#256,.T.);
#67=FACE_BOUND('',#259,.T.);
#68=FACE_BOUND('',#262,.T.);
#69=FACE_BOUND('',#285,.T.);
#70=FACE_BOUND('',#286,.T.);
#71=FACE_BOUND('',#341,.T.);
#72=FACE_BOUND('',#345,.T.);
#73=FACE_BOUND('',#349,.T.);
#74=FACE_BOUND('',#356,.T.);
#75=FACE_BOUND('',#357,.T.);
#76=FACE_BOUND('',#358,.T.);
#77=CIRCLE('',#1992,0.23);
#78=CIRCLE('',#1993,0.23);
#79=CIRCLE('',#1994,0.23);
#80=CIRCLE('',#1998,0.00500000000000373);
#81=CIRCLE('',#2006,0.02);
#82=CIRCLE('',#2007,0.0199999999999981);
#83=CIRCLE('',#2013,0.169571428571429);
#84=CIRCLE('',#2014,0.169571428571429);
#85=CIRCLE('',#2016,0.075);
#86=CIRCLE('',#2018,0.169571428571428);
#87=CIRCLE('',#2019,0.169571428571428);
#88=CIRCLE('',#2021,0.075);
#89=CIRCLE('',#2023,0.169571428571428);
#90=CIRCLE('',#2024,0.169571428571428);
#91=CIRCLE('',#2026,0.075);
#92=CIRCLE('',#2034,0.02);
#93=CIRCLE('',#2035,0.02);
#94=CIRCLE('',#2043,0.0199999999999999);
#95=CIRCLE('',#2046,0.0200000000000002);
#96=CIRCLE('',#2048,0.05);
#97=CIRCLE('',#2051,0.05);
#98=CIRCLE('',#2057,0.02);
#99=CIRCLE('',#2059,0.02);
#100=CIRCLE('',#2061,0.046875);
#101=CIRCLE('',#2062,0.046875);
#102=CIRCLE('',#2066,0.19);
#103=CIRCLE('',#2067,0.04);
#104=CIRCLE('',#2068,0.19);
#105=CIRCLE('',#2070,0.19);
#106=CIRCLE('',#2072,0.19);
#107=CIRCLE('',#2073,0.04);
#108=CIRCLE('',#2074,0.19);
#109=CIRCLE('',#2076,0.19);
#110=CIRCLE('',#2078,0.19);
#111=CIRCLE('',#2079,0.04);
#112=CIRCLE('',#2080,0.19);
#113=CIRCLE('',#2082,0.19);
#114=CIRCLE('',#2085,0.125);
#115=CIRCLE('',#2086,0.125);
#116=CIRCLE('',#2088,0.125);
#117=CIRCLE('',#2089,0.125);
#118=CIRCLE('',#2129,0.046875);
#119=CIRCLE('',#2132,0.046875);
#120=CIRCLE('',#2135,0.1375);
#121=CIRCLE('',#2136,0.075);
#122=CIRCLE('',#2138,0.1375);
#123=CIRCLE('',#2141,0.1375);
#124=CIRCLE('',#2142,0.075);
#125=CIRCLE('',#2144,0.1375);
#126=CIRCLE('',#2147,0.1375);
#127=CIRCLE('',#2148,0.075);
#128=CIRCLE('',#2150,0.1375);
#129=FACE_OUTER_BOUND('',#237,.T.);
#130=FACE_OUTER_BOUND('',#241,.T.);
#131=FACE_OUTER_BOUND('',#242,.T.);
#132=FACE_OUTER_BOUND('',#243,.T.);
#133=FACE_OUTER_BOUND('',#244,.T.);
#134=FACE_OUTER_BOUND('',#245,.T.);
#135=FACE_OUTER_BOUND('',#246,.T.);
#136=FACE_OUTER_BOUND('',#247,.T.);
#137=FACE_OUTER_BOUND('',#248,.T.);
#138=FACE_OUTER_BOUND('',#249,.T.);
#139=FACE_OUTER_BOUND('',#250,.T.);
#140=FACE_OUTER_BOUND('',#251,.T.);
#141=FACE_OUTER_BOUND('',#252,.T.);
#142=FACE_OUTER_BOUND('',#253,.T.);
#143=FACE_OUTER_BOUND('',#254,.T.);
#144=FACE_OUTER_BOUND('',#255,.T.);
#145=FACE_OUTER_BOUND('',#257,.T.);
#146=FACE_OUTER_BOUND('',#258,.T.);
#147=FACE_OUTER_BOUND('',#260,.T.);
#148=FACE_OUTER_BOUND('',#261,.T.);
#149=FACE_OUTER_BOUND('',#263,.T.);
#150=FACE_OUTER_BOUND('',#264,.T.);
#151=FACE_OUTER_BOUND('',#265,.T.);
#152=FACE_OUTER_BOUND('',#266,.T.);
#153=FACE_OUTER_BOUND('',#267,.T.);
#154=FACE_OUTER_BOUND('',#268,.T.);
#155=FACE_OUTER_BOUND('',#269,.T.);
#156=FACE_OUTER_BOUND('',#270,.T.);
#157=FACE_OUTER_BOUND('',#271,.T.);
#158=FACE_OUTER_BOUND('',#272,.T.);
#159=FACE_OUTER_BOUND('',#273,.T.);
#160=FACE_OUTER_BOUND('',#274,.T.);
#161=FACE_OUTER_BOUND('',#275,.T.);
#162=FACE_OUTER_BOUND('',#276,.T.);
#163=FACE_OUTER_BOUND('',#277,.T.);
#164=FACE_OUTER_BOUND('',#278,.T.);
#165=FACE_OUTER_BOUND('',#279,.T.);
#166=FACE_OUTER_BOUND('',#280,.T.);
#167=FACE_OUTER_BOUND('',#281,.T.);
#168=FACE_OUTER_BOUND('',#282,.T.);
#169=FACE_OUTER_BOUND('',#283,.T.);
#170=FACE_OUTER_BOUND('',#284,.T.);
#171=FACE_OUTER_BOUND('',#287,.T.);
#172=FACE_OUTER_BOUND('',#288,.T.);
#173=FACE_OUTER_BOUND('',#289,.T.);
#174=FACE_OUTER_BOUND('',#290,.T.);
#175=FACE_OUTER_BOUND('',#291,.T.);
#176=FACE_OUTER_BOUND('',#292,.T.);
#177=FACE_OUTER_BOUND('',#293,.T.);
#178=FACE_OUTER_BOUND('',#294,.T.);
#179=FACE_OUTER_BOUND('',#295,.T.);
#180=FACE_OUTER_BOUND('',#296,.T.);
#181=FACE_OUTER_BOUND('',#297,.T.);
#182=FACE_OUTER_BOUND('',#298,.T.);
#183=FACE_OUTER_BOUND('',#299,.T.);
#184=FACE_OUTER_BOUND('',#300,.T.);
#185=FACE_OUTER_BOUND('',#301,.T.);
#186=FACE_OUTER_BOUND('',#302,.T.);
#187=FACE_OUTER_BOUND('',#303,.T.);
#188=FACE_OUTER_BOUND('',#304,.T.);
#189=FACE_OUTER_BOUND('',#305,.T.);
#190=FACE_OUTER_BOUND('',#306,.T.);
#191=FACE_OUTER_BOUND('',#307,.T.);
#192=FACE_OUTER_BOUND('',#308,.T.);
#193=FACE_OUTER_BOUND('',#309,.T.);
#194=FACE_OUTER_BOUND('',#310,.T.);
#195=FACE_OUTER_BOUND('',#311,.T.);
#196=FACE_OUTER_BOUND('',#312,.T.);
#197=FACE_OUTER_BOUND('',#313,.T.);
#198=FACE_OUTER_BOUND('',#314,.T.);
#199=FACE_OUTER_BOUND('',#315,.T.);
#200=FACE_OUTER_BOUND('',#316,.T.);
#201=FACE_OUTER_BOUND('',#317,.T.);
#202=FACE_OUTER_BOUND('',#318,.T.);
#203=FACE_OUTER_BOUND('',#319,.T.);
#204=FACE_OUTER_BOUND('',#320,.T.);
#205=FACE_OUTER_BOUND('',#321,.T.);
#206=FACE_OUTER_BOUND('',#322,.T.);
#207=FACE_OUTER_BOUND('',#323,.T.);
#208=FACE_OUTER_BOUND('',#324,.T.);
#209=FACE_OUTER_BOUND('',#325,.T.);
#210=FACE_OUTER_BOUND('',#326,.T.);
#211=FACE_OUTER_BOUND('',#327,.T.);
#212=FACE_OUTER_BOUND('',#328,.T.);
#213=FACE_OUTER_BOUND('',#329,.T.);
#214=FACE_OUTER_BOUND('',#330,.T.);
#215=FACE_OUTER_BOUND('',#331,.T.);
#216=FACE_OUTER_BOUND('',#332,.T.);
#217=FACE_OUTER_BOUND('',#333,.T.);
#218=FACE_OUTER_BOUND('',#334,.T.);
#219=FACE_OUTER_BOUND('',#335,.T.);
#220=FACE_OUTER_BOUND('',#336,.T.);
#221=FACE_OUTER_BOUND('',#337,.T.);
#222=FACE_OUTER_BOUND('',#338,.T.);
#223=FACE_OUTER_BOUND('',#339,.T.);
#224=FACE_OUTER_BOUND('',#340,.T.);
#225=FACE_OUTER_BOUND('',#342,.T.);
#226=FACE_OUTER_BOUND('',#343,.T.);
#227=FACE_OUTER_BOUND('',#344,.T.);
#228=FACE_OUTER_BOUND('',#346,.T.);
#229=FACE_OUTER_BOUND('',#347,.T.);
#230=FACE_OUTER_BOUND('',#348,.T.);
#231=FACE_OUTER_BOUND('',#350,.T.);
#232=FACE_OUTER_BOUND('',#351,.T.);
#233=FACE_OUTER_BOUND('',#352,.T.);
#234=FACE_OUTER_BOUND('',#353,.T.);
#235=FACE_OUTER_BOUND('',#354,.T.);
#236=FACE_OUTER_BOUND('',#355,.T.);
#237=EDGE_LOOP('',(#1243,#1244,#1245,#1246));
#238=EDGE_LOOP('',(#1247));
#239=EDGE_LOOP('',(#1248));
#240=EDGE_LOOP('',(#1249));
#241=EDGE_LOOP('',(#1250,#1251,#1252,#1253,#1254));
#242=EDGE_LOOP('',(#1255,#1256,#1257,#1258));
#243=EDGE_LOOP('',(#1259,#1260,#1261));
#244=EDGE_LOOP('',(#1262,#1263,#1264,#1265));
#245=EDGE_LOOP('',(#1266,#1267,#1268,#1269));
#246=EDGE_LOOP('',(#1270,#1271,#1272,#1273,#1274));
#247=EDGE_LOOP('',(#1275,#1276,#1277,#1278,#1279,#1280));
#248=EDGE_LOOP('',(#1281,#1282,#1283,#1284));
#249=EDGE_LOOP('',(#1285,#1286,#1287,#1288,#1289,#1290,#1291,#1292));
#250=EDGE_LOOP('',(#1293,#1294,#1295,#1296));
#251=EDGE_LOOP('',(#1297,#1298,#1299,#1300,#1301,#1302,#1303,#1304));
#252=EDGE_LOOP('',(#1305,#1306,#1307,#1308));
#253=EDGE_LOOP('',(#1309,#1310,#1311,#1312,#1313,#1314,#1315,#1316,#1317,
#1318,#1319,#1320,#1321,#1322,#1323,#1324,#1325,#1326,#1327,#1328,#1329,
#1330,#1331,#1332));
#254=EDGE_LOOP('',(#1333,#1334,#1335,#1336));
#255=EDGE_LOOP('',(#1337));
#256=EDGE_LOOP('',(#1338));
#257=EDGE_LOOP('',(#1339,#1340,#1341,#1342));
#258=EDGE_LOOP('',(#1343));
#259=EDGE_LOOP('',(#1344));
#260=EDGE_LOOP('',(#1345,#1346,#1347,#1348));
#261=EDGE_LOOP('',(#1349));
#262=EDGE_LOOP('',(#1350));
#263=EDGE_LOOP('',(#1351,#1352,#1353,#1354));
#264=EDGE_LOOP('',(#1355,#1356,#1357,#1358));
#265=EDGE_LOOP('',(#1359,#1360,#1361,#1362));
#266=EDGE_LOOP('',(#1363,#1364,#1365,#1366));
#267=EDGE_LOOP('',(#1367,#1368,#1369,#1370));
#268=EDGE_LOOP('',(#1371,#1372,#1373,#1374));
#269=EDGE_LOOP('',(#1375,#1376,#1377,#1378,#1379,#1380,#1381,#1382,#1383,
#1384,#1385,#1386,#1387,#1388,#1389,#1390,#1391,#1392,#1393,#1394,#1395,
#1396,#1397,#1398,#1399,#1400));
#270=EDGE_LOOP('',(#1401,#1402,#1403,#1404));
#271=EDGE_LOOP('',(#1405,#1406,#1407,#1408));
#272=EDGE_LOOP('',(#1409,#1410,#1411,#1412,#1413,#1414,#1415,#1416));
#273=EDGE_LOOP('',(#1417,#1418,#1419));
#274=EDGE_LOOP('',(#1420,#1421,#1422));
#275=EDGE_LOOP('',(#1423,#1424,#1425,#1426));
#276=EDGE_LOOP('',(#1427,#1428,#1429,#1430));
#277=EDGE_LOOP('',(#1431,#1432,#1433,#1434));
#278=EDGE_LOOP('',(#1435,#1436,#1437,#1438));
#279=EDGE_LOOP('',(#1439,#1440,#1441,#1442,#1443,#1444,#1445,#1446,#1447,
#1448,#1449,#1450,#1451,#1452,#1453,#1454,#1455,#1456,#1457));
#280=EDGE_LOOP('',(#1458,#1459,#1460,#1461,#1462));
#281=EDGE_LOOP('',(#1463,#1464,#1465,#1466,#1467,#1468,#1469,#1470));
#282=EDGE_LOOP('',(#1471,#1472,#1473,#1474));
#283=EDGE_LOOP('',(#1475,#1476,#1477,#1478,#1479,#1480));
#284=EDGE_LOOP('',(#1481,#1482,#1483,#1484,#1485,#1486,#1487,#1488));
#285=EDGE_LOOP('',(#1489));
#286=EDGE_LOOP('',(#1490));
#287=EDGE_LOOP('',(#1491,#1492,#1493,#1494));
#288=EDGE_LOOP('',(#1495,#1496,#1497,#1498,#1499,#1500,#1501,#1502));
#289=EDGE_LOOP('',(#1503,#1504,#1505,#1506,#1507));
#290=EDGE_LOOP('',(#1508,#1509,#1510,#1511,#1512));
#291=EDGE_LOOP('',(#1513,#1514,#1515,#1516,#1517));
#292=EDGE_LOOP('',(#1518,#1519,#1520,#1521,#1522));
#293=EDGE_LOOP('',(#1523,#1524,#1525,#1526,#1527));
#294=EDGE_LOOP('',(#1528,#1529,#1530,#1531,#1532));
#295=EDGE_LOOP('',(#1533,#1534,#1535,#1536));
#296=EDGE_LOOP('',(#1537,#1538,#1539,#1540,#1541,#1542,#1543,#1544));
#297=EDGE_LOOP('',(#1545,#1546,#1547,#1548,#1549,#1550,#1551,#1552));
#298=EDGE_LOOP('',(#1553,#1554,#1555,#1556,#1557,#1558));
#299=EDGE_LOOP('',(#1559,#1560,#1561,#1562));
#300=EDGE_LOOP('',(#1563,#1564,#1565,#1566));
#301=EDGE_LOOP('',(#1567,#1568,#1569,#1570));
#302=EDGE_LOOP('',(#1571,#1572,#1573,#1574));
#303=EDGE_LOOP('',(#1575,#1576,#1577,#1578));
#304=EDGE_LOOP('',(#1579,#1580,#1581,#1582));
#305=EDGE_LOOP('',(#1583,#1584,#1585,#1586));
#306=EDGE_LOOP('',(#1587,#1588,#1589,#1590));
#307=EDGE_LOOP('',(#1591,#1592,#1593,#1594));
#308=EDGE_LOOP('',(#1595,#1596,#1597,#1598));
#309=EDGE_LOOP('',(#1599,#1600,#1601,#1602));
#310=EDGE_LOOP('',(#1603,#1604,#1605,#1606));
#311=EDGE_LOOP('',(#1607,#1608,#1609,#1610));
#312=EDGE_LOOP('',(#1611,#1612,#1613,#1614,#1615,#1616,#1617,#1618));
#313=EDGE_LOOP('',(#1619,#1620,#1621,#1622,#1623,#1624,#1625,#1626,#1627,
#1628,#1629,#1630,#1631));
#314=EDGE_LOOP('',(#1632,#1633,#1634,#1635));
#315=EDGE_LOOP('',(#1636,#1637,#1638,#1639));
#316=EDGE_LOOP('',(#1640,#1641,#1642,#1643));
#317=EDGE_LOOP('',(#1644,#1645,#1646,#1647,#1648,#1649,#1650,#1651));
#318=EDGE_LOOP('',(#1652,#1653,#1654,#1655));
#319=EDGE_LOOP('',(#1656,#1657,#1658,#1659));
#320=EDGE_LOOP('',(#1660,#1661,#1662,#1663,#1664,#1665));
#321=EDGE_LOOP('',(#1666,#1667,#1668,#1669));
#322=EDGE_LOOP('',(#1670,#1671,#1672,#1673));
#323=EDGE_LOOP('',(#1674,#1675,#1676,#1677));
#324=EDGE_LOOP('',(#1678,#1679,#1680,#1681));
#325=EDGE_LOOP('',(#1682,#1683,#1684,#1685,#1686,#1687,#1688,#1689));
#326=EDGE_LOOP('',(#1690,#1691,#1692,#1693));
#327=EDGE_LOOP('',(#1694,#1695,#1696,#1697));
#328=EDGE_LOOP('',(#1698,#1699,#1700,#1701));
#329=EDGE_LOOP('',(#1702,#1703,#1704,#1705));
#330=EDGE_LOOP('',(#1706,#1707,#1708,#1709));
#331=EDGE_LOOP('',(#1710,#1711,#1712,#1713));
#332=EDGE_LOOP('',(#1714,#1715,#1716,#1717));
#333=EDGE_LOOP('',(#1718,#1719,#1720,#1721));
#334=EDGE_LOOP('',(#1722,#1723,#1724,#1725));
#335=EDGE_LOOP('',(#1726,#1727,#1728,#1729,#1730,#1731,#1732,#1733));
#336=EDGE_LOOP('',(#1734,#1735,#1736,#1737));
#337=EDGE_LOOP('',(#1738));
#338=EDGE_LOOP('',(#1739,#1740,#1741,#1742));
#339=EDGE_LOOP('',(#1743));
#340=EDGE_LOOP('',(#1744));
#341=EDGE_LOOP('',(#1745));
#342=EDGE_LOOP('',(#1746,#1747,#1748,#1749));
#343=EDGE_LOOP('',(#1750,#1751,#1752,#1753));
#344=EDGE_LOOP('',(#1754));
#345=EDGE_LOOP('',(#1755));
#346=EDGE_LOOP('',(#1756,#1757,#1758,#1759));
#347=EDGE_LOOP('',(#1760,#1761,#1762,#1763));
#348=EDGE_LOOP('',(#1764));
#349=EDGE_LOOP('',(#1765));
#350=EDGE_LOOP('',(#1766,#1767,#1768,#1769));
#351=EDGE_LOOP('',(#1770,#1771,#1772,#1773));
#352=EDGE_LOOP('',(#1774,#1775,#1776,#1777,#1778,#1779));
#353=EDGE_LOOP('',(#1780,#1781,#1782,#1783));
#354=EDGE_LOOP('',(#1784,#1785,#1786,#1787));
#355=EDGE_LOOP('',(#1788,#1789,#1790,#1791));
#356=EDGE_LOOP('',(#1792));
#357=EDGE_LOOP('',(#1793));
#358=EDGE_LOOP('',(#1794));
#359=LINE('',#2713,#574);
#360=LINE('',#2715,#575);
#361=LINE('',#2717,#576);
#362=LINE('',#2718,#577);
#363=LINE('',#2728,#578);
#364=LINE('',#2730,#579);
#365=LINE('',#2732,#580);
#366=LINE('',#2734,#581);
#367=LINE('',#2735,#582);
#368=LINE('',#2738,#583);
#369=LINE('',#2740,#584);
#370=LINE('',#2741,#585);
#371=LINE('',#2744,#586);
#372=LINE('',#2749,#587);
#373=LINE('',#2751,#588);
#374=LINE('',#2753,#589);
#375=LINE('',#2754,#590);
#376=LINE('',#2757,#591);
#377=LINE('',#2759,#592);
#378=LINE('',#2760,#593);
#379=LINE('',#2763,#594);
#380=LINE('',#2765,#595);
#381=LINE('',#2766,#596);
#382=LINE('',#2771,#597);
#383=LINE('',#2773,#598);
#384=LINE('',#2774,#599);
#385=LINE('',#2777,#600);
#386=LINE('',#2778,#601);
#387=LINE('',#2783,#602);
#388=LINE('',#2787,#603);
#389=LINE('',#2788,#604);
#390=LINE('',#2792,#605);
#391=LINE('',#2794,#606);
#392=LINE('',#2796,#607);
#393=LINE('',#2797,#608);
#394=LINE('',#2800,#609);
#395=LINE('',#2802,#610);
#396=LINE('',#2804,#611);
#397=LINE('',#2806,#612);
#398=LINE('',#2808,#613);
#399=LINE('',#2810,#614);
#400=LINE('',#2811,#615);
#401=LINE('',#2814,#616);
#402=LINE('',#2815,#617);
#403=LINE('',#2818,#618);
#404=LINE('',#2820,#619);
#405=LINE('',#2822,#620);
#406=LINE('',#2824,#621);
#407=LINE('',#2826,#622);
#408=LINE('',#2828,#623);
#409=LINE('',#2830,#624);
#410=LINE('',#2832,#625);
#411=LINE('',#2834,#626);
#412=LINE('',#2836,#627);
#413=LINE('',#2838,#628);
#414=LINE('',#2840,#629);
#415=LINE('',#2842,#630);
#416=LINE('',#2843,#631);
#417=LINE('',#2845,#632);
#418=LINE('',#2847,#633);
#419=LINE('',#2848,#634);
#420=LINE('',#2850,#635);
#421=LINE('',#2851,#636);
#422=LINE('',#2856,#637);
#423=LINE('',#2865,#638);
#424=LINE('',#2874,#639);
#425=LINE('',#2880,#640);
#426=LINE('',#2882,#641);
#427=LINE('',#2886,#642);
#428=LINE('',#2888,#643);
#429=LINE('',#2890,#644);
#430=LINE('',#2891,#645);
#431=LINE('',#2895,#646);
#432=LINE('',#2897,#647);
#433=LINE('',#2899,#648);
#434=LINE('',#2900,#649);
#435=LINE('',#2902,#650);
#436=LINE('',#2903,#651);
#437=LINE('',#2905,#652);
#438=LINE('',#2908,#653);
#439=LINE('',#2909,#654);
#440=LINE('',#2911,#655);
#441=LINE('',#2913,#656);
#442=LINE('',#2915,#657);
#443=LINE('',#2917,#658);
#444=LINE('',#2919,#659);
#445=LINE('',#2921,#660);
#446=LINE('',#2923,#661);
#447=LINE('',#2925,#662);
#448=LINE('',#2927,#663);
#449=LINE('',#2929,#664);
#450=LINE('',#2931,#665);
#451=LINE('',#2933,#666);
#452=LINE('',#2935,#667);
#453=LINE('',#2937,#668);
#454=LINE('',#2939,#669);
#455=LINE('',#2941,#670);
#456=LINE('',#2945,#671);
#457=LINE('',#2948,#672);
#458=LINE('',#2954,#673);
#459=LINE('',#2967,#674);
#460=LINE('',#2969,#675);
#461=LINE('',#2971,#676);
#462=LINE('',#2973,#677);
#463=LINE('',#2974,#678);
#464=LINE('',#2975,#679);
#465=LINE('',#3050,#680);
#466=LINE('',#3053,#681);
#467=LINE('',#3055,#682);
#468=LINE('',#3056,#683);
#469=LINE('',#3059,#684);
#470=LINE('',#3062,#685);
#471=LINE('',#3064,#686);
#472=LINE('',#3065,#687);
#473=LINE('',#3068,#688);
#474=LINE('',#3070,#689);
#475=LINE('',#3071,#690);
#476=LINE('',#3072,#691);
#477=LINE('',#3074,#692);
#478=LINE('',#3077,#693);
#479=LINE('',#3079,#694);
#480=LINE('',#3081,#695);
#481=LINE('',#3083,#696);
#482=LINE('',#3084,#697);
#483=LINE('',#3087,#698);
#484=LINE('',#3090,#699);
#485=LINE('',#3093,#700);
#486=LINE('',#3096,#701);
#487=LINE('',#3097,#702);
#488=LINE('',#3100,#703);
#489=LINE('',#3102,#704);
#490=LINE('',#3103,#705);
#491=LINE('',#3104,#706);
#492=LINE('',#3112,#707);
#493=LINE('',#3114,#708);
#494=LINE('',#3115,#709);
#495=LINE('',#3124,#710);
#496=LINE('',#3134,#711);
#497=LINE('',#3144,#712);
#498=LINE('',#3148,#713);
#499=LINE('',#3161,#714);
#500=LINE('',#3163,#715);
#501=LINE('',#3167,#716);
#502=LINE('',#3173,#717);
#503=LINE('',#3177,#718);
#504=LINE('',#3178,#719);
#505=LINE('',#3180,#720);
#506=LINE('',#3182,#721);
#507=LINE('',#3183,#722);
#508=LINE('',#3186,#723);
#509=LINE('',#3188,#724);
#510=LINE('',#3189,#725);
#511=LINE('',#3192,#726);
#512=LINE('',#3194,#727);
#513=LINE('',#3195,#728);
#514=LINE('',#3198,#729);
#515=LINE('',#3199,#730);
#516=LINE('',#3202,#731);
#517=LINE('',#3203,#732);
#518=LINE('',#3206,#733);
#519=LINE('',#3208,#734);
#520=LINE('',#3209,#735);
#521=LINE('',#3212,#736);
#522=LINE('',#3214,#737);
#523=LINE('',#3215,#738);
#524=LINE('',#3218,#739);
#525=LINE('',#3219,#740);
#526=LINE('',#3222,#741);
#527=LINE('',#3223,#742);
#528=LINE('',#3226,#743);
#529=LINE('',#3227,#744);
#530=LINE('',#3230,#745);
#531=LINE('',#3231,#746);
#532=LINE('',#3234,#747);
#533=LINE('',#3235,#748);
#534=LINE('',#3236,#749);
#535=LINE('',#3238,#750);
#536=LINE('',#3241,#751);
#537=LINE('',#3242,#752);
#538=LINE('',#3244,#753);
#539=LINE('',#3246,#754);
#540=LINE('',#3247,#755);
#541=LINE('',#3249,#756);
#542=LINE('',#3252,#757);
#543=LINE('',#3254,#758);
#544=LINE('',#3255,#759);
#545=LINE('',#3258,#760);
#546=LINE('',#3259,#761);
#547=LINE('',#3261,#762);
#548=LINE('',#3263,#763);
#549=LINE('',#3265,#764);
#550=LINE('',#3266,#765);
#551=LINE('',#3270,#766);
#552=LINE('',#3273,#767);
#553=LINE('',#3274,#768);
#554=LINE('',#3276,#769);
#555=LINE('',#3279,#770);
#556=LINE('',#3281,#771);
#557=LINE('',#3285,#772);
#558=LINE('',#3286,#773);
#559=LINE('',#3289,#774);
#560=LINE('',#3292,#775);
#561=LINE('',#3294,#776);
#562=LINE('',#3296,#777);
#563=LINE('',#3300,#778);
#564=LINE('',#3305,#779);
#565=LINE('',#3316,#780);
#566=LINE('',#3318,#781);
#567=LINE('',#3327,#782);
#568=LINE('',#3329,#783);
#569=LINE('',#3338,#784);
#570=LINE('',#3340,#785);
#571=LINE('',#3342,#786);
#572=LINE('',#3343,#787);
#573=LINE('',#3345,#788);
#574=VECTOR('',#2163,0.393700787401575);
#575=VECTOR('',#2164,0.393700787401575);
#576=VECTOR('',#2165,0.393700787401575);
#577=VECTOR('',#2166,0.393700787401575);
#578=VECTOR('',#2175,0.393700787401575);
#579=VECTOR('',#2176,0.393700787401575);
#580=VECTOR('',#2177,0.393700787401575);
#581=VECTOR('',#2178,0.393700787401575);
#582=VECTOR('',#2179,0.393700787401575);
#583=VECTOR('',#2182,0.393700787401575);
#584=VECTOR('',#2183,0.393700787401575);
#585=VECTOR('',#2184,0.393700787401575);
#586=VECTOR('',#2187,0.393700787401575);
#587=VECTOR('',#2192,0.393700787401575);
#588=VECTOR('',#2193,0.393700787401575);
#589=VECTOR('',#2194,0.393700787401575);
#590=VECTOR('',#2195,0.393700787401575);
#591=VECTOR('',#2198,0.393700787401575);
#592=VECTOR('',#2199,0.393700787401575);
#593=VECTOR('',#2200,0.393700787401575);
#594=VECTOR('',#2203,0.393700787401575);
#595=VECTOR('',#2204,0.393700787401575);
#596=VECTOR('',#2205,0.393700787401575);
#597=VECTOR('',#2210,0.393700787401575);
#598=VECTOR('',#2211,0.393700787401575);
#599=VECTOR('',#2212,0.393700787401575);
#600=VECTOR('',#2215,0.393700787401575);
#601=VECTOR('',#2216,0.393700787401575);
#602=VECTOR('',#2221,0.393700787401575);
#603=VECTOR('',#2224,0.393700787401575);
#604=VECTOR('',#2225,0.393700787401575);
#605=VECTOR('',#2228,0.393700787401575);
#606=VECTOR('',#2229,0.393700787401575);
#607=VECTOR('',#2230,0.393700787401575);
#608=VECTOR('',#2231,0.393700787401575);
#609=VECTOR('',#2234,0.393700787401575);
#610=VECTOR('',#2235,0.393700787401575);
#611=VECTOR('',#2236,0.393700787401575);
#612=VECTOR('',#2237,0.393700787401575);
#613=VECTOR('',#2238,0.393700787401575);
#614=VECTOR('',#2239,0.393700787401575);
#615=VECTOR('',#2240,0.393700787401575);
#616=VECTOR('',#2243,0.393700787401575);
#617=VECTOR('',#2244,0.393700787401575);
#618=VECTOR('',#2247,0.393700787401575);
#619=VECTOR('',#2248,0.393700787401575);
#620=VECTOR('',#2249,0.393700787401575);
#621=VECTOR('',#2250,0.393700787401575);
#622=VECTOR('',#2251,0.393700787401575);
#623=VECTOR('',#2252,0.393700787401575);
#624=VECTOR('',#2253,0.393700787401575);
#625=VECTOR('',#2254,0.393700787401575);
#626=VECTOR('',#2255,0.393700787401575);
#627=VECTOR('',#2256,0.393700787401575);
#628=VECTOR('',#2257,0.393700787401575);
#629=VECTOR('',#2258,0.393700787401575);
#630=VECTOR('',#2259,0.393700787401575);
#631=VECTOR('',#2260,0.393700787401575);
#632=VECTOR('',#2261,0.393700787401575);
#633=VECTOR('',#2262,0.393700787401575);
#634=VECTOR('',#2263,0.393700787401575);
#635=VECTOR('',#2264,0.393700787401575);
#636=VECTOR('',#2265,0.393700787401575);
#637=VECTOR('',#2270,0.169571428571429);
#638=VECTOR('',#2281,0.169571428571428);
#639=VECTOR('',#2292,0.169571428571428);
#640=VECTOR('',#2301,0.393700787401575);
#641=VECTOR('',#2304,0.393700787401575);
#642=VECTOR('',#2307,0.393700787401575);
#643=VECTOR('',#2308,0.393700787401575);
#644=VECTOR('',#2309,0.393700787401575);
#645=VECTOR('',#2310,0.393700787401575);
#646=VECTOR('',#2313,0.393700787401575);
#647=VECTOR('',#2314,0.393700787401575);
#648=VECTOR('',#2315,0.393700787401575);
#649=VECTOR('',#2316,0.393700787401575);
#650=VECTOR('',#2319,0.393700787401575);
#651=VECTOR('',#2320,0.393700787401575);
#652=VECTOR('',#2323,0.393700787401575);
#653=VECTOR('',#2326,0.393700787401575);
#654=VECTOR('',#2327,0.393700787401575);
#655=VECTOR('',#2328,0.393700787401575);
#656=VECTOR('',#2329,0.393700787401575);
#657=VECTOR('',#2330,0.393700787401575);
#658=VECTOR('',#2331,0.393700787401575);
#659=VECTOR('',#2332,0.393700787401575);
#660=VECTOR('',#2333,0.393700787401575);
#661=VECTOR('',#2334,0.393700787401575);
#662=VECTOR('',#2335,0.393700787401575);
#663=VECTOR('',#2336,0.393700787401575);
#664=VECTOR('',#2337,0.393700787401575);
#665=VECTOR('',#2338,0.393700787401575);
#666=VECTOR('',#2339,0.393700787401575);
#667=VECTOR('',#2340,0.393700787401575);
#668=VECTOR('',#2341,0.393700787401575);
#669=VECTOR('',#2342,0.393700787401575);
#670=VECTOR('',#2343,0.393700787401575);
#671=VECTOR('',#2346,0.393700787401575);
#672=VECTOR('',#2349,0.393700787401575);
#673=VECTOR('',#2356,0.393700787401575);
#674=VECTOR('',#2359,0.393700787401575);
#675=VECTOR('',#2362,0.393700787401575);
#676=VECTOR('',#2363,0.393700787401575);
#677=VECTOR('',#2364,0.393700787401575);
#678=VECTOR('',#2365,0.393700787401575);
#679=VECTOR('',#2366,0.393700787401575);
#680=VECTOR('',#2381,0.393700787401575);
#681=VECTOR('',#2384,0.393700787401575);
#682=VECTOR('',#2387,0.393700787401575);
#683=VECTOR('',#2388,0.393700787401575);
#684=VECTOR('',#2391,0.393700787401575);
#685=VECTOR('',#2394,0.393700787401575);
#686=VECTOR('',#2397,0.393700787401575);
#687=VECTOR('',#2398,0.393700787401575);
#688=VECTOR('',#2401,0.393700787401575);
#689=VECTOR('',#2402,0.393700787401575);
#690=VECTOR('',#2403,0.393700787401575);
#691=VECTOR('',#2404,0.393700787401575);
#692=VECTOR('',#2407,0.393700787401575);
#693=VECTOR('',#2410,0.393700787401575);
#694=VECTOR('',#2411,0.393700787401575);
#695=VECTOR('',#2412,0.393700787401575);
#696=VECTOR('',#2413,0.393700787401575);
#697=VECTOR('',#2414,0.393700787401575);
#698=VECTOR('',#2417,0.393700787401575);
#699=VECTOR('',#2420,0.393700787401575);
#700=VECTOR('',#2423,0.393700787401575);
#701=VECTOR('',#2426,0.393700787401575);
#702=VECTOR('',#2427,0.393700787401575);
#703=VECTOR('',#2430,0.393700787401575);
#704=VECTOR('',#2431,0.393700787401575);
#705=VECTOR('',#2432,0.393700787401575);
#706=VECTOR('',#2433,0.393700787401575);
#707=VECTOR('',#2442,0.393700787401575);
#708=VECTOR('',#2443,0.393700787401575);
#709=VECTOR('',#2444,0.393700787401575);
#710=VECTOR('',#2455,0.19);
#711=VECTOR('',#2468,0.19);
#712=VECTOR('',#2481,0.19);
#713=VECTOR('',#2486,0.393700787401575);
#714=VECTOR('',#2489,0.393700787401575);
#715=VECTOR('',#2490,0.393700787401575);
#716=VECTOR('',#2493,0.393700787401575);
#717=VECTOR('',#2500,0.393700787401575);
#718=VECTOR('',#2503,0.393700787401575);
#719=VECTOR('',#2504,0.393700787401575);
#720=VECTOR('',#2507,0.125);
#721=VECTOR('',#2510,0.125);
#722=VECTOR('',#2511,0.393700787401575);
#723=VECTOR('',#2514,0.393700787401575);
#724=VECTOR('',#2515,0.393700787401575);
#725=VECTOR('',#2516,0.393700787401575);
#726=VECTOR('',#2519,0.393700787401575);
#727=VECTOR('',#2520,0.393700787401575);
#728=VECTOR('',#2521,0.393700787401575);
#729=VECTOR('',#2524,0.393700787401575);
#730=VECTOR('',#2525,0.393700787401575);
#731=VECTOR('',#2528,0.393700787401575);
#732=VECTOR('',#2529,0.393700787401575);
#733=VECTOR('',#2532,0.393700787401575);
#734=VECTOR('',#2533,0.393700787401575);
#735=VECTOR('',#2534,0.393700787401575);
#736=VECTOR('',#2537,0.393700787401575);
#737=VECTOR('',#2538,0.393700787401575);
#738=VECTOR('',#2539,0.393700787401575);
#739=VECTOR('',#2542,0.393700787401575);
#740=VECTOR('',#2543,0.393700787401575);
#741=VECTOR('',#2546,0.393700787401575);
#742=VECTOR('',#2547,0.393700787401575);
#743=VECTOR('',#2550,0.393700787401575);
#744=VECTOR('',#2551,0.393700787401575);
#745=VECTOR('',#2554,0.393700787401575);
#746=VECTOR('',#2555,0.393700787401575);
#747=VECTOR('',#2558,0.393700787401575);
#748=VECTOR('',#2559,0.393700787401575);
#749=VECTOR('',#2560,0.393700787401575);
#750=VECTOR('',#2563,0.393700787401575);
#751=VECTOR('',#2566,0.393700787401575);
#752=VECTOR('',#2567,0.393700787401575);
#753=VECTOR('',#2568,0.393700787401575);
#754=VECTOR('',#2569,0.393700787401575);
#755=VECTOR('',#2570,0.393700787401575);
#756=VECTOR('',#2573,0.393700787401575);
#757=VECTOR('',#2576,0.393700787401575);
#758=VECTOR('',#2577,0.393700787401575);
#759=VECTOR('',#2578,0.393700787401575);
#760=VECTOR('',#2581,0.393700787401575);
#761=VECTOR('',#2582,0.393700787401575);
#762=VECTOR('',#2585,0.393700787401575);
#763=VECTOR('',#2588,0.393700787401575);
#764=VECTOR('',#2589,0.393700787401575);
#765=VECTOR('',#2590,0.393700787401575);
#766=VECTOR('',#2597,0.393700787401575);
#767=VECTOR('',#2600,0.393700787401575);
#768=VECTOR('',#2601,0.393700787401575);
#769=VECTOR('',#2604,0.393700787401575);
#770=VECTOR('',#2609,0.393700787401575);
#771=VECTOR('',#2612,0.393700787401575);
#772=VECTOR('',#2619,0.393700787401575);
#773=VECTOR('',#2620,0.393700787401575);
#774=VECTOR('',#2625,0.393700787401575);
#775=VECTOR('',#2630,0.19);
#776=VECTOR('',#2633,0.19);
#777=VECTOR('',#2636,0.19);
#778=VECTOR('',#2641,0.046875);
#779=VECTOR('',#2648,0.046875);
#780=VECTOR('',#2663,0.1375);
#781=VECTOR('',#2666,0.075);
#782=VECTOR('',#2677,0.1375);
#783=VECTOR('',#2680,0.075);
#784=VECTOR('',#2691,0.1375);
#785=VECTOR('',#2694,0.075);
#786=VECTOR('',#2697,0.393700787401575);
#787=VECTOR('',#2698,0.393700787401575);
#788=VECTOR('',#2701,0.393700787401575);
#789=VERTEX_POINT('',#2711);
#790=VERTEX_POINT('',#2712);
#791=VERTEX_POINT('',#2714);
#792=VERTEX_POINT('',#2716);
#793=VERTEX_POINT('',#2719);
#794=VERTEX_POINT('',#2721);
#795=VERTEX_POINT('',#2723);
#796=VERTEX_POINT('',#2726);
#797=VERTEX_POINT('',#2727);
#798=VERTEX_POINT('',#2729);
#799=VERTEX_POINT('',#2731);
#800=VERTEX_POINT('',#2733);
#801=VERTEX_POINT('',#2737);
#802=VERTEX_POINT('',#2739);
#803=VERTEX_POINT('',#2743);
#804=VERTEX_POINT('',#2747);
#805=VERTEX_POINT('',#2748);
#806=VERTEX_POINT('',#2750);
#807=VERTEX_POINT('',#2752);
#808=VERTEX_POINT('',#2756);
#809=VERTEX_POINT('',#2758);
#810=VERTEX_POINT('',#2762);
#811=VERTEX_POINT('',#2764);
#812=VERTEX_POINT('',#2768);
#813=VERTEX_POINT('',#2769);
#814=VERTEX_POINT('',#2772);
#815=VERTEX_POINT('',#2776);
#816=VERTEX_POINT('',#2780);
#817=VERTEX_POINT('',#2782);
#818=VERTEX_POINT('',#2784);
#819=VERTEX_POINT('',#2786);
#820=VERTEX_POINT('',#2790);
#821=VERTEX_POINT('',#2791);
#822=VERTEX_POINT('',#2793);
#823=VERTEX_POINT('',#2795);
#824=VERTEX_POINT('',#2799);
#825=VERTEX_POINT('',#2801);
#826=VERTEX_POINT('',#2803);
#827=VERTEX_POINT('',#2805);
#828=VERTEX_POINT('',#2807);
#829=VERTEX_POINT('',#2809);
#830=VERTEX_POINT('',#2813);
#831=VERTEX_POINT('',#2817);
#832=VERTEX_POINT('',#2819);
#833=VERTEX_POINT('',#2821);
#834=VERTEX_POINT('',#2823);
#835=VERTEX_POINT('',#2825);
#836=VERTEX_POINT('',#2827);
#837=VERTEX_POINT('',#2829);
#838=VERTEX_POINT('',#2831);
#839=VERTEX_POINT('',#2833);
#840=VERTEX_POINT('',#2835);
#841=VERTEX_POINT('',#2837);
#842=VERTEX_POINT('',#2839);
#843=VERTEX_POINT('',#2841);
#844=VERTEX_POINT('',#2844);
#845=VERTEX_POINT('',#2846);
#846=VERTEX_POINT('',#2849);
#847=VERTEX_POINT('',#2853);
#848=VERTEX_POINT('',#2855);
#849=VERTEX_POINT('',#2859);
#850=VERTEX_POINT('',#2862);
#851=VERTEX_POINT('',#2864);
#852=VERTEX_POINT('',#2868);
#853=VERTEX_POINT('',#2871);
#854=VERTEX_POINT('',#2873);
#855=VERTEX_POINT('',#2877);
#856=VERTEX_POINT('',#2884);
#857=VERTEX_POINT('',#2885);
#858=VERTEX_POINT('',#2887);
#859=VERTEX_POINT('',#2889);
#860=VERTEX_POINT('',#2893);
#861=VERTEX_POINT('',#2894);
#862=VERTEX_POINT('',#2896);
#863=VERTEX_POINT('',#2898);
#864=VERTEX_POINT('',#2907);
#865=VERTEX_POINT('',#2910);
#866=VERTEX_POINT('',#2912);
#867=VERTEX_POINT('',#2914);
#868=VERTEX_POINT('',#2916);
#869=VERTEX_POINT('',#2918);
#870=VERTEX_POINT('',#2920);
#871=VERTEX_POINT('',#2922);
#872=VERTEX_POINT('',#2924);
#873=VERTEX_POINT('',#2926);
#874=VERTEX_POINT('',#2928);
#875=VERTEX_POINT('',#2930);
#876=VERTEX_POINT('',#2932);
#877=VERTEX_POINT('',#2934);
#878=VERTEX_POINT('',#2936);
#879=VERTEX_POINT('',#2938);
#880=VERTEX_POINT('',#2940);
#881=VERTEX_POINT('',#2942);
#882=VERTEX_POINT('',#2944);
#883=VERTEX_POINT('',#2946);
#884=VERTEX_POINT('',#2950);
#885=VERTEX_POINT('',#2952);
#886=VERTEX_POINT('',#2956);
#887=VERTEX_POINT('',#2970);
#888=VERTEX_POINT('',#2972);
#889=VERTEX_POINT('',#3006);
#890=VERTEX_POINT('',#3007);
#891=VERTEX_POINT('',#3009);
#892=VERTEX_POINT('',#3042);
#893=VERTEX_POINT('',#3043);
#894=VERTEX_POINT('',#3045);
#895=VERTEX_POINT('',#3049);
#896=VERTEX_POINT('',#3051);
#897=VERTEX_POINT('',#3058);
#898=VERTEX_POINT('',#3060);
#899=VERTEX_POINT('',#3067);
#900=VERTEX_POINT('',#3069);
#901=VERTEX_POINT('',#3076);
#902=VERTEX_POINT('',#3078);
#903=VERTEX_POINT('',#3080);
#904=VERTEX_POINT('',#3082);
#905=VERTEX_POINT('',#3086);
#906=VERTEX_POINT('',#3088);
#907=VERTEX_POINT('',#3092);
#908=VERTEX_POINT('',#3095);
#909=VERTEX_POINT('',#3099);
#910=VERTEX_POINT('',#3101);
#911=VERTEX_POINT('',#3105);
#912=VERTEX_POINT('',#3107);
#913=VERTEX_POINT('',#3111);
#914=VERTEX_POINT('',#3113);
#915=VERTEX_POINT('',#3117);
#916=VERTEX_POINT('',#3118);
#917=VERTEX_POINT('',#3123);
#918=VERTEX_POINT('',#3127);
#919=VERTEX_POINT('',#3128);
#920=VERTEX_POINT('',#3133);
#921=VERTEX_POINT('',#3137);
#922=VERTEX_POINT('',#3138);
#923=VERTEX_POINT('',#3143);
#924=VERTEX_POINT('',#3147);
#925=VERTEX_POINT('',#3160);
#926=VERTEX_POINT('',#3162);
#927=VERTEX_POINT('',#3164);
#928=VERTEX_POINT('',#3166);
#929=VERTEX_POINT('',#3170);
#930=VERTEX_POINT('',#3172);
#931=VERTEX_POINT('',#3174);
#932=VERTEX_POINT('',#3176);
#933=VERTEX_POINT('',#3185);
#934=VERTEX_POINT('',#3187);
#935=VERTEX_POINT('',#3191);
#936=VERTEX_POINT('',#3193);
#937=VERTEX_POINT('',#3197);
#938=VERTEX_POINT('',#3201);
#939=VERTEX_POINT('',#3205);
#940=VERTEX_POINT('',#3207);
#941=VERTEX_POINT('',#3211);
#942=VERTEX_POINT('',#3213);
#943=VERTEX_POINT('',#3217);
#944=VERTEX_POINT('',#3221);
#945=VERTEX_POINT('',#3225);
#946=VERTEX_POINT('',#3229);
#947=VERTEX_POINT('',#3233);
#948=VERTEX_POINT('',#3240);
#949=VERTEX_POINT('',#3243);
#950=VERTEX_POINT('',#3245);
#951=VERTEX_POINT('',#3251);
#952=VERTEX_POINT('',#3253);
#953=VERTEX_POINT('',#3257);
#954=VERTEX_POINT('',#3264);
#955=VERTEX_POINT('',#3272);
#956=VERTEX_POINT('',#3299);
#957=VERTEX_POINT('',#3304);
#958=VERTEX_POINT('',#3309);
#959=VERTEX_POINT('',#3311);
#960=VERTEX_POINT('',#3314);
#961=VERTEX_POINT('',#3320);
#962=VERTEX_POINT('',#3322);
#963=VERTEX_POINT('',#3325);
#964=VERTEX_POINT('',#3331);
#965=VERTEX_POINT('',#3333);
#966=VERTEX_POINT('',#3336);
#967=EDGE_CURVE('',#789,#790,#359,.T.);
#968=EDGE_CURVE('',#791,#789,#360,.T.);
#969=EDGE_CURVE('',#792,#791,#361,.T.);
#970=EDGE_CURVE('',#790,#792,#362,.T.);
#971=EDGE_CURVE('',#793,#793,#77,.T.);
#972=EDGE_CURVE('',#794,#794,#78,.T.);
#973=EDGE_CURVE('',#795,#795,#79,.T.);
#974=EDGE_CURVE('',#796,#797,#363,.T.);
#975=EDGE_CURVE('',#796,#798,#364,.T.);
#976=EDGE_CURVE('',#798,#799,#365,.T.);
#977=EDGE_CURVE('',#800,#799,#366,.T.);
#978=EDGE_CURVE('',#797,#800,#367,.T.);
#979=EDGE_CURVE('',#797,#801,#368,.T.);
#980=EDGE_CURVE('',#802,#800,#369,.T.);
#981=EDGE_CURVE('',#801,#802,#370,.T.);
#982=EDGE_CURVE('',#796,#803,#371,.T.);
#983=EDGE_CURVE('',#803,#798,#80,.T.);
#984=EDGE_CURVE('',#804,#805,#372,.T.);
#985=EDGE_CURVE('',#805,#806,#373,.T.);
#986=EDGE_CURVE('',#806,#807,#374,.T.);
#987=EDGE_CURVE('',#807,#804,#375,.T.);
#988=EDGE_CURVE('',#805,#808,#376,.T.);
#989=EDGE_CURVE('',#808,#809,#377,.T.);
#990=EDGE_CURVE('',#809,#806,#378,.T.);
#991=EDGE_CURVE('',#810,#804,#379,.T.);
#992=EDGE_CURVE('',#811,#810,#380,.F.);
#993=EDGE_CURVE('',#811,#808,#381,.T.);
#994=EDGE_CURVE('',#812,#813,#52,.T.);
#995=EDGE_CURVE('',#813,#803,#382,.T.);
#996=EDGE_CURVE('',#797,#814,#383,.T.);
#997=EDGE_CURVE('',#814,#812,#384,.T.);
#998=EDGE_CURVE('',#815,#801,#385,.F.);
#999=EDGE_CURVE('',#815,#814,#386,.T.);
#1000=EDGE_CURVE('',#816,#813,#81,.T.);
#1001=EDGE_CURVE('',#816,#817,#387,.T.);
#1002=EDGE_CURVE('',#817,#818,#82,.T.);
#1003=EDGE_CURVE('',#818,#819,#388,.T.);
#1004=EDGE_CURVE('',#799,#819,#389,.T.);
#1005=EDGE_CURVE('',#820,#821,#390,.T.);
#1006=EDGE_CURVE('',#822,#820,#391,.T.);
#1007=EDGE_CURVE('',#822,#823,#392,.T.);
#1008=EDGE_CURVE('',#821,#823,#393,.T.);
#1009=EDGE_CURVE('',#820,#824,#394,.T.);
#1010=EDGE_CURVE('',#824,#825,#395,.T.);
#1011=EDGE_CURVE('',#826,#825,#396,.F.);
#1012=EDGE_CURVE('',#827,#826,#397,.T.);
#1013=EDGE_CURVE('',#828,#827,#398,.T.);
#1014=EDGE_CURVE('',#829,#828,#399,.T.);
#1015=EDGE_CURVE('',#822,#829,#400,.F.);
#1016=EDGE_CURVE('',#830,#821,#401,.T.);
#1017=EDGE_CURVE('',#830,#824,#402,.T.);
#1018=EDGE_CURVE('',#802,#831,#403,.F.);
#1019=EDGE_CURVE('',#832,#831,#404,.T.);
#1020=EDGE_CURVE('',#833,#832,#405,.T.);
#1021=EDGE_CURVE('',#833,#834,#406,.T.);
#1022=EDGE_CURVE('',#834,#835,#407,.F.);
#1023=EDGE_CURVE('',#835,#836,#408,.T.);
#1024=EDGE_CURVE('',#837,#836,#409,.T.);
#1025=EDGE_CURVE('',#838,#837,#410,.T.);
#1026=EDGE_CURVE('',#838,#839,#411,.F.);
#1027=EDGE_CURVE('',#839,#840,#412,.F.);
#1028=EDGE_CURVE('',#840,#841,#413,.F.);
#1029=EDGE_CURVE('',#841,#842,#414,.F.);
#1030=EDGE_CURVE('',#842,#843,#415,.F.);
#1031=EDGE_CURVE('',#843,#823,#416,.F.);
#1032=EDGE_CURVE('',#829,#844,#417,.F.);
#1033=EDGE_CURVE('',#844,#845,#418,.T.);
#1034=EDGE_CURVE('',#845,#811,#419,.F.);
#1035=EDGE_CURVE('',#810,#846,#420,.F.);
#1036=EDGE_CURVE('',#846,#815,#421,.T.);
#1037=EDGE_CURVE('',#847,#847,#83,.T.);
#1038=EDGE_CURVE('',#847,#848,#422,.T.);
#1039=EDGE_CURVE('',#848,#848,#84,.T.);
#1040=EDGE_CURVE('',#849,#849,#85,.F.);
#1041=EDGE_CURVE('',#850,#850,#86,.F.);
#1042=EDGE_CURVE('',#850,#851,#423,.T.);
#1043=EDGE_CURVE('',#851,#851,#87,.T.);
#1044=EDGE_CURVE('',#852,#852,#88,.T.);
#1045=EDGE_CURVE('',#853,#853,#89,.T.);
#1046=EDGE_CURVE('',#853,#854,#424,.T.);
#1047=EDGE_CURVE('',#854,#854,#90,.T.);
#1048=EDGE_CURVE('',#855,#855,#91,.F.);
#1049=EDGE_CURVE('',#845,#809,#425,.T.);
#1050=EDGE_CURVE('',#846,#807,#426,.T.);
#1051=EDGE_CURVE('',#856,#857,#427,.F.);
#1052=EDGE_CURVE('',#856,#858,#428,.F.);
#1053=EDGE_CURVE('',#859,#858,#429,.T.);
#1054=EDGE_CURVE('',#857,#859,#430,.T.);
#1055=EDGE_CURVE('',#860,#861,#431,.F.);
#1056=EDGE_CURVE('',#860,#862,#432,.T.);
#1057=EDGE_CURVE('',#863,#862,#433,.T.);
#1058=EDGE_CURVE('',#861,#863,#434,.T.);
#1059=EDGE_CURVE('',#861,#856,#435,.T.);
#1060=EDGE_CURVE('',#858,#863,#436,.F.);
#1061=EDGE_CURVE('',#862,#859,#437,.T.);
#1062=EDGE_CURVE('',#857,#864,#438,.T.);
#1063=EDGE_CURVE('',#864,#826,#439,.F.);
#1064=EDGE_CURVE('',#825,#865,#440,.F.);
#1065=EDGE_CURVE('',#865,#866,#441,.F.);
#1066=EDGE_CURVE('',#866,#867,#442,.F.);
#1067=EDGE_CURVE('',#867,#868,#443,.F.);
#1068=EDGE_CURVE('',#868,#869,#444,.F.);
#1069=EDGE_CURVE('',#869,#870,#445,.F.);
#1070=EDGE_CURVE('',#870,#871,#446,.F.);
#1071=EDGE_CURVE('',#871,#872,#447,.F.);
#1072=EDGE_CURVE('',#872,#873,#448,.F.);
#1073=EDGE_CURVE('',#874,#873,#449,.F.);
#1074=EDGE_CURVE('',#875,#874,#450,.T.);
#1075=EDGE_CURVE('',#876,#875,#451,.F.);
#1076=EDGE_CURVE('',#876,#877,#452,.F.);
#1077=EDGE_CURVE('',#877,#878,#453,.F.);
#1078=EDGE_CURVE('',#878,#879,#454,.F.);
#1079=EDGE_CURVE('',#879,#880,#455,.T.);
#1080=EDGE_CURVE('',#881,#880,#92,.F.);
#1081=EDGE_CURVE('',#881,#882,#456,.T.);
#1082=EDGE_CURVE('',#883,#882,#93,.F.);
#1083=EDGE_CURVE('',#883,#860,#457,.T.);
#1084=EDGE_CURVE('',#789,#884,#53,.T.);
#1085=EDGE_CURVE('',#885,#790,#54,.T.);
#1086=EDGE_CURVE('',#885,#884,#458,.T.);
#1087=EDGE_CURVE('',#886,#792,#24,.T.);
#1088=EDGE_CURVE('',#886,#885,#459,.T.);
#1089=EDGE_CURVE('',#885,#868,#460,.F.);
#1090=EDGE_CURVE('',#887,#867,#461,.F.);
#1091=EDGE_CURVE('',#888,#887,#462,.F.);
#1092=EDGE_CURVE('',#842,#888,#463,.F.);
#1093=EDGE_CURVE('',#841,#884,#464,.F.);
#1094=EDGE_CURVE('',#889,#890,#55,.T.);
#1095=EDGE_CURVE('',#890,#891,#56,.T.);
#1096=EDGE_CURVE('',#891,#889,#94,.T.);
#1097=EDGE_CURVE('',#892,#893,#57,.T.);
#1098=EDGE_CURVE('',#893,#894,#58,.T.);
#1099=EDGE_CURVE('',#894,#892,#95,.T.);
#1100=EDGE_CURVE('',#893,#895,#465,.T.);
#1101=EDGE_CURVE('',#895,#896,#96,.T.);
#1102=EDGE_CURVE('',#896,#894,#466,.T.);
#1103=EDGE_CURVE('',#890,#893,#467,.T.);
#1104=EDGE_CURVE('',#892,#891,#468,.T.);
#1105=EDGE_CURVE('',#889,#897,#469,.T.);
#1106=EDGE_CURVE('',#897,#898,#97,.T.);
#1107=EDGE_CURVE('',#898,#890,#470,.T.);
#1108=EDGE_CURVE('',#891,#883,#471,.T.);
#1109=EDGE_CURVE('',#882,#889,#472,.T.);
#1110=EDGE_CURVE('',#844,#899,#473,.T.);
#1111=EDGE_CURVE('',#899,#900,#474,.T.);
#1112=EDGE_CURVE('',#900,#864,#475,.T.);
#1113=EDGE_CURVE('',#812,#892,#476,.T.);
#1114=EDGE_CURVE('',#894,#816,#477,.T.);
#1115=EDGE_CURVE('',#896,#901,#478,.T.);
#1116=EDGE_CURVE('',#901,#902,#479,.T.);
#1117=EDGE_CURVE('',#902,#903,#480,.T.);
#1118=EDGE_CURVE('',#904,#903,#481,.T.);
#1119=EDGE_CURVE('',#817,#904,#482,.T.);
#1120=EDGE_CURVE('',#880,#905,#483,.T.);
#1121=EDGE_CURVE('',#905,#906,#98,.T.);
#1122=EDGE_CURVE('',#906,#881,#484,.T.);
#1123=EDGE_CURVE('',#905,#907,#485,.T.);
#1124=EDGE_CURVE('',#904,#907,#99,.T.);
#1125=EDGE_CURVE('',#903,#908,#486,.T.);
#1126=EDGE_CURVE('',#908,#906,#487,.T.);
#1127=EDGE_CURVE('',#879,#909,#488,.T.);
#1128=EDGE_CURVE('',#909,#910,#489,.T.);
#1129=EDGE_CURVE('',#819,#910,#490,.T.);
#1130=EDGE_CURVE('',#818,#907,#491,.T.);
#1131=EDGE_CURVE('',#911,#911,#100,.T.);
#1132=EDGE_CURVE('',#912,#912,#101,.T.);
#1133=EDGE_CURVE('',#908,#913,#492,.T.);
#1134=EDGE_CURVE('',#913,#914,#493,.T.);
#1135=EDGE_CURVE('',#914,#897,#494,.T.);
#1136=EDGE_CURVE('',#915,#916,#102,.T.);
#1137=EDGE_CURVE('',#916,#795,#103,.T.);
#1138=EDGE_CURVE('',#916,#915,#104,.T.);
#1139=EDGE_CURVE('',#915,#917,#495,.T.);
#1140=EDGE_CURVE('',#917,#917,#105,.T.);
#1141=EDGE_CURVE('',#918,#919,#106,.T.);
#1142=EDGE_CURVE('',#919,#793,#107,.T.);
#1143=EDGE_CURVE('',#919,#918,#108,.T.);
#1144=EDGE_CURVE('',#918,#920,#496,.T.);
#1145=EDGE_CURVE('',#920,#920,#109,.T.);
#1146=EDGE_CURVE('',#921,#922,#110,.T.);
#1147=EDGE_CURVE('',#922,#794,#111,.T.);
#1148=EDGE_CURVE('',#922,#921,#112,.T.);
#1149=EDGE_CURVE('',#921,#923,#497,.T.);
#1150=EDGE_CURVE('',#923,#923,#113,.T.);
#1151=EDGE_CURVE('',#884,#924,#498,.T.);
#1152=EDGE_CURVE('',#791,#924,#25,.T.);
#1153=EDGE_CURVE('',#925,#840,#499,.F.);
#1154=EDGE_CURVE('',#925,#926,#500,.F.);
#1155=EDGE_CURVE('',#926,#927,#114,.T.);
#1156=EDGE_CURVE('',#928,#927,#501,.T.);
#1157=EDGE_CURVE('',#928,#924,#115,.T.);
#1158=EDGE_CURVE('',#929,#886,#116,.F.);
#1159=EDGE_CURVE('',#930,#929,#502,.T.);
#1160=EDGE_CURVE('',#931,#930,#117,.F.);
#1161=EDGE_CURVE('',#931,#932,#503,.F.);
#1162=EDGE_CURVE('',#869,#932,#504,.F.);
#1163=EDGE_CURVE('',#928,#929,#505,.T.);
#1164=EDGE_CURVE('',#930,#927,#506,.T.);
#1165=EDGE_CURVE('',#926,#931,#507,.T.);
#1166=EDGE_CURVE('',#875,#933,#508,.T.);
#1167=EDGE_CURVE('',#934,#933,#509,.T.);
#1168=EDGE_CURVE('',#876,#934,#510,.T.);
#1169=EDGE_CURVE('',#935,#873,#511,.T.);
#1170=EDGE_CURVE('',#936,#935,#512,.T.);
#1171=EDGE_CURVE('',#874,#936,#513,.T.);
#1172=EDGE_CURVE('',#937,#934,#514,.T.);
#1173=EDGE_CURVE('',#877,#937,#515,.T.);
#1174=EDGE_CURVE('',#938,#933,#516,.T.);
#1175=EDGE_CURVE('',#938,#937,#517,.T.);
#1176=EDGE_CURVE('',#939,#833,#518,.T.);
#1177=EDGE_CURVE('',#940,#939,#519,.T.);
#1178=EDGE_CURVE('',#834,#940,#520,.T.);
#1179=EDGE_CURVE('',#835,#941,#521,.T.);
#1180=EDGE_CURVE('',#942,#941,#522,.T.);
#1181=EDGE_CURVE('',#836,#942,#523,.T.);
#1182=EDGE_CURVE('',#832,#943,#524,.T.);
#1183=EDGE_CURVE('',#943,#939,#525,.T.);
#1184=EDGE_CURVE('',#942,#944,#526,.T.);
#1185=EDGE_CURVE('',#944,#837,#527,.T.);
#1186=EDGE_CURVE('',#945,#940,#528,.T.);
#1187=EDGE_CURVE('',#945,#943,#529,.F.);
#1188=EDGE_CURVE('',#888,#946,#530,.T.);
#1189=EDGE_CURVE('',#946,#843,#531,.F.);
#1190=EDGE_CURVE('',#910,#947,#532,.T.);
#1191=EDGE_CURVE('',#909,#938,#533,.T.);
#1192=EDGE_CURVE('',#938,#947,#534,.F.);
#1193=EDGE_CURVE('',#831,#945,#535,.T.);
#1194=EDGE_CURVE('',#935,#948,#536,.F.);
#1195=EDGE_CURVE('',#944,#948,#537,.F.);
#1196=EDGE_CURVE('',#949,#941,#538,.T.);
#1197=EDGE_CURVE('',#950,#949,#539,.F.);
#1198=EDGE_CURVE('',#936,#950,#540,.T.);
#1199=EDGE_CURVE('',#947,#949,#541,.T.);
#1200=EDGE_CURVE('',#951,#839,#542,.F.);
#1201=EDGE_CURVE('',#952,#838,#543,.T.);
#1202=EDGE_CURVE('',#952,#951,#544,.T.);
#1203=EDGE_CURVE('',#866,#953,#545,.F.);
#1204=EDGE_CURVE('',#887,#953,#546,.T.);
#1205=EDGE_CURVE('',#878,#938,#547,.T.);
#1206=EDGE_CURVE('',#948,#872,#548,.F.);
#1207=EDGE_CURVE('',#954,#871,#549,.F.);
#1208=EDGE_CURVE('',#952,#954,#550,.F.);
#1209=EDGE_CURVE('',#938,#950,#551,.F.);
#1210=EDGE_CURVE('',#870,#955,#552,.F.);
#1211=EDGE_CURVE('',#954,#955,#553,.T.);
#1212=EDGE_CURVE('',#953,#946,#554,.F.);
#1213=EDGE_CURVE('',#955,#951,#555,.F.);
#1214=EDGE_CURVE('',#932,#925,#556,.F.);
#1215=EDGE_CURVE('',#827,#900,#557,.T.);
#1216=EDGE_CURVE('',#828,#899,#558,.T.);
#1217=EDGE_CURVE('',#865,#830,#559,.F.);
#1218=EDGE_CURVE('',#917,#854,#560,.T.);
#1219=EDGE_CURVE('',#920,#848,#561,.T.);
#1220=EDGE_CURVE('',#923,#851,#562,.T.);
#1221=EDGE_CURVE('',#911,#956,#563,.T.);
#1222=EDGE_CURVE('',#956,#956,#118,.T.);
#1223=EDGE_CURVE('',#912,#957,#564,.T.);
#1224=EDGE_CURVE('',#957,#957,#119,.T.);
#1225=EDGE_CURVE('',#958,#958,#120,.T.);
#1226=EDGE_CURVE('',#959,#959,#121,.T.);
#1227=EDGE_CURVE('',#960,#960,#122,.T.);
#1228=EDGE_CURVE('',#960,#958,#565,.T.);
#1229=EDGE_CURVE('',#959,#849,#566,.T.);
#1230=EDGE_CURVE('',#961,#961,#123,.T.);
#1231=EDGE_CURVE('',#962,#962,#124,.T.);
#1232=EDGE_CURVE('',#963,#963,#125,.T.);
#1233=EDGE_CURVE('',#963,#961,#567,.T.);
#1234=EDGE_CURVE('',#962,#852,#568,.T.);
#1235=EDGE_CURVE('',#964,#964,#126,.T.);
#1236=EDGE_CURVE('',#965,#965,#127,.T.);
#1237=EDGE_CURVE('',#966,#966,#128,.T.);
#1238=EDGE_CURVE('',#966,#964,#569,.T.);
#1239=EDGE_CURVE('',#965,#855,#570,.T.);
#1240=EDGE_CURVE('',#914,#901,#571,.T.);
#1241=EDGE_CURVE('',#898,#895,#572,.T.);
#1242=EDGE_CURVE('',#902,#913,#573,.T.);
#1243=ORIENTED_EDGE('',*,*,#967,.F.);
#1244=ORIENTED_EDGE('',*,*,#968,.F.);
#1245=ORIENTED_EDGE('',*,*,#969,.F.);
#1246=ORIENTED_EDGE('',*,*,#970,.F.);
#1247=ORIENTED_EDGE('',*,*,#971,.F.);
#1248=ORIENTED_EDGE('',*,*,#972,.F.);
#1249=ORIENTED_EDGE('',*,*,#973,.F.);
#1250=ORIENTED_EDGE('',*,*,#974,.F.);
#1251=ORIENTED_EDGE('',*,*,#975,.T.);
#1252=ORIENTED_EDGE('',*,*,#976,.T.);
#1253=ORIENTED_EDGE('',*,*,#977,.F.);
#1254=ORIENTED_EDGE('',*,*,#978,.F.);
#1255=ORIENTED_EDGE('',*,*,#979,.F.);
#1256=ORIENTED_EDGE('',*,*,#978,.T.);
#1257=ORIENTED_EDGE('',*,*,#980,.F.);
#1258=ORIENTED_EDGE('',*,*,#981,.F.);
#1259=ORIENTED_EDGE('',*,*,#982,.T.);
#1260=ORIENTED_EDGE('',*,*,#983,.T.);
#1261=ORIENTED_EDGE('',*,*,#975,.F.);
#1262=ORIENTED_EDGE('',*,*,#984,.T.);
#1263=ORIENTED_EDGE('',*,*,#985,.T.);
#1264=ORIENTED_EDGE('',*,*,#986,.T.);
#1265=ORIENTED_EDGE('',*,*,#987,.T.);
#1266=ORIENTED_EDGE('',*,*,#985,.F.);
#1267=ORIENTED_EDGE('',*,*,#988,.T.);
#1268=ORIENTED_EDGE('',*,*,#989,.T.);
#1269=ORIENTED_EDGE('',*,*,#990,.T.);
#1270=ORIENTED_EDGE('',*,*,#984,.F.);
#1271=ORIENTED_EDGE('',*,*,#991,.F.);
#1272=ORIENTED_EDGE('',*,*,#992,.F.);
#1273=ORIENTED_EDGE('',*,*,#993,.T.);
#1274=ORIENTED_EDGE('',*,*,#988,.F.);
#1275=ORIENTED_EDGE('',*,*,#994,.T.);
#1276=ORIENTED_EDGE('',*,*,#995,.T.);
#1277=ORIENTED_EDGE('',*,*,#982,.F.);
#1278=ORIENTED_EDGE('',*,*,#974,.T.);
#1279=ORIENTED_EDGE('',*,*,#996,.T.);
#1280=ORIENTED_EDGE('',*,*,#997,.T.);
#1281=ORIENTED_EDGE('',*,*,#996,.F.);
#1282=ORIENTED_EDGE('',*,*,#979,.T.);
#1283=ORIENTED_EDGE('',*,*,#998,.F.);
#1284=ORIENTED_EDGE('',*,*,#999,.T.);
#1285=ORIENTED_EDGE('',*,*,#995,.F.);
#1286=ORIENTED_EDGE('',*,*,#1000,.F.);
#1287=ORIENTED_EDGE('',*,*,#1001,.T.);
#1288=ORIENTED_EDGE('',*,*,#1002,.T.);
#1289=ORIENTED_EDGE('',*,*,#1003,.T.);
#1290=ORIENTED_EDGE('',*,*,#1004,.F.);
#1291=ORIENTED_EDGE('',*,*,#976,.F.);
#1292=ORIENTED_EDGE('',*,*,#983,.F.);
#1293=ORIENTED_EDGE('',*,*,#1005,.F.);
#1294=ORIENTED_EDGE('',*,*,#1006,.F.);
#1295=ORIENTED_EDGE('',*,*,#1007,.T.);
#1296=ORIENTED_EDGE('',*,*,#1008,.F.);
#1297=ORIENTED_EDGE('',*,*,#1006,.T.);
#1298=ORIENTED_EDGE('',*,*,#1009,.T.);
#1299=ORIENTED_EDGE('',*,*,#1010,.T.);
#1300=ORIENTED_EDGE('',*,*,#1011,.F.);
#1301=ORIENTED_EDGE('',*,*,#1012,.F.);
#1302=ORIENTED_EDGE('',*,*,#1013,.F.);
#1303=ORIENTED_EDGE('',*,*,#1014,.F.);
#1304=ORIENTED_EDGE('',*,*,#1015,.F.);
#1305=ORIENTED_EDGE('',*,*,#1005,.T.);
#1306=ORIENTED_EDGE('',*,*,#1016,.F.);
#1307=ORIENTED_EDGE('',*,*,#1017,.T.);
#1308=ORIENTED_EDGE('',*,*,#1009,.F.);
#1309=ORIENTED_EDGE('',*,*,#981,.T.);
#1310=ORIENTED_EDGE('',*,*,#1018,.T.);
#1311=ORIENTED_EDGE('',*,*,#1019,.F.);
#1312=ORIENTED_EDGE('',*,*,#1020,.F.);
#1313=ORIENTED_EDGE('',*,*,#1021,.T.);
#1314=ORIENTED_EDGE('',*,*,#1022,.T.);
#1315=ORIENTED_EDGE('',*,*,#1023,.T.);
#1316=ORIENTED_EDGE('',*,*,#1024,.F.);
#1317=ORIENTED_EDGE('',*,*,#1025,.F.);
#1318=ORIENTED_EDGE('',*,*,#1026,.T.);
#1319=ORIENTED_EDGE('',*,*,#1027,.T.);
#1320=ORIENTED_EDGE('',*,*,#1028,.T.);
#1321=ORIENTED_EDGE('',*,*,#1029,.T.);
#1322=ORIENTED_EDGE('',*,*,#1030,.T.);
#1323=ORIENTED_EDGE('',*,*,#1031,.T.);
#1324=ORIENTED_EDGE('',*,*,#1007,.F.);
#1325=ORIENTED_EDGE('',*,*,#1015,.T.);
#1326=ORIENTED_EDGE('',*,*,#1032,.T.);
#1327=ORIENTED_EDGE('',*,*,#1033,.T.);
#1328=ORIENTED_EDGE('',*,*,#1034,.T.);
#1329=ORIENTED_EDGE('',*,*,#992,.T.);
#1330=ORIENTED_EDGE('',*,*,#1035,.T.);
#1331=ORIENTED_EDGE('',*,*,#1036,.T.);
#1332=ORIENTED_EDGE('',*,*,#998,.T.);
#1333=ORIENTED_EDGE('',*,*,#1037,.F.);
#1334=ORIENTED_EDGE('',*,*,#1038,.T.);
#1335=ORIENTED_EDGE('',*,*,#1039,.F.);
#1336=ORIENTED_EDGE('',*,*,#1038,.F.);
#1337=ORIENTED_EDGE('',*,*,#1037,.T.);
#1338=ORIENTED_EDGE('',*,*,#1040,.T.);
#1339=ORIENTED_EDGE('',*,*,#1041,.F.);
#1340=ORIENTED_EDGE('',*,*,#1042,.T.);
#1341=ORIENTED_EDGE('',*,*,#1043,.F.);
#1342=ORIENTED_EDGE('',*,*,#1042,.F.);
#1343=ORIENTED_EDGE('',*,*,#1041,.T.);
#1344=ORIENTED_EDGE('',*,*,#1044,.T.);
#1345=ORIENTED_EDGE('',*,*,#1045,.F.);
#1346=ORIENTED_EDGE('',*,*,#1046,.T.);
#1347=ORIENTED_EDGE('',*,*,#1047,.F.);
#1348=ORIENTED_EDGE('',*,*,#1046,.F.);
#1349=ORIENTED_EDGE('',*,*,#1045,.T.);
#1350=ORIENTED_EDGE('',*,*,#1048,.T.);
#1351=ORIENTED_EDGE('',*,*,#1034,.F.);
#1352=ORIENTED_EDGE('',*,*,#1049,.T.);
#1353=ORIENTED_EDGE('',*,*,#989,.F.);
#1354=ORIENTED_EDGE('',*,*,#993,.F.);
#1355=ORIENTED_EDGE('',*,*,#987,.F.);
#1356=ORIENTED_EDGE('',*,*,#1050,.F.);
#1357=ORIENTED_EDGE('',*,*,#1035,.F.);
#1358=ORIENTED_EDGE('',*,*,#991,.T.);
#1359=ORIENTED_EDGE('',*,*,#1051,.F.);
#1360=ORIENTED_EDGE('',*,*,#1052,.T.);
#1361=ORIENTED_EDGE('',*,*,#1053,.F.);
#1362=ORIENTED_EDGE('',*,*,#1054,.F.);
#1363=ORIENTED_EDGE('',*,*,#1055,.F.);
#1364=ORIENTED_EDGE('',*,*,#1056,.T.);
#1365=ORIENTED_EDGE('',*,*,#1057,.F.);
#1366=ORIENTED_EDGE('',*,*,#1058,.F.);
#1367=ORIENTED_EDGE('',*,*,#1059,.F.);
#1368=ORIENTED_EDGE('',*,*,#1058,.T.);
#1369=ORIENTED_EDGE('',*,*,#1060,.F.);
#1370=ORIENTED_EDGE('',*,*,#1052,.F.);
#1371=ORIENTED_EDGE('',*,*,#1060,.T.);
#1372=ORIENTED_EDGE('',*,*,#1057,.T.);
#1373=ORIENTED_EDGE('',*,*,#1061,.T.);
#1374=ORIENTED_EDGE('',*,*,#1053,.T.);
#1375=ORIENTED_EDGE('',*,*,#1055,.T.);
#1376=ORIENTED_EDGE('',*,*,#1059,.T.);
#1377=ORIENTED_EDGE('',*,*,#1051,.T.);
#1378=ORIENTED_EDGE('',*,*,#1062,.T.);
#1379=ORIENTED_EDGE('',*,*,#1063,.T.);
#1380=ORIENTED_EDGE('',*,*,#1011,.T.);
#1381=ORIENTED_EDGE('',*,*,#1064,.T.);
#1382=ORIENTED_EDGE('',*,*,#1065,.T.);
#1383=ORIENTED_EDGE('',*,*,#1066,.T.);
#1384=ORIENTED_EDGE('',*,*,#1067,.T.);
#1385=ORIENTED_EDGE('',*,*,#1068,.T.);
#1386=ORIENTED_EDGE('',*,*,#1069,.T.);
#1387=ORIENTED_EDGE('',*,*,#1070,.T.);
#1388=ORIENTED_EDGE('',*,*,#1071,.T.);
#1389=ORIENTED_EDGE('',*,*,#1072,.T.);
#1390=ORIENTED_EDGE('',*,*,#1073,.F.);
#1391=ORIENTED_EDGE('',*,*,#1074,.F.);
#1392=ORIENTED_EDGE('',*,*,#1075,.F.);
#1393=ORIENTED_EDGE('',*,*,#1076,.T.);
#1394=ORIENTED_EDGE('',*,*,#1077,.T.);
#1395=ORIENTED_EDGE('',*,*,#1078,.T.);
#1396=ORIENTED_EDGE('',*,*,#1079,.T.);
#1397=ORIENTED_EDGE('',*,*,#1080,.F.);
#1398=ORIENTED_EDGE('',*,*,#1081,.T.);
#1399=ORIENTED_EDGE('',*,*,#1082,.F.);
#1400=ORIENTED_EDGE('',*,*,#1083,.T.);
#1401=ORIENTED_EDGE('',*,*,#1084,.F.);
#1402=ORIENTED_EDGE('',*,*,#967,.T.);
#1403=ORIENTED_EDGE('',*,*,#1085,.F.);
#1404=ORIENTED_EDGE('',*,*,#1086,.T.);
#1405=ORIENTED_EDGE('',*,*,#1085,.T.);
#1406=ORIENTED_EDGE('',*,*,#970,.T.);
#1407=ORIENTED_EDGE('',*,*,#1087,.F.);
#1408=ORIENTED_EDGE('',*,*,#1088,.T.);
#1409=ORIENTED_EDGE('',*,*,#1086,.F.);
#1410=ORIENTED_EDGE('',*,*,#1089,.T.);
#1411=ORIENTED_EDGE('',*,*,#1067,.F.);
#1412=ORIENTED_EDGE('',*,*,#1090,.F.);
#1413=ORIENTED_EDGE('',*,*,#1091,.F.);
#1414=ORIENTED_EDGE('',*,*,#1092,.F.);
#1415=ORIENTED_EDGE('',*,*,#1029,.F.);
#1416=ORIENTED_EDGE('',*,*,#1093,.T.);
#1417=ORIENTED_EDGE('',*,*,#1094,.T.);
#1418=ORIENTED_EDGE('',*,*,#1095,.T.);
#1419=ORIENTED_EDGE('',*,*,#1096,.T.);
#1420=ORIENTED_EDGE('',*,*,#1097,.T.);
#1421=ORIENTED_EDGE('',*,*,#1098,.T.);
#1422=ORIENTED_EDGE('',*,*,#1099,.T.);
#1423=ORIENTED_EDGE('',*,*,#1098,.F.);
#1424=ORIENTED_EDGE('',*,*,#1100,.T.);
#1425=ORIENTED_EDGE('',*,*,#1101,.T.);
#1426=ORIENTED_EDGE('',*,*,#1102,.T.);
#1427=ORIENTED_EDGE('',*,*,#1095,.F.);
#1428=ORIENTED_EDGE('',*,*,#1103,.T.);
#1429=ORIENTED_EDGE('',*,*,#1097,.F.);
#1430=ORIENTED_EDGE('',*,*,#1104,.T.);
#1431=ORIENTED_EDGE('',*,*,#1094,.F.);
#1432=ORIENTED_EDGE('',*,*,#1105,.T.);
#1433=ORIENTED_EDGE('',*,*,#1106,.T.);
#1434=ORIENTED_EDGE('',*,*,#1107,.T.);
#1435=ORIENTED_EDGE('',*,*,#1096,.F.);
#1436=ORIENTED_EDGE('',*,*,#1108,.T.);
#1437=ORIENTED_EDGE('',*,*,#1082,.T.);
#1438=ORIENTED_EDGE('',*,*,#1109,.T.);
#1439=ORIENTED_EDGE('',*,*,#986,.F.);
#1440=ORIENTED_EDGE('',*,*,#990,.F.);
#1441=ORIENTED_EDGE('',*,*,#1049,.F.);
#1442=ORIENTED_EDGE('',*,*,#1033,.F.);
#1443=ORIENTED_EDGE('',*,*,#1110,.T.);
#1444=ORIENTED_EDGE('',*,*,#1111,.T.);
#1445=ORIENTED_EDGE('',*,*,#1112,.T.);
#1446=ORIENTED_EDGE('',*,*,#1062,.F.);
#1447=ORIENTED_EDGE('',*,*,#1054,.T.);
#1448=ORIENTED_EDGE('',*,*,#1061,.F.);
#1449=ORIENTED_EDGE('',*,*,#1056,.F.);
#1450=ORIENTED_EDGE('',*,*,#1083,.F.);
#1451=ORIENTED_EDGE('',*,*,#1108,.F.);
#1452=ORIENTED_EDGE('',*,*,#1104,.F.);
#1453=ORIENTED_EDGE('',*,*,#1113,.F.);
#1454=ORIENTED_EDGE('',*,*,#997,.F.);
#1455=ORIENTED_EDGE('',*,*,#999,.F.);
#1456=ORIENTED_EDGE('',*,*,#1036,.F.);
#1457=ORIENTED_EDGE('',*,*,#1050,.T.);
#1458=ORIENTED_EDGE('',*,*,#994,.F.);
#1459=ORIENTED_EDGE('',*,*,#1113,.T.);
#1460=ORIENTED_EDGE('',*,*,#1099,.F.);
#1461=ORIENTED_EDGE('',*,*,#1114,.T.);
#1462=ORIENTED_EDGE('',*,*,#1000,.T.);
#1463=ORIENTED_EDGE('',*,*,#1001,.F.);
#1464=ORIENTED_EDGE('',*,*,#1114,.F.);
#1465=ORIENTED_EDGE('',*,*,#1102,.F.);
#1466=ORIENTED_EDGE('',*,*,#1115,.T.);
#1467=ORIENTED_EDGE('',*,*,#1116,.T.);
#1468=ORIENTED_EDGE('',*,*,#1117,.T.);
#1469=ORIENTED_EDGE('',*,*,#1118,.F.);
#1470=ORIENTED_EDGE('',*,*,#1119,.F.);
#1471=ORIENTED_EDGE('',*,*,#1080,.T.);
#1472=ORIENTED_EDGE('',*,*,#1120,.T.);
#1473=ORIENTED_EDGE('',*,*,#1121,.T.);
#1474=ORIENTED_EDGE('',*,*,#1122,.T.);
#1475=ORIENTED_EDGE('',*,*,#1121,.F.);
#1476=ORIENTED_EDGE('',*,*,#1123,.T.);
#1477=ORIENTED_EDGE('',*,*,#1124,.F.);
#1478=ORIENTED_EDGE('',*,*,#1118,.T.);
#1479=ORIENTED_EDGE('',*,*,#1125,.T.);
#1480=ORIENTED_EDGE('',*,*,#1126,.T.);
#1481=ORIENTED_EDGE('',*,*,#1120,.F.);
#1482=ORIENTED_EDGE('',*,*,#1079,.F.);
#1483=ORIENTED_EDGE('',*,*,#1127,.T.);
#1484=ORIENTED_EDGE('',*,*,#1128,.T.);
#1485=ORIENTED_EDGE('',*,*,#1129,.F.);
#1486=ORIENTED_EDGE('',*,*,#1003,.F.);
#1487=ORIENTED_EDGE('',*,*,#1130,.T.);
#1488=ORIENTED_EDGE('',*,*,#1123,.F.);
#1489=ORIENTED_EDGE('',*,*,#1131,.T.);
#1490=ORIENTED_EDGE('',*,*,#1132,.T.);
#1491=ORIENTED_EDGE('',*,*,#1119,.T.);
#1492=ORIENTED_EDGE('',*,*,#1124,.T.);
#1493=ORIENTED_EDGE('',*,*,#1130,.F.);
#1494=ORIENTED_EDGE('',*,*,#1002,.F.);
#1495=ORIENTED_EDGE('',*,*,#1105,.F.);
#1496=ORIENTED_EDGE('',*,*,#1109,.F.);
#1497=ORIENTED_EDGE('',*,*,#1081,.F.);
#1498=ORIENTED_EDGE('',*,*,#1122,.F.);
#1499=ORIENTED_EDGE('',*,*,#1126,.F.);
#1500=ORIENTED_EDGE('',*,*,#1133,.T.);
#1501=ORIENTED_EDGE('',*,*,#1134,.T.);
#1502=ORIENTED_EDGE('',*,*,#1135,.T.);
#1503=ORIENTED_EDGE('',*,*,#1136,.T.);
#1504=ORIENTED_EDGE('',*,*,#1137,.T.);
#1505=ORIENTED_EDGE('',*,*,#973,.T.);
#1506=ORIENTED_EDGE('',*,*,#1137,.F.);
#1507=ORIENTED_EDGE('',*,*,#1138,.T.);
#1508=ORIENTED_EDGE('',*,*,#1136,.F.);
#1509=ORIENTED_EDGE('',*,*,#1139,.T.);
#1510=ORIENTED_EDGE('',*,*,#1140,.T.);
#1511=ORIENTED_EDGE('',*,*,#1139,.F.);
#1512=ORIENTED_EDGE('',*,*,#1138,.F.);
#1513=ORIENTED_EDGE('',*,*,#1141,.T.);
#1514=ORIENTED_EDGE('',*,*,#1142,.T.);
#1515=ORIENTED_EDGE('',*,*,#971,.T.);
#1516=ORIENTED_EDGE('',*,*,#1142,.F.);
#1517=ORIENTED_EDGE('',*,*,#1143,.T.);
#1518=ORIENTED_EDGE('',*,*,#1141,.F.);
#1519=ORIENTED_EDGE('',*,*,#1144,.T.);
#1520=ORIENTED_EDGE('',*,*,#1145,.T.);
#1521=ORIENTED_EDGE('',*,*,#1144,.F.);
#1522=ORIENTED_EDGE('',*,*,#1143,.F.);
#1523=ORIENTED_EDGE('',*,*,#1146,.T.);
#1524=ORIENTED_EDGE('',*,*,#1147,.T.);
#1525=ORIENTED_EDGE('',*,*,#972,.T.);
#1526=ORIENTED_EDGE('',*,*,#1147,.F.);
#1527=ORIENTED_EDGE('',*,*,#1148,.T.);
#1528=ORIENTED_EDGE('',*,*,#1146,.F.);
#1529=ORIENTED_EDGE('',*,*,#1149,.T.);
#1530=ORIENTED_EDGE('',*,*,#1150,.T.);
#1531=ORIENTED_EDGE('',*,*,#1149,.F.);
#1532=ORIENTED_EDGE('',*,*,#1148,.F.);
#1533=ORIENTED_EDGE('',*,*,#1084,.T.);
#1534=ORIENTED_EDGE('',*,*,#1151,.T.);
#1535=ORIENTED_EDGE('',*,*,#1152,.F.);
#1536=ORIENTED_EDGE('',*,*,#968,.T.);
#1537=ORIENTED_EDGE('',*,*,#1151,.F.);
#1538=ORIENTED_EDGE('',*,*,#1093,.F.);
#1539=ORIENTED_EDGE('',*,*,#1028,.F.);
#1540=ORIENTED_EDGE('',*,*,#1153,.F.);
#1541=ORIENTED_EDGE('',*,*,#1154,.T.);
#1542=ORIENTED_EDGE('',*,*,#1155,.T.);
#1543=ORIENTED_EDGE('',*,*,#1156,.F.);
#1544=ORIENTED_EDGE('',*,*,#1157,.T.);
#1545=ORIENTED_EDGE('',*,*,#1088,.F.);
#1546=ORIENTED_EDGE('',*,*,#1158,.F.);
#1547=ORIENTED_EDGE('',*,*,#1159,.F.);
#1548=ORIENTED_EDGE('',*,*,#1160,.F.);
#1549=ORIENTED_EDGE('',*,*,#1161,.T.);
#1550=ORIENTED_EDGE('',*,*,#1162,.F.);
#1551=ORIENTED_EDGE('',*,*,#1068,.F.);
#1552=ORIENTED_EDGE('',*,*,#1089,.F.);
#1553=ORIENTED_EDGE('',*,*,#1152,.T.);
#1554=ORIENTED_EDGE('',*,*,#1157,.F.);
#1555=ORIENTED_EDGE('',*,*,#1163,.T.);
#1556=ORIENTED_EDGE('',*,*,#1158,.T.);
#1557=ORIENTED_EDGE('',*,*,#1087,.T.);
#1558=ORIENTED_EDGE('',*,*,#969,.T.);
#1559=ORIENTED_EDGE('',*,*,#1160,.T.);
#1560=ORIENTED_EDGE('',*,*,#1164,.T.);
#1561=ORIENTED_EDGE('',*,*,#1155,.F.);
#1562=ORIENTED_EDGE('',*,*,#1165,.T.);
#1563=ORIENTED_EDGE('',*,*,#1075,.T.);
#1564=ORIENTED_EDGE('',*,*,#1166,.T.);
#1565=ORIENTED_EDGE('',*,*,#1167,.F.);
#1566=ORIENTED_EDGE('',*,*,#1168,.F.);
#1567=ORIENTED_EDGE('',*,*,#1073,.T.);
#1568=ORIENTED_EDGE('',*,*,#1169,.F.);
#1569=ORIENTED_EDGE('',*,*,#1170,.F.);
#1570=ORIENTED_EDGE('',*,*,#1171,.F.);
#1571=ORIENTED_EDGE('',*,*,#1168,.T.);
#1572=ORIENTED_EDGE('',*,*,#1172,.F.);
#1573=ORIENTED_EDGE('',*,*,#1173,.F.);
#1574=ORIENTED_EDGE('',*,*,#1076,.F.);
#1575=ORIENTED_EDGE('',*,*,#1167,.T.);
#1576=ORIENTED_EDGE('',*,*,#1174,.F.);
#1577=ORIENTED_EDGE('',*,*,#1175,.T.);
#1578=ORIENTED_EDGE('',*,*,#1172,.T.);
#1579=ORIENTED_EDGE('',*,*,#1021,.F.);
#1580=ORIENTED_EDGE('',*,*,#1176,.F.);
#1581=ORIENTED_EDGE('',*,*,#1177,.F.);
#1582=ORIENTED_EDGE('',*,*,#1178,.F.);
#1583=ORIENTED_EDGE('',*,*,#1023,.F.);
#1584=ORIENTED_EDGE('',*,*,#1179,.T.);
#1585=ORIENTED_EDGE('',*,*,#1180,.F.);
#1586=ORIENTED_EDGE('',*,*,#1181,.F.);
#1587=ORIENTED_EDGE('',*,*,#1176,.T.);
#1588=ORIENTED_EDGE('',*,*,#1020,.T.);
#1589=ORIENTED_EDGE('',*,*,#1182,.T.);
#1590=ORIENTED_EDGE('',*,*,#1183,.T.);
#1591=ORIENTED_EDGE('',*,*,#1181,.T.);
#1592=ORIENTED_EDGE('',*,*,#1184,.T.);
#1593=ORIENTED_EDGE('',*,*,#1185,.T.);
#1594=ORIENTED_EDGE('',*,*,#1024,.T.);
#1595=ORIENTED_EDGE('',*,*,#1186,.T.);
#1596=ORIENTED_EDGE('',*,*,#1177,.T.);
#1597=ORIENTED_EDGE('',*,*,#1183,.F.);
#1598=ORIENTED_EDGE('',*,*,#1187,.F.);
#1599=ORIENTED_EDGE('',*,*,#1188,.T.);
#1600=ORIENTED_EDGE('',*,*,#1189,.T.);
#1601=ORIENTED_EDGE('',*,*,#1030,.F.);
#1602=ORIENTED_EDGE('',*,*,#1092,.T.);
#1603=ORIENTED_EDGE('',*,*,#1190,.F.);
#1604=ORIENTED_EDGE('',*,*,#1128,.F.);
#1605=ORIENTED_EDGE('',*,*,#1191,.T.);
#1606=ORIENTED_EDGE('',*,*,#1192,.T.);
#1607=ORIENTED_EDGE('',*,*,#1187,.T.);
#1608=ORIENTED_EDGE('',*,*,#1182,.F.);
#1609=ORIENTED_EDGE('',*,*,#1019,.T.);
#1610=ORIENTED_EDGE('',*,*,#1193,.T.);
#1611=ORIENTED_EDGE('',*,*,#1170,.T.);
#1612=ORIENTED_EDGE('',*,*,#1194,.T.);
#1613=ORIENTED_EDGE('',*,*,#1195,.F.);
#1614=ORIENTED_EDGE('',*,*,#1184,.F.);
#1615=ORIENTED_EDGE('',*,*,#1180,.T.);
#1616=ORIENTED_EDGE('',*,*,#1196,.F.);
#1617=ORIENTED_EDGE('',*,*,#1197,.F.);
#1618=ORIENTED_EDGE('',*,*,#1198,.F.);
#1619=ORIENTED_EDGE('',*,*,#1193,.F.);
#1620=ORIENTED_EDGE('',*,*,#1018,.F.);
#1621=ORIENTED_EDGE('',*,*,#980,.T.);
#1622=ORIENTED_EDGE('',*,*,#977,.T.);
#1623=ORIENTED_EDGE('',*,*,#1004,.T.);
#1624=ORIENTED_EDGE('',*,*,#1129,.T.);
#1625=ORIENTED_EDGE('',*,*,#1190,.T.);
#1626=ORIENTED_EDGE('',*,*,#1199,.T.);
#1627=ORIENTED_EDGE('',*,*,#1196,.T.);
#1628=ORIENTED_EDGE('',*,*,#1179,.F.);
#1629=ORIENTED_EDGE('',*,*,#1022,.F.);
#1630=ORIENTED_EDGE('',*,*,#1178,.T.);
#1631=ORIENTED_EDGE('',*,*,#1186,.F.);
#1632=ORIENTED_EDGE('',*,*,#1200,.T.);
#1633=ORIENTED_EDGE('',*,*,#1026,.F.);
#1634=ORIENTED_EDGE('',*,*,#1201,.F.);
#1635=ORIENTED_EDGE('',*,*,#1202,.T.);
#1636=ORIENTED_EDGE('',*,*,#1090,.T.);
#1637=ORIENTED_EDGE('',*,*,#1066,.F.);
#1638=ORIENTED_EDGE('',*,*,#1203,.T.);
#1639=ORIENTED_EDGE('',*,*,#1204,.F.);
#1640=ORIENTED_EDGE('',*,*,#1205,.F.);
#1641=ORIENTED_EDGE('',*,*,#1077,.F.);
#1642=ORIENTED_EDGE('',*,*,#1173,.T.);
#1643=ORIENTED_EDGE('',*,*,#1175,.F.);
#1644=ORIENTED_EDGE('',*,*,#1195,.T.);
#1645=ORIENTED_EDGE('',*,*,#1206,.T.);
#1646=ORIENTED_EDGE('',*,*,#1071,.F.);
#1647=ORIENTED_EDGE('',*,*,#1207,.F.);
#1648=ORIENTED_EDGE('',*,*,#1208,.F.);
#1649=ORIENTED_EDGE('',*,*,#1201,.T.);
#1650=ORIENTED_EDGE('',*,*,#1025,.T.);
#1651=ORIENTED_EDGE('',*,*,#1185,.F.);
#1652=ORIENTED_EDGE('',*,*,#1169,.T.);
#1653=ORIENTED_EDGE('',*,*,#1072,.F.);
#1654=ORIENTED_EDGE('',*,*,#1206,.F.);
#1655=ORIENTED_EDGE('',*,*,#1194,.F.);
#1656=ORIENTED_EDGE('',*,*,#1205,.T.);
#1657=ORIENTED_EDGE('',*,*,#1191,.F.);
#1658=ORIENTED_EDGE('',*,*,#1127,.F.);
#1659=ORIENTED_EDGE('',*,*,#1078,.F.);
#1660=ORIENTED_EDGE('',*,*,#1198,.T.);
#1661=ORIENTED_EDGE('',*,*,#1209,.F.);
#1662=ORIENTED_EDGE('',*,*,#1174,.T.);
#1663=ORIENTED_EDGE('',*,*,#1166,.F.);
#1664=ORIENTED_EDGE('',*,*,#1074,.T.);
#1665=ORIENTED_EDGE('',*,*,#1171,.T.);
#1666=ORIENTED_EDGE('',*,*,#1207,.T.);
#1667=ORIENTED_EDGE('',*,*,#1070,.F.);
#1668=ORIENTED_EDGE('',*,*,#1210,.T.);
#1669=ORIENTED_EDGE('',*,*,#1211,.F.);
#1670=ORIENTED_EDGE('',*,*,#1204,.T.);
#1671=ORIENTED_EDGE('',*,*,#1212,.T.);
#1672=ORIENTED_EDGE('',*,*,#1188,.F.);
#1673=ORIENTED_EDGE('',*,*,#1091,.T.);
#1674=ORIENTED_EDGE('',*,*,#1159,.T.);
#1675=ORIENTED_EDGE('',*,*,#1163,.F.);
#1676=ORIENTED_EDGE('',*,*,#1156,.T.);
#1677=ORIENTED_EDGE('',*,*,#1164,.F.);
#1678=ORIENTED_EDGE('',*,*,#1211,.T.);
#1679=ORIENTED_EDGE('',*,*,#1213,.T.);
#1680=ORIENTED_EDGE('',*,*,#1202,.F.);
#1681=ORIENTED_EDGE('',*,*,#1208,.T.);
#1682=ORIENTED_EDGE('',*,*,#1153,.T.);
#1683=ORIENTED_EDGE('',*,*,#1027,.F.);
#1684=ORIENTED_EDGE('',*,*,#1200,.F.);
#1685=ORIENTED_EDGE('',*,*,#1213,.F.);
#1686=ORIENTED_EDGE('',*,*,#1210,.F.);
#1687=ORIENTED_EDGE('',*,*,#1069,.F.);
#1688=ORIENTED_EDGE('',*,*,#1162,.T.);
#1689=ORIENTED_EDGE('',*,*,#1214,.T.);
#1690=ORIENTED_EDGE('',*,*,#1165,.F.);
#1691=ORIENTED_EDGE('',*,*,#1154,.F.);
#1692=ORIENTED_EDGE('',*,*,#1214,.F.);
#1693=ORIENTED_EDGE('',*,*,#1161,.F.);
#1694=ORIENTED_EDGE('',*,*,#1192,.F.);
#1695=ORIENTED_EDGE('',*,*,#1209,.T.);
#1696=ORIENTED_EDGE('',*,*,#1197,.T.);
#1697=ORIENTED_EDGE('',*,*,#1199,.F.);
#1698=ORIENTED_EDGE('',*,*,#1013,.T.);
#1699=ORIENTED_EDGE('',*,*,#1215,.T.);
#1700=ORIENTED_EDGE('',*,*,#1111,.F.);
#1701=ORIENTED_EDGE('',*,*,#1216,.F.);
#1702=ORIENTED_EDGE('',*,*,#1216,.T.);
#1703=ORIENTED_EDGE('',*,*,#1110,.F.);
#1704=ORIENTED_EDGE('',*,*,#1032,.F.);
#1705=ORIENTED_EDGE('',*,*,#1014,.T.);
#1706=ORIENTED_EDGE('',*,*,#1010,.F.);
#1707=ORIENTED_EDGE('',*,*,#1017,.F.);
#1708=ORIENTED_EDGE('',*,*,#1217,.F.);
#1709=ORIENTED_EDGE('',*,*,#1064,.F.);
#1710=ORIENTED_EDGE('',*,*,#1012,.T.);
#1711=ORIENTED_EDGE('',*,*,#1063,.F.);
#1712=ORIENTED_EDGE('',*,*,#1112,.F.);
#1713=ORIENTED_EDGE('',*,*,#1215,.F.);
#1714=ORIENTED_EDGE('',*,*,#1140,.F.);
#1715=ORIENTED_EDGE('',*,*,#1218,.T.);
#1716=ORIENTED_EDGE('',*,*,#1047,.T.);
#1717=ORIENTED_EDGE('',*,*,#1218,.F.);
#1718=ORIENTED_EDGE('',*,*,#1145,.F.);
#1719=ORIENTED_EDGE('',*,*,#1219,.T.);
#1720=ORIENTED_EDGE('',*,*,#1039,.T.);
#1721=ORIENTED_EDGE('',*,*,#1219,.F.);
#1722=ORIENTED_EDGE('',*,*,#1150,.F.);
#1723=ORIENTED_EDGE('',*,*,#1220,.T.);
#1724=ORIENTED_EDGE('',*,*,#1043,.T.);
#1725=ORIENTED_EDGE('',*,*,#1220,.F.);
#1726=ORIENTED_EDGE('',*,*,#1008,.T.);
#1727=ORIENTED_EDGE('',*,*,#1031,.F.);
#1728=ORIENTED_EDGE('',*,*,#1189,.F.);
#1729=ORIENTED_EDGE('',*,*,#1212,.F.);
#1730=ORIENTED_EDGE('',*,*,#1203,.F.);
#1731=ORIENTED_EDGE('',*,*,#1065,.F.);
#1732=ORIENTED_EDGE('',*,*,#1217,.T.);
#1733=ORIENTED_EDGE('',*,*,#1016,.T.);
#1734=ORIENTED_EDGE('',*,*,#1131,.F.);
#1735=ORIENTED_EDGE('',*,*,#1221,.T.);
#1736=ORIENTED_EDGE('',*,*,#1222,.T.);
#1737=ORIENTED_EDGE('',*,*,#1221,.F.);
#1738=ORIENTED_EDGE('',*,*,#1222,.F.);
#1739=ORIENTED_EDGE('',*,*,#1132,.F.);
#1740=ORIENTED_EDGE('',*,*,#1223,.T.);
#1741=ORIENTED_EDGE('',*,*,#1224,.T.);
#1742=ORIENTED_EDGE('',*,*,#1223,.F.);
#1743=ORIENTED_EDGE('',*,*,#1224,.F.);
#1744=ORIENTED_EDGE('',*,*,#1225,.F.);
#1745=ORIENTED_EDGE('',*,*,#1226,.T.);
#1746=ORIENTED_EDGE('',*,*,#1227,.F.);
#1747=ORIENTED_EDGE('',*,*,#1228,.T.);
#1748=ORIENTED_EDGE('',*,*,#1225,.T.);
#1749=ORIENTED_EDGE('',*,*,#1228,.F.);
#1750=ORIENTED_EDGE('',*,*,#1226,.F.);
#1751=ORIENTED_EDGE('',*,*,#1229,.T.);
#1752=ORIENTED_EDGE('',*,*,#1040,.F.);
#1753=ORIENTED_EDGE('',*,*,#1229,.F.);
#1754=ORIENTED_EDGE('',*,*,#1230,.F.);
#1755=ORIENTED_EDGE('',*,*,#1231,.T.);
#1756=ORIENTED_EDGE('',*,*,#1232,.F.);
#1757=ORIENTED_EDGE('',*,*,#1233,.T.);
#1758=ORIENTED_EDGE('',*,*,#1230,.T.);
#1759=ORIENTED_EDGE('',*,*,#1233,.F.);
#1760=ORIENTED_EDGE('',*,*,#1231,.F.);
#1761=ORIENTED_EDGE('',*,*,#1234,.T.);
#1762=ORIENTED_EDGE('',*,*,#1044,.F.);
#1763=ORIENTED_EDGE('',*,*,#1234,.F.);
#1764=ORIENTED_EDGE('',*,*,#1235,.F.);
#1765=ORIENTED_EDGE('',*,*,#1236,.T.);
#1766=ORIENTED_EDGE('',*,*,#1237,.F.);
#1767=ORIENTED_EDGE('',*,*,#1238,.T.);
#1768=ORIENTED_EDGE('',*,*,#1235,.T.);
#1769=ORIENTED_EDGE('',*,*,#1238,.F.);
#1770=ORIENTED_EDGE('',*,*,#1236,.F.);
#1771=ORIENTED_EDGE('',*,*,#1239,.T.);
#1772=ORIENTED_EDGE('',*,*,#1048,.F.);
#1773=ORIENTED_EDGE('',*,*,#1239,.F.);
#1774=ORIENTED_EDGE('',*,*,#1106,.F.);
#1775=ORIENTED_EDGE('',*,*,#1135,.F.);
#1776=ORIENTED_EDGE('',*,*,#1240,.T.);
#1777=ORIENTED_EDGE('',*,*,#1115,.F.);
#1778=ORIENTED_EDGE('',*,*,#1101,.F.);
#1779=ORIENTED_EDGE('',*,*,#1241,.F.);
#1780=ORIENTED_EDGE('',*,*,#1125,.F.);
#1781=ORIENTED_EDGE('',*,*,#1117,.F.);
#1782=ORIENTED_EDGE('',*,*,#1242,.T.);
#1783=ORIENTED_EDGE('',*,*,#1133,.F.);
#1784=ORIENTED_EDGE('',*,*,#1242,.F.);
#1785=ORIENTED_EDGE('',*,*,#1116,.F.);
#1786=ORIENTED_EDGE('',*,*,#1240,.F.);
#1787=ORIENTED_EDGE('',*,*,#1134,.F.);
#1788=ORIENTED_EDGE('',*,*,#1107,.F.);
#1789=ORIENTED_EDGE('',*,*,#1241,.T.);
#1790=ORIENTED_EDGE('',*,*,#1100,.F.);
#1791=ORIENTED_EDGE('',*,*,#1103,.F.);
#1792=ORIENTED_EDGE('',*,*,#1227,.T.);
#1793=ORIENTED_EDGE('',*,*,#1232,.T.);
#1794=ORIENTED_EDGE('',*,*,#1237,.T.);
#1795=PLANE('',#1991);
#1796=PLANE('',#1995);
#1797=PLANE('',#1996);
#1798=PLANE('',#1999);
#1799=PLANE('',#2000);
#1800=PLANE('',#2001);
#1801=PLANE('',#2002);
#1802=PLANE('',#2004);
#1803=PLANE('',#2005);
#1804=PLANE('',#2008);
#1805=PLANE('',#2009);
#1806=PLANE('',#2010);
#1807=PLANE('',#2011);
#1808=PLANE('',#2015);
#1809=PLANE('',#2020);
#1810=PLANE('',#2025);
#1811=PLANE('',#2027);
#1812=PLANE('',#2028);
#1813=PLANE('',#2029);
#1814=PLANE('',#2030);
#1815=PLANE('',#2031);
#1816=PLANE('',#2032);
#1817=PLANE('',#2033);
#1818=PLANE('',#2040);
#1819=PLANE('',#2053);
#1820=PLANE('',#2055);
#1821=PLANE('',#2058);
#1822=PLANE('',#2060);
#1823=PLANE('',#2064);
#1824=PLANE('',#2084);
#1825=PLANE('',#2087);
#1826=PLANE('',#2092);
#1827=PLANE('',#2093);
#1828=PLANE('',#2094);
#1829=PLANE('',#2095);
#1830=PLANE('',#2096);
#1831=PLANE('',#2097);
#1832=PLANE('',#2098);
#1833=PLANE('',#2099);
#1834=PLANE('',#2100);
#1835=PLANE('',#2101);
#1836=PLANE('',#2102);
#1837=PLANE('',#2103);
#1838=PLANE('',#2104);
#1839=PLANE('',#2105);
#1840=PLANE('',#2106);
#1841=PLANE('',#2107);
#1842=PLANE('',#2108);
#1843=PLANE('',#2109);
#1844=PLANE('',#2110);
#1845=PLANE('',#2111);
#1846=PLANE('',#2112);
#1847=PLANE('',#2113);
#1848=PLANE('',#2114);
#1849=PLANE('',#2115);
#1850=PLANE('',#2116);
#1851=PLANE('',#2117);
#1852=PLANE('',#2118);
#1853=PLANE('',#2119);
#1854=PLANE('',#2120);
#1855=PLANE('',#2121);
#1856=PLANE('',#2122);
#1857=PLANE('',#2123);
#1858=PLANE('',#2127);
#1859=PLANE('',#2130);
#1860=PLANE('',#2133);
#1861=PLANE('',#2134);
#1862=PLANE('',#2140);
#1863=PLANE('',#2146);
#1864=PLANE('',#2152);
#1865=PLANE('',#2153);
#1866=PLANE('',#2154);
#1867=PLANE('',#2155);
#1868=ADVANCED_FACE('',(#129,#63,#64,#65),#1795,.T.);
#1869=ADVANCED_FACE('',(#130),#1796,.T.);
#1870=ADVANCED_FACE('',(#131),#1797,.T.);
#1871=ADVANCED_FACE('',(#132),#59,.F.);
#1872=ADVANCED_FACE('',(#133),#1798,.T.);
#1873=ADVANCED_FACE('',(#134),#1799,.T.);
#1874=ADVANCED_FACE('',(#135),#1800,.T.);
#1875=ADVANCED_FACE('',(#136),#1801,.T.);
#1876=ADVANCED_FACE('',(#137),#1802,.T.);
#1877=ADVANCED_FACE('',(#138),#1803,.T.);
#1878=ADVANCED_FACE('',(#139),#1804,.T.);
#1879=ADVANCED_FACE('',(#140),#1805,.F.);
#1880=ADVANCED_FACE('',(#141),#1806,.F.);
#1881=ADVANCED_FACE('',(#142),#1807,.T.);
#1882=ADVANCED_FACE('',(#143),#26,.T.);
#1883=ADVANCED_FACE('',(#144,#66),#1808,.T.);
#1884=ADVANCED_FACE('',(#145),#27,.T.);
#1885=ADVANCED_FACE('',(#146,#67),#1809,.F.);
#1886=ADVANCED_FACE('',(#147),#28,.T.);
#1887=ADVANCED_FACE('',(#148,#68),#1810,.T.);
#1888=ADVANCED_FACE('',(#149),#1811,.T.);
#1889=ADVANCED_FACE('',(#150),#1812,.T.);
#1890=ADVANCED_FACE('',(#151),#1813,.T.);
#1891=ADVANCED_FACE('',(#152),#1814,.T.);
#1892=ADVANCED_FACE('',(#153),#1815,.T.);
#1893=ADVANCED_FACE('',(#154),#1816,.T.);
#1894=ADVANCED_FACE('',(#155),#1817,.T.);
#1895=ADVANCED_FACE('',(#156),#29,.F.);
#1896=ADVANCED_FACE('',(#157),#30,.F.);
#1897=ADVANCED_FACE('',(#158),#1818,.F.);
#1898=ADVANCED_FACE('',(#159),#22,.F.);
#1899=ADVANCED_FACE('',(#160),#23,.F.);
#1900=ADVANCED_FACE('',(#161),#31,.T.);
#1901=ADVANCED_FACE('',(#162),#32,.T.);
#1902=ADVANCED_FACE('',(#163),#33,.T.);
#1903=ADVANCED_FACE('',(#164),#34,.T.);
#1904=ADVANCED_FACE('',(#165),#1819,.T.);
#1905=ADVANCED_FACE('',(#166),#35,.T.);
#1906=ADVANCED_FACE('',(#167),#1820,.T.);
#1907=ADVANCED_FACE('',(#168),#36,.T.);
#1908=ADVANCED_FACE('',(#169),#1821,.F.);
#1909=ADVANCED_FACE('',(#170,#69,#70),#1822,.T.);
#1910=ADVANCED_FACE('',(#171),#37,.T.);
#1911=ADVANCED_FACE('',(#172),#1823,.T.);
#1912=ADVANCED_FACE('',(#173),#19,.F.);
#1913=ADVANCED_FACE('',(#174),#38,.T.);
#1914=ADVANCED_FACE('',(#175),#20,.F.);
#1915=ADVANCED_FACE('',(#176),#39,.T.);
#1916=ADVANCED_FACE('',(#177),#21,.F.);
#1917=ADVANCED_FACE('',(#178),#40,.T.);
#1918=ADVANCED_FACE('',(#179),#41,.F.);
#1919=ADVANCED_FACE('',(#180),#1824,.F.);
#1920=ADVANCED_FACE('',(#181),#1825,.F.);
#1921=ADVANCED_FACE('',(#182),#42,.T.);
#1922=ADVANCED_FACE('',(#183),#43,.T.);
#1923=ADVANCED_FACE('',(#184),#1826,.T.);
#1924=ADVANCED_FACE('',(#185),#1827,.T.);
#1925=ADVANCED_FACE('',(#186),#1828,.F.);
#1926=ADVANCED_FACE('',(#187),#1829,.F.);
#1927=ADVANCED_FACE('',(#188),#1830,.T.);
#1928=ADVANCED_FACE('',(#189),#1831,.T.);
#1929=ADVANCED_FACE('',(#190),#1832,.T.);
#1930=ADVANCED_FACE('',(#191),#1833,.T.);
#1931=ADVANCED_FACE('',(#192),#1834,.F.);
#1932=ADVANCED_FACE('',(#193),#1835,.F.);
#1933=ADVANCED_FACE('',(#194),#1836,.F.);
#1934=ADVANCED_FACE('',(#195),#1837,.T.);
#1935=ADVANCED_FACE('',(#196),#1838,.F.);
#1936=ADVANCED_FACE('',(#197),#1839,.F.);
#1937=ADVANCED_FACE('',(#198),#1840,.F.);
#1938=ADVANCED_FACE('',(#199),#1841,.F.);
#1939=ADVANCED_FACE('',(#200),#1842,.F.);
#1940=ADVANCED_FACE('',(#201),#1843,.F.);
#1941=ADVANCED_FACE('',(#202),#1844,.F.);
#1942=ADVANCED_FACE('',(#203),#1845,.F.);
#1943=ADVANCED_FACE('',(#204),#1846,.F.);
#1944=ADVANCED_FACE('',(#205),#1847,.F.);
#1945=ADVANCED_FACE('',(#206),#1848,.F.);
#1946=ADVANCED_FACE('',(#207),#1849,.F.);
#1947=ADVANCED_FACE('',(#208),#1850,.F.);
#1948=ADVANCED_FACE('',(#209),#1851,.F.);
#1949=ADVANCED_FACE('',(#210),#1852,.F.);
#1950=ADVANCED_FACE('',(#211),#1853,.F.);
#1951=ADVANCED_FACE('',(#212),#1854,.F.);
#1952=ADVANCED_FACE('',(#213),#1855,.F.);
#1953=ADVANCED_FACE('',(#214),#1856,.F.);
#1954=ADVANCED_FACE('',(#215),#1857,.F.);
#1955=ADVANCED_FACE('',(#216),#60,.T.);
#1956=ADVANCED_FACE('',(#217),#61,.T.);
#1957=ADVANCED_FACE('',(#218),#62,.T.);
#1958=ADVANCED_FACE('',(#219),#1858,.F.);
#1959=ADVANCED_FACE('',(#220),#44,.F.);
#1960=ADVANCED_FACE('',(#221),#1859,.T.);
#1961=ADVANCED_FACE('',(#222),#45,.F.);
#1962=ADVANCED_FACE('',(#223),#1860,.T.);
#1963=ADVANCED_FACE('',(#224,#71),#1861,.F.);
#1964=ADVANCED_FACE('',(#225),#46,.F.);
#1965=ADVANCED_FACE('',(#226),#47,.F.);
#1966=ADVANCED_FACE('',(#227,#72),#1862,.F.);
#1967=ADVANCED_FACE('',(#228),#48,.F.);
#1968=ADVANCED_FACE('',(#229),#49,.F.);
#1969=ADVANCED_FACE('',(#230,#73),#1863,.F.);
#1970=ADVANCED_FACE('',(#231),#50,.F.);
#1971=ADVANCED_FACE('',(#232),#51,.F.);
#1972=ADVANCED_FACE('',(#233),#1864,.F.);
#1973=ADVANCED_FACE('',(#234),#1865,.F.);
#1974=ADVANCED_FACE('',(#235),#1866,.F.);
#1975=ADVANCED_FACE('',(#236,#74,#75,#76),#1867,.F.);
#1976=CLOSED_SHELL('',(#1868,#1869,#1870,#1871,#1872,#1873,#1874,#1875,
#1876,#1877,#1878,#1879,#1880,#1881,#1882,#1883,#1884,#1885,#1886,#1887,
#1888,#1889,#1890,#1891,#1892,#1893,#1894,#1895,#1896,#1897,#1898,#1899,
#1900,#1901,#1902,#1903,#1904,#1905,#1906,#1907,#1908,#1909,#1910,#1911,
#1912,#1913,#1914,#1915,#1916,#1917,#1918,#1919,#1920,#1921,#1922,#1923,
#1924,#1925,#1926,#1927,#1928,#1929,#1930,#1931,#1932,#1933,#1934,#1935,
#1936,#1937,#1938,#1939,#1940,#1941,#1942,#1943,#1944,#1945,#1946,#1947,
#1948,#1949,#1950,#1951,#1952,#1953,#1954,#1955,#1956,#1957,#1958,#1959,
#1960,#1961,#1962,#1963,#1964,#1965,#1966,#1967,#1968,#1969,#1970,#1971,
#1972,#1973,#1974,#1975));
#1977=DERIVED_UNIT_ELEMENT(#1979,1.);
#1978=DERIVED_UNIT_ELEMENT(#3358,-3.);
#1979=(
MASS_UNIT()
NAMED_UNIT(*)
SI_UNIT(.KILO.,.GRAM.)
);
#1980=DERIVED_UNIT((#1977,#1978));
#1981=MEASURE_REPRESENTATION_ITEM('density measure',
POSITIVE_RATIO_MEASURE(552.),#1980);
#1982=PROPERTY_DEFINITION_REPRESENTATION(#1987,#1984);
#1983=PROPERTY_DEFINITION_REPRESENTATION(#1988,#1985);
#1984=REPRESENTATION('material name',(#1986),#3353);
#1985=REPRESENTATION('density',(#1981),#3353);
#1986=DESCRIPTIVE_REPRESENTATION_ITEM('Plywood, Finish',
'Plywood, Finish');
#1987=PROPERTY_DEFINITION('material property','material name',#3371);
#1988=PROPERTY_DEFINITION('material property','density of part',#3371);
#1989=AXIS2_PLACEMENT_3D('',#2708,#2157,#2158);
#1990=AXIS2_PLACEMENT_3D('',#2709,#2159,#2160);
#1991=AXIS2_PLACEMENT_3D('',#2710,#2161,#2162);
#1992=AXIS2_PLACEMENT_3D('',#2720,#2167,#2168);
#1993=AXIS2_PLACEMENT_3D('',#2722,#2169,#2170);
#1994=AXIS2_PLACEMENT_3D('',#2724,#2171,#2172);
#1995=AXIS2_PLACEMENT_3D('',#2725,#2173,#2174);
#1996=AXIS2_PLACEMENT_3D('',#2736,#2180,#2181);
#1997=AXIS2_PLACEMENT_3D('',#2742,#2185,#2186);
#1998=AXIS2_PLACEMENT_3D('',#2745,#2188,#2189);
#1999=AXIS2_PLACEMENT_3D('',#2746,#2190,#2191);
#2000=AXIS2_PLACEMENT_3D('',#2755,#2196,#2197);
#2001=AXIS2_PLACEMENT_3D('',#2761,#2201,#2202);
#2002=AXIS2_PLACEMENT_3D('',#2767,#2206,#2207);
#2003=AXIS2_PLACEMENT_3D('',#2770,#2208,#2209);
#2004=AXIS2_PLACEMENT_3D('',#2775,#2213,#2214);
#2005=AXIS2_PLACEMENT_3D('',#2779,#2217,#2218);
#2006=AXIS2_PLACEMENT_3D('',#2781,#2219,#2220);
#2007=AXIS2_PLACEMENT_3D('',#2785,#2222,#2223);
#2008=AXIS2_PLACEMENT_3D('',#2789,#2226,#2227);
#2009=AXIS2_PLACEMENT_3D('',#2798,#2232,#2233);
#2010=AXIS2_PLACEMENT_3D('',#2812,#2241,#2242);
#2011=AXIS2_PLACEMENT_3D('',#2816,#2245,#2246);
#2012=AXIS2_PLACEMENT_3D('',#2852,#2266,#2267);
#2013=AXIS2_PLACEMENT_3D('',#2854,#2268,#2269);
#2014=AXIS2_PLACEMENT_3D('',#2857,#2271,#2272);
#2015=AXIS2_PLACEMENT_3D('',#2858,#2273,#2274);
#2016=AXIS2_PLACEMENT_3D('',#2860,#2275,#2276);
#2017=AXIS2_PLACEMENT_3D('',#2861,#2277,#2278);
#2018=AXIS2_PLACEMENT_3D('',#2863,#2279,#2280);
#2019=AXIS2_PLACEMENT_3D('',#2866,#2282,#2283);
#2020=AXIS2_PLACEMENT_3D('',#2867,#2284,#2285);
#2021=AXIS2_PLACEMENT_3D('',#2869,#2286,#2287);
#2022=AXIS2_PLACEMENT_3D('',#2870,#2288,#2289);
#2023=AXIS2_PLACEMENT_3D('',#2872,#2290,#2291);
#2024=AXIS2_PLACEMENT_3D('',#2875,#2293,#2294);
#2025=AXIS2_PLACEMENT_3D('',#2876,#2295,#2296);
#2026=AXIS2_PLACEMENT_3D('',#2878,#2297,#2298);
#2027=AXIS2_PLACEMENT_3D('',#2879,#2299,#2300);
#2028=AXIS2_PLACEMENT_3D('',#2881,#2302,#2303);
#2029=AXIS2_PLACEMENT_3D('',#2883,#2305,#2306);
#2030=AXIS2_PLACEMENT_3D('',#2892,#2311,#2312);
#2031=AXIS2_PLACEMENT_3D('',#2901,#2317,#2318);
#2032=AXIS2_PLACEMENT_3D('',#2904,#2321,#2322);
#2033=AXIS2_PLACEMENT_3D('',#2906,#2324,#2325);
#2034=AXIS2_PLACEMENT_3D('',#2943,#2344,#2345);
#2035=AXIS2_PLACEMENT_3D('',#2947,#2347,#2348);
#2036=AXIS2_PLACEMENT_3D('',#2949,#2350,#2351);
#2037=AXIS2_PLACEMENT_3D('',#2951,#2352,#2353);
#2038=AXIS2_PLACEMENT_3D('',#2953,#2354,#2355);
#2039=AXIS2_PLACEMENT_3D('',#2955,#2357,#2358);
#2040=AXIS2_PLACEMENT_3D('',#2968,#2360,#2361);
#2041=AXIS2_PLACEMENT_3D('',#3008,#2367,#2368);
#2042=AXIS2_PLACEMENT_3D('',#3010,#2369,#2370);
#2043=AXIS2_PLACEMENT_3D('',#3011,#2371,#2372);
#2044=AXIS2_PLACEMENT_3D('',#3044,#2373,#2374);
#2045=AXIS2_PLACEMENT_3D('',#3046,#2375,#2376);
#2046=AXIS2_PLACEMENT_3D('',#3047,#2377,#2378);
#2047=AXIS2_PLACEMENT_3D('',#3048,#2379,#2380);
#2048=AXIS2_PLACEMENT_3D('',#3052,#2382,#2383);
#2049=AXIS2_PLACEMENT_3D('',#3054,#2385,#2386);
#2050=AXIS2_PLACEMENT_3D('',#3057,#2389,#2390);
#2051=AXIS2_PLACEMENT_3D('',#3061,#2392,#2393);
#2052=AXIS2_PLACEMENT_3D('',#3063,#2395,#2396);
#2053=AXIS2_PLACEMENT_3D('',#3066,#2399,#2400);
#2054=AXIS2_PLACEMENT_3D('',#3073,#2405,#2406);
#2055=AXIS2_PLACEMENT_3D('',#3075,#2408,#2409);
#2056=AXIS2_PLACEMENT_3D('',#3085,#2415,#2416);
#2057=AXIS2_PLACEMENT_3D('',#3089,#2418,#2419);
#2058=AXIS2_PLACEMENT_3D('',#3091,#2421,#2422);
#2059=AXIS2_PLACEMENT_3D('',#3094,#2424,#2425);
#2060=AXIS2_PLACEMENT_3D('',#3098,#2428,#2429);
#2061=AXIS2_PLACEMENT_3D('',#3106,#2434,#2435);
#2062=AXIS2_PLACEMENT_3D('',#3108,#2436,#2437);
#2063=AXIS2_PLACEMENT_3D('',#3109,#2438,#2439);
#2064=AXIS2_PLACEMENT_3D('',#3110,#2440,#2441);
#2065=AXIS2_PLACEMENT_3D('',#3116,#2445,#2446);
#2066=AXIS2_PLACEMENT_3D('',#3119,#2447,#2448);
#2067=AXIS2_PLACEMENT_3D('',#3120,#2449,#2450);
#2068=AXIS2_PLACEMENT_3D('',#3121,#2451,#2452);
#2069=AXIS2_PLACEMENT_3D('',#3122,#2453,#2454);
#2070=AXIS2_PLACEMENT_3D('',#3125,#2456,#2457);
#2071=AXIS2_PLACEMENT_3D('',#3126,#2458,#2459);
#2072=AXIS2_PLACEMENT_3D('',#3129,#2460,#2461);
#2073=AXIS2_PLACEMENT_3D('',#3130,#2462,#2463);
#2074=AXIS2_PLACEMENT_3D('',#3131,#2464,#2465);
#2075=AXIS2_PLACEMENT_3D('',#3132,#2466,#2467);
#2076=AXIS2_PLACEMENT_3D('',#3135,#2469,#2470);
#2077=AXIS2_PLACEMENT_3D('',#3136,#2471,#2472);
#2078=AXIS2_PLACEMENT_3D('',#3139,#2473,#2474);
#2079=AXIS2_PLACEMENT_3D('',#3140,#2475,#2476);
#2080=AXIS2_PLACEMENT_3D('',#3141,#2477,#2478);
#2081=AXIS2_PLACEMENT_3D('',#3142,#2479,#2480);
#2082=AXIS2_PLACEMENT_3D('',#3145,#2482,#2483);
#2083=AXIS2_PLACEMENT_3D('',#3146,#2484,#2485);
#2084=AXIS2_PLACEMENT_3D('',#3159,#2487,#2488);
#2085=AXIS2_PLACEMENT_3D('',#3165,#2491,#2492);
#2086=AXIS2_PLACEMENT_3D('',#3168,#2494,#2495);
#2087=AXIS2_PLACEMENT_3D('',#3169,#2496,#2497);
#2088=AXIS2_PLACEMENT_3D('',#3171,#2498,#2499);
#2089=AXIS2_PLACEMENT_3D('',#3175,#2501,#2502);
#2090=AXIS2_PLACEMENT_3D('',#3179,#2505,#2506);
#2091=AXIS2_PLACEMENT_3D('',#3181,#2508,#2509);
#2092=AXIS2_PLACEMENT_3D('',#3184,#2512,#2513);
#2093=AXIS2_PLACEMENT_3D('',#3190,#2517,#2518);
#2094=AXIS2_PLACEMENT_3D('',#3196,#2522,#2523);
#2095=AXIS2_PLACEMENT_3D('',#3200,#2526,#2527);
#2096=AXIS2_PLACEMENT_3D('',#3204,#2530,#2531);
#2097=AXIS2_PLACEMENT_3D('',#3210,#2535,#2536);
#2098=AXIS2_PLACEMENT_3D('',#3216,#2540,#2541);
#2099=AXIS2_PLACEMENT_3D('',#3220,#2544,#2545);
#2100=AXIS2_PLACEMENT_3D('',#3224,#2548,#2549);
#2101=AXIS2_PLACEMENT_3D('',#3228,#2552,#2553);
#2102=AXIS2_PLACEMENT_3D('',#3232,#2556,#2557);
#2103=AXIS2_PLACEMENT_3D('',#3237,#2561,#2562);
#2104=AXIS2_PLACEMENT_3D('',#3239,#2564,#2565);
#2105=AXIS2_PLACEMENT_3D('',#3248,#2571,#2572);
#2106=AXIS2_PLACEMENT_3D('',#3250,#2574,#2575);
#2107=AXIS2_PLACEMENT_3D('',#3256,#2579,#2580);
#2108=AXIS2_PLACEMENT_3D('',#3260,#2583,#2584);
#2109=AXIS2_PLACEMENT_3D('',#3262,#2586,#2587);
#2110=AXIS2_PLACEMENT_3D('',#3267,#2591,#2592);
#2111=AXIS2_PLACEMENT_3D('',#3268,#2593,#2594);
#2112=AXIS2_PLACEMENT_3D('',#3269,#2595,#2596);
#2113=AXIS2_PLACEMENT_3D('',#3271,#2598,#2599);
#2114=AXIS2_PLACEMENT_3D('',#3275,#2602,#2603);
#2115=AXIS2_PLACEMENT_3D('',#3277,#2605,#2606);
#2116=AXIS2_PLACEMENT_3D('',#3278,#2607,#2608);
#2117=AXIS2_PLACEMENT_3D('',#3280,#2610,#2611);
#2118=AXIS2_PLACEMENT_3D('',#3282,#2613,#2614);
#2119=AXIS2_PLACEMENT_3D('',#3283,#2615,#2616);
#2120=AXIS2_PLACEMENT_3D('',#3284,#2617,#2618);
#2121=AXIS2_PLACEMENT_3D('',#3287,#2621,#2622);
#2122=AXIS2_PLACEMENT_3D('',#3288,#2623,#2624);
#2123=AXIS2_PLACEMENT_3D('',#3290,#2626,#2627);
#2124=AXIS2_PLACEMENT_3D('',#3291,#2628,#2629);
#2125=AXIS2_PLACEMENT_3D('',#3293,#2631,#2632);
#2126=AXIS2_PLACEMENT_3D('',#3295,#2634,#2635);
#2127=AXIS2_PLACEMENT_3D('',#3297,#2637,#2638);
#2128=AXIS2_PLACEMENT_3D('',#3298,#2639,#2640);
#2129=AXIS2_PLACEMENT_3D('',#3301,#2642,#2643);
#2130=AXIS2_PLACEMENT_3D('',#3302,#2644,#2645);
#2131=AXIS2_PLACEMENT_3D('',#3303,#2646,#2647);
#2132=AXIS2_PLACEMENT_3D('',#3306,#2649,#2650);
#2133=AXIS2_PLACEMENT_3D('',#3307,#2651,#2652);
#2134=AXIS2_PLACEMENT_3D('',#3308,#2653,#2654);
#2135=AXIS2_PLACEMENT_3D('',#3310,#2655,#2656);
#2136=AXIS2_PLACEMENT_3D('',#3312,#2657,#2658);
#2137=AXIS2_PLACEMENT_3D('',#3313,#2659,#2660);
#2138=AXIS2_PLACEMENT_3D('',#3315,#2661,#2662);
#2139=AXIS2_PLACEMENT_3D('',#3317,#2664,#2665);
#2140=AXIS2_PLACEMENT_3D('',#3319,#2667,#2668);
#2141=AXIS2_PLACEMENT_3D('',#3321,#2669,#2670);
#2142=AXIS2_PLACEMENT_3D('',#3323,#2671,#2672);
#2143=AXIS2_PLACEMENT_3D('',#3324,#2673,#2674);
#2144=AXIS2_PLACEMENT_3D('',#3326,#2675,#2676);
#2145=AXIS2_PLACEMENT_3D('',#3328,#2678,#2679);
#2146=AXIS2_PLACEMENT_3D('',#3330,#2681,#2682);
#2147=AXIS2_PLACEMENT_3D('',#3332,#2683,#2684);
#2148=AXIS2_PLACEMENT_3D('',#3334,#2685,#2686);
#2149=AXIS2_PLACEMENT_3D('',#3335,#2687,#2688);
#2150=AXIS2_PLACEMENT_3D('',#3337,#2689,#2690);
#2151=AXIS2_PLACEMENT_3D('',#3339,#2692,#2693);
#2152=AXIS2_PLACEMENT_3D('',#3341,#2695,#2696);
#2153=AXIS2_PLACEMENT_3D('',#3344,#2699,#2700);
#2154=AXIS2_PLACEMENT_3D('',#3346,#2702,#2703);
#2155=AXIS2_PLACEMENT_3D('',#3347,#2704,#2705);
#2156=AXIS2_PLACEMENT_3D('',#3348,#2706,#2707);
#2157=DIRECTION('axis',(0.,0.,1.));
#2158=DIRECTION('refdir',(1.,0.,0.));
#2159=DIRECTION('axis',(0.,0.,1.));
#2160=DIRECTION('refdir',(1.,0.,0.));
#2161=DIRECTION('center_axis',(1.30534138603713E-16,0.,-1.));
#2162=DIRECTION('ref_axis',(1.,0.,1.30534138603713E-16));
#2163=DIRECTION('',(-1.,0.,-1.30534138603713E-16));
#2164=DIRECTION('',(0.,1.,0.));
#2165=DIRECTION('',(1.,0.,1.30534138603713E-16));
#2166=DIRECTION('',(0.,-1.,0.));
#2167=DIRECTION('center_axis',(1.30534138603713E-16,0.,-1.));
#2168=DIRECTION('ref_axis',(1.,0.,1.30534138603713E-16));
#2169=DIRECTION('center_axis',(1.30534138603713E-16,0.,-1.));
#2170=DIRECTION('ref_axis',(1.,0.,1.30534138603713E-16));
#2171=DIRECTION('center_axis',(1.30534138603713E-16,0.,-1.));
#2172=DIRECTION('ref_axis',(1.,0.,1.30534138603713E-16));
#2173=DIRECTION('center_axis',(0.,0.707106781186554,-0.707106781186541));
#2174=DIRECTION('ref_axis',(1.29893408435324E-16,-0.707106781186541,-0.707106781186554));
#2175=DIRECTION('',(-0.577350269189622,0.577350269189622,0.577350269189633));
#2176=DIRECTION('',(1.29893408435324E-16,-0.707106781186541,-0.707106781186554));
#2177=DIRECTION('',(-1.,-6.12323399573677E-17,-1.22464679914735E-16));
#2178=DIRECTION('',(1.29893408435324E-16,-0.707106781186541,-0.707106781186554));
#2179=DIRECTION('',(-1.,-6.12323399573677E-17,-1.22464679914735E-16));
#2180=DIRECTION('center_axis',(2.67164618254027E-33,1.,-1.22464679914735E-16));
#2181=DIRECTION('ref_axis',(1.22464679914735E-16,-1.22464679914735E-16,
-1.));
#2182=DIRECTION('',(-1.22464679914735E-16,1.22464679914735E-16,1.));
#2183=DIRECTION('',(1.22464679914735E-16,-1.22464679914735E-16,-1.));
#2184=DIRECTION('',(-1.,-1.23259516440783E-32,-1.22464679914735E-16));
#2185=DIRECTION('center_axis',(1.22464679914735E-16,-8.36387225299515E-33,
-1.));
#2186=DIRECTION('ref_axis',(1.,1.02427893831079E-48,1.22464679914735E-16));
#2187=DIRECTION('',(0.707106781186541,0.,-0.707106781186554));
#2188=DIRECTION('center_axis',(0.,0.,-1.));
#2189=DIRECTION('ref_axis',(1.,0.,0.));
#2190=DIRECTION('center_axis',(0.70710678118656,0.,-0.707106781186535));
#2191=DIRECTION('ref_axis',(-0.707106781186535,0.,-0.70710678118656));
#2192=DIRECTION('',(-0.707106781186535,0.,-0.70710678118656));
#2193=DIRECTION('',(0.,1.,0.));
#2194=DIRECTION('',(0.707106781186535,0.,0.70710678118656));
#2195=DIRECTION('',(0.,-1.,0.));
#2196=DIRECTION('center_axis',(1.22464679914735E-16,0.,-1.));
#2197=DIRECTION('ref_axis',(-1.,0.,-1.22464679914735E-16));
#2198=DIRECTION('',(-1.,0.,-1.22464679914735E-16));
#2199=DIRECTION('',(0.,1.,0.));
#2200=DIRECTION('',(1.,1.73218263642059E-14,1.22464679914735E-16));
#2201=DIRECTION('center_axis',(0.,-1.,0.));
#2202=DIRECTION('ref_axis',(-1.,0.,-1.22464679914735E-16));
#2203=DIRECTION('',(1.22464679914735E-16,0.,-1.));
#2204=DIRECTION('',(-1.,0.,-1.22464679914735E-16));
#2205=DIRECTION('',(1.22464679914735E-16,0.,-1.));
#2206=DIRECTION('center_axis',(-0.707106781186554,0.,-0.707106781186541));
#2207=DIRECTION('ref_axis',(-0.707106781186541,0.,0.707106781186554));
#2208=DIRECTION('center_axis',(-0.707106781186554,0.,-0.707106781186541));
#2209=DIRECTION('ref_axis',(0.707106781186541,4.82927060372712E-17,-0.707106781186554));
#2210=DIRECTION('',(0.,-1.,0.));
#2211=DIRECTION('',(0.,1.,0.));
#2212=DIRECTION('',(0.707106781186541,0.,-0.707106781186554));
#2213=DIRECTION('center_axis',(-1.,0.,-1.22464679914735E-16));
#2214=DIRECTION('ref_axis',(0.,1.,0.));
#2215=DIRECTION('',(0.,1.,0.));
#2216=DIRECTION('',(1.22464679914735E-16,0.,-1.));
#2217=DIRECTION('center_axis',(1.22464679914735E-16,0.,-1.));
#2218=DIRECTION('ref_axis',(-1.,0.,-1.22464679914735E-16));
#2219=DIRECTION('center_axis',(-1.22464679914735E-16,0.,1.));
#2220=DIRECTION('ref_axis',(0.707106781186572,0.707106781186523,8.65956056235523E-17));
#2221=DIRECTION('',(0.,-1.,0.));
#2222=DIRECTION('center_axis',(0.,0.,-1.));
#2223=DIRECTION('ref_axis',(1.,-1.74838271594529E-14,0.));
#2224=DIRECTION('',(-1.,-6.12323399573677E-17,-1.22464679914735E-16));
#2225=DIRECTION('',(6.12323399573676E-17,-1.,1.22464679914735E-16));
#2226=DIRECTION('center_axis',(-1.,0.,-1.22464679914735E-16));
#2227=DIRECTION('ref_axis',(-1.22464679914735E-16,0.,1.));
#2228=DIRECTION('',(0.,-1.,0.));
#2229=DIRECTION('',(-1.22464679914735E-16,0.,1.));
#2230=DIRECTION('',(0.,-1.,0.));
#2231=DIRECTION('',(1.22464679914735E-16,0.,-1.));
#2232=DIRECTION('center_axis',(0.,1.,0.));
#2233=DIRECTION('ref_axis',(-1.,0.,-1.30534138603713E-16));
#2234=DIRECTION('',(-1.,0.,-1.22464679914735E-16));
#2235=DIRECTION('',(1.22464679914735E-16,0.,-1.));
#2236=DIRECTION('',(1.,0.,1.22464679914735E-16));
#2237=DIRECTION('',(1.22464679914735E-16,0.,-1.));
#2238=DIRECTION('',(-1.,0.,-1.30534138603713E-16));
#2239=DIRECTION('',(-1.22464679914735E-16,0.,1.));
#2240=DIRECTION('',(1.,0.,1.22464679914735E-16));
#2241=DIRECTION('center_axis',(-1.22464679914735E-16,0.,1.));
#2242=DIRECTION('ref_axis',(1.,0.,1.22464679914735E-16));
#2243=DIRECTION('',(1.,0.,1.22464679914735E-16));
#2244=DIRECTION('',(0.,1.,0.));
#2245=DIRECTION('center_axis',(1.22464679914735E-16,0.,-1.));
#2246=DIRECTION('ref_axis',(-1.,0.,-1.22464679914735E-16));
#2247=DIRECTION('',(0.,-1.,0.));
#2248=DIRECTION('',(-1.,0.,-1.22464679914735E-16));
#2249=DIRECTION('',(0.,-1.,0.));
#2250=DIRECTION('',(-1.,0.,-1.22464679914735E-16));
#2251=DIRECTION('',(0.,-1.,0.));
#2252=DIRECTION('',(1.,0.,1.22464679914735E-16));
#2253=DIRECTION('',(0.,-1.,0.));
#2254=DIRECTION('',(1.,0.,1.22464679914735E-16));
#2255=DIRECTION('',(0.,-1.,0.));
#2256=DIRECTION('',(-1.,0.,-1.22464679914735E-16));
#2257=DIRECTION('',(0.,-1.,0.));
#2258=DIRECTION('',(1.,0.,1.22464679914735E-16));
#2259=DIRECTION('',(0.,-1.,0.));
#2260=DIRECTION('',(-1.,0.,-1.22464679914735E-16));
#2261=DIRECTION('',(0.,-1.,0.));
#2262=DIRECTION('',(1.,0.,1.22464679914735E-16));
#2263=DIRECTION('',(0.,1.,0.));
#2264=DIRECTION('',(0.,-1.,0.));
#2265=DIRECTION('',(1.,0.,1.22464679914735E-16));
#2266=DIRECTION('center_axis',(1.22464679914735E-16,0.,-1.));
#2267=DIRECTION('ref_axis',(1.,0.,1.22464679914735E-16));
#2268=DIRECTION('center_axis',(1.22464679914735E-16,0.,-1.));
#2269=DIRECTION('ref_axis',(1.,0.,1.22464679914735E-16));
#2270=DIRECTION('',(-1.22464679914735E-16,0.,1.));
#2271=DIRECTION('center_axis',(-1.22464679914735E-16,0.,1.));
#2272=DIRECTION('ref_axis',(1.,0.,1.22464679914735E-16));
#2273=DIRECTION('center_axis',(1.22464679914735E-16,0.,-1.));
#2274=DIRECTION('ref_axis',(1.,0.,1.22464679914735E-16));
#2275=DIRECTION('center_axis',(1.22464679914735E-16,0.,-1.));
#2276=DIRECTION('ref_axis',(1.,0.,1.22464679914735E-16));
#2277=DIRECTION('center_axis',(1.22464679914735E-16,0.,-1.));
#2278=DIRECTION('ref_axis',(1.,0.,1.22464679914735E-16));
#2279=DIRECTION('center_axis',(-1.22464679914735E-16,0.,1.));
#2280=DIRECTION('ref_axis',(1.,0.,1.22464679914735E-16));
#2281=DIRECTION('',(-1.22464679914735E-16,0.,1.));
#2282=DIRECTION('center_axis',(-1.22464679914735E-16,0.,1.));
#2283=DIRECTION('ref_axis',(1.,0.,1.22464679914735E-16));
#2284=DIRECTION('center_axis',(-1.22464679914735E-16,0.,1.));
#2285=DIRECTION('ref_axis',(1.,0.,1.22464679914735E-16));
#2286=DIRECTION('center_axis',(-1.22464679914735E-16,0.,1.));
#2287=DIRECTION('ref_axis',(1.,0.,1.22464679914735E-16));
#2288=DIRECTION('center_axis',(1.22464679914735E-16,0.,-1.));
#2289=DIRECTION('ref_axis',(1.,0.,1.22464679914735E-16));
#2290=DIRECTION('center_axis',(1.22464679914735E-16,0.,-1.));
#2291=DIRECTION('ref_axis',(1.,0.,1.22464679914735E-16));
#2292=DIRECTION('',(-1.22464679914735E-16,0.,1.));
#2293=DIRECTION('center_axis',(-1.22464679914735E-16,0.,1.));
#2294=DIRECTION('ref_axis',(1.,0.,1.22464679914735E-16));
#2295=DIRECTION('center_axis',(1.22464679914735E-16,0.,-1.));
#2296=DIRECTION('ref_axis',(1.,0.,1.22464679914735E-16));
#2297=DIRECTION('center_axis',(1.22464679914735E-16,0.,-1.));
#2298=DIRECTION('ref_axis',(1.,0.,1.22464679914735E-16));
#2299=DIRECTION('center_axis',(-1.,0.,-1.22464679914735E-16));
#2300=DIRECTION('ref_axis',(0.,1.,0.));
#2301=DIRECTION('',(1.22464679914735E-16,0.,-1.));
#2302=DIRECTION('center_axis',(1.,0.,1.22464679914735E-16));
#2303=DIRECTION('ref_axis',(0.,-1.,0.));
#2304=DIRECTION('',(1.22464679914735E-16,0.,-1.));
#2305=DIRECTION('center_axis',(1.,-1.93995542894149E-15,1.22464679914735E-16));
#2306=DIRECTION('ref_axis',(-1.93995542894149E-15,-1.,-2.37576020654173E-31));
#2307=DIRECTION('',(-1.93995542894149E-15,-1.,-2.37576020654173E-31));
#2308=DIRECTION('',(-1.22464679914735E-16,0.,1.));
#2309=DIRECTION('',(-1.93995542894149E-15,-1.,-2.37576020654173E-31));
#2310=DIRECTION('',(1.22464679914735E-16,0.,-1.));
#2311=DIRECTION('center_axis',(-1.,0.,-1.22464679914735E-16));
#2312=DIRECTION('ref_axis',(0.,1.,0.));
#2313=DIRECTION('',(0.,1.,0.));
#2314=DIRECTION('',(1.22464679914735E-16,0.,-1.));
#2315=DIRECTION('',(0.,1.,0.));
#2316=DIRECTION('',(1.22464679914735E-16,0.,-1.));
#2317=DIRECTION('center_axis',(1.27155106614242E-14,-1.,1.55720094310372E-30));
#2318=DIRECTION('ref_axis',(-1.,-1.27155106614242E-14,-1.22464679914735E-16));
#2319=DIRECTION('',(1.,1.27155106614242E-14,1.22464679914735E-16));
#2320=DIRECTION('',(1.,1.27155106614242E-14,1.22464679914735E-16));
#2321=DIRECTION('center_axis',(1.22464679914735E-16,0.,-1.));
#2322=DIRECTION('ref_axis',(-1.,0.,-1.22464679914735E-16));
#2323=DIRECTION('',(1.,0.,1.22464679914735E-16));
#2324=DIRECTION('center_axis',(1.22464679914735E-16,0.,-1.));
#2325=DIRECTION('ref_axis',(-1.,0.,-1.22464679914735E-16));
#2326=DIRECTION('',(1.,0.,1.22464679914735E-16));
#2327=DIRECTION('',(0.,1.,0.));
#2328=DIRECTION('',(0.,1.,0.));
#2329=DIRECTION('',(-1.,0.,-1.22464679914735E-16));
#2330=DIRECTION('',(0.,1.,0.));
#2331=DIRECTION('',(1.,0.,1.22464679914735E-16));
#2332=DIRECTION('',(0.,1.,0.));
#2333=DIRECTION('',(-1.,0.,-1.22464679914735E-16));
#2334=DIRECTION('',(0.,1.,0.));
#2335=DIRECTION('',(1.,0.,1.22464679914735E-16));
#2336=DIRECTION('',(0.,1.,0.));
#2337=DIRECTION('',(1.,0.,1.22464679914735E-16));
#2338=DIRECTION('',(0.,1.,0.));
#2339=DIRECTION('',(-1.,0.,-1.22464679914735E-16));
#2340=DIRECTION('',(0.,1.,0.));
#2341=DIRECTION('',(-1.,0.,-1.22464679914735E-16));
#2342=DIRECTION('',(0.,1.,0.));
#2343=DIRECTION('',(-1.,0.,-1.22464679914735E-16));
#2344=DIRECTION('center_axis',(1.22464679914735E-16,0.,-1.));
#2345=DIRECTION('ref_axis',(-0.707106781186572,-0.707106781186523,-8.65956056235523E-17));
#2346=DIRECTION('',(0.,1.,0.));
#2347=DIRECTION('center_axis',(1.22464679914735E-16,0.,-1.));
#2348=DIRECTION('ref_axis',(-0.707106781186572,0.707106781186523,-8.65956056235523E-17));
#2349=DIRECTION('',(1.,0.,1.22464679914735E-16));
#2350=DIRECTION('center_axis',(1.,0.,1.30534138603713E-16));
#2351=DIRECTION('ref_axis',(-9.23015745830311E-17,0.707106781186539,0.707106781186556));
#2352=DIRECTION('center_axis',(-0.70710678118656,0.707106781186535,-8.65956056235509E-17));
#2353=DIRECTION('ref_axis',(0.707106781186535,0.70710678118656,8.65956056235478E-17));
#2354=DIRECTION('center_axis',(0.707106781186585,0.70710678118651,8.65956056235539E-17));
#2355=DIRECTION('ref_axis',(-0.70710678118651,0.707106781186585,-8.65956056235448E-17));
#2356=DIRECTION('',(1.,0.,1.30534138603713E-16));
#2357=DIRECTION('center_axis',(0.,-1.,0.));
#2358=DIRECTION('ref_axis',(-0.707106781186566,0.,0.707106781186529));
#2359=DIRECTION('',(0.,1.,0.));
#2360=DIRECTION('center_axis',(0.,1.,0.));
#2361=DIRECTION('ref_axis',(-1.,0.,-1.30534138603713E-16));
#2362=DIRECTION('',(-1.22464679914735E-16,0.,1.));
#2363=DIRECTION('',(-1.22464679914735E-16,0.,1.));
#2364=DIRECTION('',(1.,0.,1.22464679914735E-16));
#2365=DIRECTION('',(1.22464679914735E-16,0.,-1.));
#2366=DIRECTION('',(1.22464679914735E-16,0.,-1.));
#2367=DIRECTION('center_axis',(0.514495755427525,0.857492925712545,6.30075580059218E-17));
#2368=DIRECTION('ref_axis',(-0.857492925712545,0.514495755427525,-1.05012596676537E-16));
#2369=DIRECTION('center_axis',(-0.857492925712544,-0.514495755427527,-1.05012596676537E-16));
#2370=DIRECTION('ref_axis',(-0.514495755427527,0.857492925712544,-6.3007558005922E-17));
#2371=DIRECTION('center_axis',(-1.22464679914735E-16,0.,1.));
#2372=DIRECTION('ref_axis',(0.,1.,0.));
#2373=DIRECTION('center_axis',(0.857492925712544,-0.514495755427527,1.05012596676537E-16));
#2374=DIRECTION('ref_axis',(0.514495755427527,0.857492925712544,6.3007558005922E-17));
#2375=DIRECTION('center_axis',(-0.514495755427525,0.857492925712545,-6.30075580059218E-17));
#2376=DIRECTION('ref_axis',(0.857492925712545,0.514495755427525,1.05012596676537E-16));
#2377=DIRECTION('center_axis',(-1.22464679914735E-16,0.,1.));
#2378=DIRECTION('ref_axis',(1.,0.,1.22464679914735E-16));
#2379=DIRECTION('center_axis',(0.,1.,0.));
#2380=DIRECTION('ref_axis',(0.707106781186554,0.,0.707106781186541));
#2381=DIRECTION('',(0.,-1.,0.));
#2382=DIRECTION('center_axis',(8.22768336915355E-17,1.,1.00760061024318E-32));
#2383=DIRECTION('ref_axis',(0.707106781186554,-5.81785070378431E-17,0.707106781186541));
#2384=DIRECTION('',(0.,1.,0.));
#2385=DIRECTION('center_axis',(-1.,0.,-1.22464679914735E-16));
#2386=DIRECTION('ref_axis',(-8.65956056235491E-17,0.707106781186549,0.707106781186546));
#2387=DIRECTION('',(1.,0.,1.22464679914735E-16));
#2388=DIRECTION('',(-1.,0.,-1.22464679914735E-16));
#2389=DIRECTION('center_axis',(0.,-1.,0.));
#2390=DIRECTION('ref_axis',(-0.707106781186554,0.,0.707106781186541));
#2391=DIRECTION('',(0.,-1.,0.));
#2392=DIRECTION('center_axis',(8.22768336915355E-17,1.,1.00760061024318E-32));
#2393=DIRECTION('ref_axis',(-0.707106781186554,5.81785070378431E-17,0.707106781186541));
#2394=DIRECTION('',(0.,1.,0.));
#2395=DIRECTION('center_axis',(1.22464679914735E-16,0.,-1.));
#2396=DIRECTION('ref_axis',(-0.707106781186572,0.707106781186523,-8.65956056235523E-17));
#2397=DIRECTION('',(1.22464679914735E-16,0.,-1.));
#2398=DIRECTION('',(-1.22464679914735E-16,0.,1.));
#2399=DIRECTION('center_axis',(0.,1.,0.));
#2400=DIRECTION('ref_axis',(1.,0.,1.22464679914735E-16));
#2401=DIRECTION('',(-1.22464679914735E-16,0.,1.));
#2402=DIRECTION('',(-1.,0.,-1.30534138603713E-16));
#2403=DIRECTION('',(1.22464679914735E-16,0.,-1.));
#2404=DIRECTION('',(-1.22464679914735E-16,0.,1.));
#2405=DIRECTION('center_axis',(1.22464679914735E-16,0.,-1.));
#2406=DIRECTION('ref_axis',(0.707106781186572,0.707106781186523,8.65956056235523E-17));
#2407=DIRECTION('',(1.22464679914735E-16,0.,-1.));
#2408=DIRECTION('center_axis',(1.,0.,1.22464679914735E-16));
#2409=DIRECTION('ref_axis',(0.,-1.,0.));
#2410=DIRECTION('',(1.22464679914735E-16,0.,-1.));
#2411=DIRECTION('',(0.,-1.,0.));
#2412=DIRECTION('',(-1.22464679914735E-16,0.,1.));
#2413=DIRECTION('',(0.,1.,0.));
#2414=DIRECTION('',(-1.22464679914735E-16,0.,1.));
#2415=DIRECTION('center_axis',(1.22464679914735E-16,0.,-1.));
#2416=DIRECTION('ref_axis',(-0.707106781186572,-0.707106781186523,-8.65956056235523E-17));
#2417=DIRECTION('',(-1.22464679914735E-16,0.,1.));
#2418=DIRECTION('center_axis',(1.22464679914735E-16,0.,-1.));
#2419=DIRECTION('ref_axis',(-0.707106781186572,-0.707106781186523,-8.65956056235523E-17));
#2420=DIRECTION('',(1.22464679914735E-16,0.,-1.));
#2421=DIRECTION('center_axis',(1.22464679914735E-16,0.,-1.));
#2422=DIRECTION('ref_axis',(-1.,0.,-1.22464679914735E-16));
#2423=DIRECTION('',(1.,0.,1.22464679914735E-16));
#2424=DIRECTION('center_axis',(1.22464679914735E-16,0.,-1.));
#2425=DIRECTION('ref_axis',(0.707106781186572,-0.707106781186523,8.65956056235523E-17));
#2426=DIRECTION('',(-1.,8.22768336915353E-17,-1.22464679914735E-16));
#2427=DIRECTION('',(0.,-1.,0.));
#2428=DIRECTION('center_axis',(0.,-1.,0.));
#2429=DIRECTION('ref_axis',(-1.,0.,-1.22464679914735E-16));
#2430=DIRECTION('',(-1.22464679914735E-16,0.,1.));
#2431=DIRECTION('',(1.,0.,1.30534138603713E-16));
#2432=DIRECTION('',(-1.22464679914735E-16,1.22464679914735E-16,1.));
#2433=DIRECTION('',(-1.22464679914735E-16,1.22464679914735E-16,1.));
#2434=DIRECTION('center_axis',(0.,1.,0.));
#2435=DIRECTION('ref_axis',(-1.,0.,-1.22464679914735E-16));
#2436=DIRECTION('center_axis',(0.,1.,0.));
#2437=DIRECTION('ref_axis',(-1.,0.,-1.22464679914735E-16));
#2438=DIRECTION('center_axis',(1.22464679914735E-16,0.,-1.));
#2439=DIRECTION('ref_axis',(0.707106781186572,-0.707106781186523,8.65956056235523E-17));
#2440=DIRECTION('center_axis',(-1.,0.,-1.22464679914735E-16));
#2441=DIRECTION('ref_axis',(0.,1.,0.));
#2442=DIRECTION('',(1.22464679914735E-16,0.,-1.));
#2443=DIRECTION('',(0.,1.,0.));
#2444=DIRECTION('',(-1.22464679914735E-16,0.,1.));
#2445=DIRECTION('center_axis',(1.30534138603713E-16,0.,-1.));
#2446=DIRECTION('ref_axis',(-1.,0.,0.));
#2447=DIRECTION('center_axis',(-1.30534138603713E-16,0.,1.));
#2448=DIRECTION('ref_axis',(1.,0.,1.30534138603713E-16));
#2449=DIRECTION('center_axis',(0.,1.,0.));
#2450=DIRECTION('ref_axis',(1.,0.,0.));
#2451=DIRECTION('center_axis',(-1.30534138603713E-16,0.,1.));
#2452=DIRECTION('ref_axis',(1.,0.,1.30534138603713E-16));
#2453=DIRECTION('center_axis',(-1.22464679914735E-16,0.,1.));
#2454=DIRECTION('ref_axis',(1.,0.,1.22464679914735E-16));
#2455=DIRECTION('',(1.22464679914735E-16,0.,-1.));
#2456=DIRECTION('center_axis',(-1.30534138603713E-16,0.,1.));
#2457=DIRECTION('ref_axis',(1.,0.,1.30534138603713E-16));
#2458=DIRECTION('center_axis',(1.30534138603713E-16,0.,-1.));
#2459=DIRECTION('ref_axis',(-1.,0.,0.));
#2460=DIRECTION('center_axis',(-1.30534138603713E-16,0.,1.));
#2461=DIRECTION('ref_axis',(1.,0.,1.30534138603713E-16));
#2462=DIRECTION('center_axis',(0.,1.,0.));
#2463=DIRECTION('ref_axis',(1.,0.,0.));
#2464=DIRECTION('center_axis',(-1.30534138603713E-16,0.,1.));
#2465=DIRECTION('ref_axis',(1.,0.,1.30534138603713E-16));
#2466=DIRECTION('center_axis',(-1.22464679914735E-16,0.,1.));
#2467=DIRECTION('ref_axis',(1.,0.,1.22464679914735E-16));
#2468=DIRECTION('',(1.22464679914735E-16,0.,-1.));
#2469=DIRECTION('center_axis',(-1.30534138603713E-16,0.,1.));
#2470=DIRECTION('ref_axis',(1.,0.,1.30534138603713E-16));
#2471=DIRECTION('center_axis',(1.30534138603713E-16,0.,-1.));
#2472=DIRECTION('ref_axis',(-1.,0.,0.));
#2473=DIRECTION('center_axis',(-1.30534138603713E-16,0.,1.));
#2474=DIRECTION('ref_axis',(1.,0.,1.30534138603713E-16));
#2475=DIRECTION('center_axis',(0.,1.,0.));
#2476=DIRECTION('ref_axis',(1.,0.,0.));
#2477=DIRECTION('center_axis',(-1.30534138603713E-16,0.,1.));
#2478=DIRECTION('ref_axis',(1.,0.,1.30534138603713E-16));
#2479=DIRECTION('center_axis',(-1.22464679914735E-16,0.,1.));
#2480=DIRECTION('ref_axis',(1.,0.,1.22464679914735E-16));
#2481=DIRECTION('',(1.22464679914735E-16,0.,-1.));
#2482=DIRECTION('center_axis',(-1.30534138603713E-16,0.,1.));
#2483=DIRECTION('ref_axis',(1.,0.,1.30534138603713E-16));
#2484=DIRECTION('center_axis',(0.,1.,0.));
#2485=DIRECTION('ref_axis',(0.707106781186565,0.,0.70710678118653));
#2486=DIRECTION('',(0.,-1.,0.));
#2487=DIRECTION('center_axis',(1.,0.,1.22464679914735E-16));
#2488=DIRECTION('ref_axis',(1.22464679914735E-16,0.,-1.));
#2489=DIRECTION('',(-1.22464679914735E-16,0.,1.));
#2490=DIRECTION('',(0.,-1.,0.));
#2491=DIRECTION('center_axis',(1.,0.,1.22464679914735E-16));
#2492=DIRECTION('ref_axis',(2.4492935982947E-17,-0.979795897113271,-0.199999999999999));
#2493=DIRECTION('',(0.,-1.,0.));
#2494=DIRECTION('center_axis',(1.,0.,1.22464679914735E-16));
#2495=DIRECTION('ref_axis',(2.44929359829471E-17,0.979795897113271,-0.2));
#2496=DIRECTION('center_axis',(-1.,0.,-1.22464679914735E-16));
#2497=DIRECTION('ref_axis',(-1.22464679914735E-16,0.,1.));
#2498=DIRECTION('center_axis',(-1.,0.,-1.22464679914735E-16));
#2499=DIRECTION('ref_axis',(2.44929359829471E-17,0.979795897113271,-0.2));
#2500=DIRECTION('',(0.,1.,0.));
#2501=DIRECTION('center_axis',(-1.,0.,-1.22464679914735E-16));
#2502=DIRECTION('ref_axis',(2.4492935982947E-17,-0.979795897113271,-0.199999999999999));
#2503=DIRECTION('',(0.,1.,0.));
#2504=DIRECTION('',(1.22464679914735E-16,0.,-1.));
#2505=DIRECTION('center_axis',(-1.,0.,-1.22464679914735E-16));
#2506=DIRECTION('ref_axis',(2.44929359829471E-17,0.979795897113271,-0.2));
#2507=DIRECTION('',(-1.,0.,-1.22464679914735E-16));
#2508=DIRECTION('center_axis',(1.,0.,1.22464679914735E-16));
#2509=DIRECTION('ref_axis',(2.4492935982947E-17,-0.979795897113271,-0.199999999999999));
#2510=DIRECTION('',(1.,0.,1.22464679914735E-16));
#2511=DIRECTION('',(-1.,0.,-1.30534138603713E-16));
#2512=DIRECTION('center_axis',(0.,-1.,0.));
#2513=DIRECTION('ref_axis',(1.,0.,1.22464679914735E-16));
#2514=DIRECTION('',(-1.22464679914735E-16,0.,1.));
#2515=DIRECTION('',(1.,0.,1.30534138603713E-16));
#2516=DIRECTION('',(-1.22464679914735E-16,0.,1.));
#2517=DIRECTION('center_axis',(0.,1.,0.));
#2518=DIRECTION('ref_axis',(-1.,0.,-1.22464679914735E-16));
#2519=DIRECTION('',(1.22464679914735E-16,0.,-1.));
#2520=DIRECTION('',(-1.,0.,-1.30534138603713E-16));
#2521=DIRECTION('',(-1.22464679914735E-16,0.,1.));
#2522=DIRECTION('center_axis',(-1.,0.,-1.22464679914735E-16));
#2523=DIRECTION('ref_axis',(-1.22464679914735E-16,0.,1.));
#2524=DIRECTION('',(0.,1.,0.));
#2525=DIRECTION('',(-1.22464679914735E-16,0.,1.));
#2526=DIRECTION('center_axis',(-1.30534138603713E-16,0.,1.));
#2527=DIRECTION('ref_axis',(1.,0.,1.30534138603713E-16));
#2528=DIRECTION('',(0.,1.,0.));
#2529=DIRECTION('',(-1.,0.,-1.22464679914735E-16));
#2530=DIRECTION('center_axis',(0.,-1.,0.));
#2531=DIRECTION('ref_axis',(1.,0.,1.22464679914735E-16));
#2532=DIRECTION('',(1.22464679914735E-16,0.,-1.));
#2533=DIRECTION('',(1.,0.,1.30534138603713E-16));
#2534=DIRECTION('',(-1.22464679914735E-16,0.,1.));
#2535=DIRECTION('center_axis',(0.,1.,0.));
#2536=DIRECTION('ref_axis',(-1.,0.,-1.22464679914735E-16));
#2537=DIRECTION('',(-1.22464679914735E-16,0.,1.));
#2538=DIRECTION('',(-1.,0.,-1.30534138603713E-16));
#2539=DIRECTION('',(-1.22464679914735E-16,0.,1.));
#2540=DIRECTION('center_axis',(-1.,0.,-1.22464679914735E-16));
#2541=DIRECTION('ref_axis',(-1.22464679914735E-16,0.,1.));
#2542=DIRECTION('',(-1.22464679914735E-16,0.,1.));
#2543=DIRECTION('',(0.,1.,0.));
#2544=DIRECTION('center_axis',(-1.,0.,-1.22464679914735E-16));
#2545=DIRECTION('ref_axis',(-1.22464679914735E-16,0.,1.));
#2546=DIRECTION('',(0.,1.,0.));
#2547=DIRECTION('',(1.22464679914735E-16,0.,-1.));
#2548=DIRECTION('center_axis',(-1.30534138603713E-16,0.,1.));
#2549=DIRECTION('ref_axis',(1.,0.,1.30534138603713E-16));
#2550=DIRECTION('',(0.,1.,0.));
#2551=DIRECTION('',(-1.,0.,-1.30534138603713E-16));
#2552=DIRECTION('center_axis',(1.,0.,1.22464679914735E-16));
#2553=DIRECTION('ref_axis',(1.22464679914735E-16,0.,-1.));
#2554=DIRECTION('',(0.,1.,0.));
#2555=DIRECTION('',(-1.22464679914735E-16,0.,1.));
#2556=DIRECTION('center_axis',(-1.30534138603713E-16,0.,1.));
#2557=DIRECTION('ref_axis',(1.,0.,1.30534138603713E-16));
#2558=DIRECTION('',(0.,1.,0.));
#2559=DIRECTION('',(0.,1.,0.));
#2560=DIRECTION('',(-1.,0.,-1.30534138603713E-16));
#2561=DIRECTION('center_axis',(0.,1.,0.));
#2562=DIRECTION('ref_axis',(-1.22464679914735E-16,0.,1.));
#2563=DIRECTION('',(-1.22464679914735E-16,0.,1.));
#2564=DIRECTION('center_axis',(-1.30534138603713E-16,0.,1.));
#2565=DIRECTION('ref_axis',(1.,0.,1.30534138603713E-16));
#2566=DIRECTION('',(0.,-1.,0.));
#2567=DIRECTION('',(1.,0.,1.30534138603713E-16));
#2568=DIRECTION('',(0.,1.,0.));
#2569=DIRECTION('',(-1.,0.,-1.22464679914735E-16));
#2570=DIRECTION('',(0.,-1.,0.));
#2571=DIRECTION('center_axis',(1.,0.,1.22464679914735E-16));
#2572=DIRECTION('ref_axis',(1.22464679914735E-16,0.,-1.));
#2573=DIRECTION('',(-1.22464679914735E-16,0.,1.));
#2574=DIRECTION('center_axis',(1.,0.,1.22464679914735E-16));
#2575=DIRECTION('ref_axis',(1.22464679914735E-16,0.,-1.));
#2576=DIRECTION('',(-1.22464679914735E-16,0.,1.));
#2577=DIRECTION('',(1.22464679914735E-16,0.,-1.));
#2578=DIRECTION('',(0.,1.,0.));
#2579=DIRECTION('center_axis',(-1.,0.,-1.22464679914735E-16));
#2580=DIRECTION('ref_axis',(-1.22464679914735E-16,0.,1.));
#2581=DIRECTION('',(1.22464679914735E-16,0.,-1.));
#2582=DIRECTION('',(0.,1.,0.));
#2583=DIRECTION('center_axis',(0.,-1.,0.));
#2584=DIRECTION('ref_axis',(-1.22464679914735E-16,0.,1.));
#2585=DIRECTION('',(-1.22464679914735E-16,0.,1.));
#2586=DIRECTION('center_axis',(0.,1.,0.));
#2587=DIRECTION('ref_axis',(1.22464679914735E-16,0.,-1.));
#2588=DIRECTION('',(-1.22464679914735E-16,0.,1.));
#2589=DIRECTION('',(-1.22464679914735E-16,0.,1.));
#2590=DIRECTION('',(1.,0.,1.22464679914735E-16));
#2591=DIRECTION('center_axis',(-1.,0.,-1.22464679914735E-16));
#2592=DIRECTION('ref_axis',(-1.22464679914735E-16,0.,1.));
#2593=DIRECTION('center_axis',(-1.,0.,-1.22464679914735E-16));
#2594=DIRECTION('ref_axis',(-1.22464679914735E-16,0.,1.));
#2595=DIRECTION('center_axis',(-1.,0.,-1.22464679914735E-16));
#2596=DIRECTION('ref_axis',(-1.22464679914735E-16,0.,1.));
#2597=DIRECTION('',(1.22464679914735E-16,0.,-1.));
#2598=DIRECTION('center_axis',(-1.,0.,-1.22464679914735E-16));
#2599=DIRECTION('ref_axis',(-1.22464679914735E-16,0.,1.));
#2600=DIRECTION('',(1.22464679914735E-16,0.,-1.));
#2601=DIRECTION('',(0.,1.,0.));
#2602=DIRECTION('center_axis',(-1.22464679914735E-16,0.,1.));
#2603=DIRECTION('ref_axis',(0.,1.,0.));
#2604=DIRECTION('',(-1.,0.,-1.22464679914735E-16));
#2605=DIRECTION('center_axis',(-1.22464679914735E-16,0.,1.));
#2606=DIRECTION('ref_axis',(0.,1.,0.));
#2607=DIRECTION('center_axis',(-1.22464679914735E-16,0.,1.));
#2608=DIRECTION('ref_axis',(0.,1.,0.));
#2609=DIRECTION('',(-1.,0.,-1.22464679914735E-16));
#2610=DIRECTION('center_axis',(0.,-1.,0.));
#2611=DIRECTION('ref_axis',(1.,0.,1.30534138603713E-16));
#2612=DIRECTION('',(-1.,0.,-1.22464679914735E-16));
#2613=DIRECTION('center_axis',(-1.22464679914735E-16,0.,1.));
#2614=DIRECTION('ref_axis',(1.,0.,1.22464679914735E-16));
#2615=DIRECTION('center_axis',(0.,-1.,0.));
#2616=DIRECTION('ref_axis',(1.,0.,1.30534138603713E-16));
#2617=DIRECTION('center_axis',(-1.22464679914735E-16,9.20201429444805E-16,
1.));
#2618=DIRECTION('ref_axis',(-1.1269217351404E-31,-1.,9.20201429444805E-16));
#2619=DIRECTION('',(0.,1.,0.));
#2620=DIRECTION('',(0.,1.,0.));
#2621=DIRECTION('center_axis',(1.,0.,1.22464679914735E-16));
#2622=DIRECTION('ref_axis',(1.22464679914735E-16,0.,-1.));
#2623=DIRECTION('center_axis',(-1.,0.,-1.22464679914735E-16));
#2624=DIRECTION('ref_axis',(-1.22464679914735E-16,0.,1.));
#2625=DIRECTION('',(1.22464679914735E-16,0.,-1.));
#2626=DIRECTION('center_axis',(-1.,0.,-1.22464679914735E-16));
#2627=DIRECTION('ref_axis',(-1.22464679914735E-16,0.,1.));
#2628=DIRECTION('center_axis',(-1.30534138603713E-16,0.,1.));
#2629=DIRECTION('ref_axis',(1.,0.,1.30534138603713E-16));
#2630=DIRECTION('',(0.0314130610520774,3.84699046688468E-18,-0.999506488020632));
#2631=DIRECTION('center_axis',(-1.30534138603713E-16,0.,1.));
#2632=DIRECTION('ref_axis',(1.,0.,1.30534138603713E-16));
#2633=DIRECTION('',(0.0314130610520772,3.84699046688466E-18,-0.999506488020632));
#2634=DIRECTION('center_axis',(-1.30534138603713E-16,0.,1.));
#2635=DIRECTION('ref_axis',(1.,0.,1.30534138603713E-16));
#2636=DIRECTION('',(0.0314130610520774,3.84699046688468E-18,-0.999506488020632));
#2637=DIRECTION('center_axis',(0.,-1.,0.));
#2638=DIRECTION('ref_axis',(1.,0.,1.30534138603713E-16));
#2639=DIRECTION('center_axis',(0.,1.,0.));
#2640=DIRECTION('ref_axis',(-1.,0.,-1.22464679914735E-16));
#2641=DIRECTION('',(0.,1.,0.));
#2642=DIRECTION('center_axis',(0.,1.,0.));
#2643=DIRECTION('ref_axis',(-1.,0.,-1.22464679914735E-16));
#2644=DIRECTION('center_axis',(0.,-1.,0.));
#2645=DIRECTION('ref_axis',(-1.,0.,-1.22464679914735E-16));
#2646=DIRECTION('center_axis',(0.,1.,0.));
#2647=DIRECTION('ref_axis',(-1.,0.,-1.22464679914735E-16));
#2648=DIRECTION('',(0.,1.,0.));
#2649=DIRECTION('center_axis',(0.,1.,0.));
#2650=DIRECTION('ref_axis',(-1.,0.,-1.22464679914735E-16));
#2651=DIRECTION('center_axis',(0.,-1.,0.));
#2652=DIRECTION('ref_axis',(-1.,0.,-1.22464679914735E-16));
#2653=DIRECTION('center_axis',(1.22464679914735E-16,0.,-1.));
#2654=DIRECTION('ref_axis',(1.,0.,1.22464679914735E-16));
#2655=DIRECTION('center_axis',(1.22464679914735E-16,0.,-1.));
#2656=DIRECTION('ref_axis',(1.,0.,1.22464679914735E-16));
#2657=DIRECTION('center_axis',(1.22464679914735E-16,0.,-1.));
#2658=DIRECTION('ref_axis',(1.,0.,1.22464679914735E-16));
#2659=DIRECTION('center_axis',(1.22464679914735E-16,0.,-1.));
#2660=DIRECTION('ref_axis',(1.,0.,1.22464679914735E-16));
#2661=DIRECTION('center_axis',(1.22464679914735E-16,0.,-1.));
#2662=DIRECTION('ref_axis',(1.,0.,1.22464679914735E-16));
#2663=DIRECTION('',(1.22464679914735E-16,0.,-1.));
#2664=DIRECTION('center_axis',(1.22464679914735E-16,0.,-1.));
#2665=DIRECTION('ref_axis',(1.,0.,1.22464679914735E-16));
#2666=DIRECTION('',(1.22464679914735E-16,0.,-1.));
#2667=DIRECTION('center_axis',(1.22464679914735E-16,0.,-1.));
#2668=DIRECTION('ref_axis',(1.,0.,1.22464679914735E-16));
#2669=DIRECTION('center_axis',(1.22464679914735E-16,0.,-1.));
#2670=DIRECTION('ref_axis',(1.,0.,1.22464679914735E-16));
#2671=DIRECTION('center_axis',(1.22464679914735E-16,0.,-1.));
#2672=DIRECTION('ref_axis',(1.,0.,1.22464679914735E-16));
#2673=DIRECTION('center_axis',(1.22464679914735E-16,0.,-1.));
#2674=DIRECTION('ref_axis',(1.,0.,1.22464679914735E-16));
#2675=DIRECTION('center_axis',(1.22464679914735E-16,0.,-1.));
#2676=DIRECTION('ref_axis',(1.,0.,1.22464679914735E-16));
#2677=DIRECTION('',(1.22464679914735E-16,0.,-1.));
#2678=DIRECTION('center_axis',(1.22464679914735E-16,0.,-1.));
#2679=DIRECTION('ref_axis',(1.,0.,1.22464679914735E-16));
#2680=DIRECTION('',(1.22464679914735E-16,0.,-1.));
#2681=DIRECTION('center_axis',(1.22464679914735E-16,0.,-1.));
#2682=DIRECTION('ref_axis',(1.,0.,1.22464679914735E-16));
#2683=DIRECTION('center_axis',(1.22464679914735E-16,0.,-1.));
#2684=DIRECTION('ref_axis',(1.,0.,1.22464679914735E-16));
#2685=DIRECTION('center_axis',(1.22464679914735E-16,0.,-1.));
#2686=DIRECTION('ref_axis',(1.,0.,1.22464679914735E-16));
#2687=DIRECTION('center_axis',(1.22464679914735E-16,0.,-1.));
#2688=DIRECTION('ref_axis',(1.,0.,1.22464679914735E-16));
#2689=DIRECTION('center_axis',(1.22464679914735E-16,0.,-1.));
#2690=DIRECTION('ref_axis',(1.,0.,1.22464679914735E-16));
#2691=DIRECTION('',(1.22464679914735E-16,0.,-1.));
#2692=DIRECTION('center_axis',(1.22464679914735E-16,0.,-1.));
#2693=DIRECTION('ref_axis',(1.,0.,1.22464679914735E-16));
#2694=DIRECTION('',(1.22464679914735E-16,0.,-1.));
#2695=DIRECTION('center_axis',(8.22768336915355E-17,1.,1.00760061024318E-32));
#2696=DIRECTION('ref_axis',(1.,-8.22768336915355E-17,1.22464679914735E-16));
#2697=DIRECTION('',(1.,-8.22768336915355E-17,1.22464679914735E-16));
#2698=DIRECTION('',(1.,-8.22768336915355E-17,1.22464679914735E-16));
#2699=DIRECTION('center_axis',(-8.22768336915353E-17,-1.,-1.00760061024318E-32));
#2700=DIRECTION('ref_axis',(-1.,8.22768336915353E-17,-1.22464679914735E-16));
#2701=DIRECTION('',(-1.,8.22768336915353E-17,-1.22464679914735E-16));
#2702=DIRECTION('center_axis',(1.22464679914735E-16,0.,-1.));
#2703=DIRECTION('ref_axis',(-1.,0.,-1.22464679914735E-16));
#2704=DIRECTION('center_axis',(1.22464679914735E-16,0.,-1.));
#2705=DIRECTION('ref_axis',(-1.,0.,-1.22464679914735E-16));
#2706=DIRECTION('',(0.,0.,1.));
#2707=DIRECTION('',(1.,0.,0.));
#2708=CARTESIAN_POINT('',(0.,0.,0.));
#2709=CARTESIAN_POINT('',(0.,0.,0.));
#2710=CARTESIAN_POINT('Origin',(-0.0170294738260001,0.0438004122093422,
1.78780349039227));
#2711=CARTESIAN_POINT('',(4.135470526174,2.17505041220934,1.78780349039227));
#2712=CARTESIAN_POINT('',(-4.169529473826,2.17505041220934,1.78780349039227));
#2713=CARTESIAN_POINT('',(2.014220526174,2.17505041220934,1.78780349039227));
#2714=CARTESIAN_POINT('',(4.135470526174,-2.11244958779066,1.78780349039227));
#2715=CARTESIAN_POINT('',(4.135470526174,-1.49557458779066,1.78780349039227));
#2716=CARTESIAN_POINT('',(-4.169529473826,-2.11244958779066,1.78780349039227));
#2717=CARTESIAN_POINT('',(-4.079529473826,-2.11244958779066,1.78780349039227));
#2718=CARTESIAN_POINT('',(-4.169529473826,-1.49557458779066,1.78780349039227));
#2719=CARTESIAN_POINT('',(0.212087552088507,-1.78494958779066,1.78780349039227));
#2720=CARTESIAN_POINT('Origin',(-0.0179124479114936,-1.78494958779066,1.78780349039227));
#2721=CARTESIAN_POINT('',(-3.599529473826,1.02755041220934,1.78780349039227));
#2722=CARTESIAN_POINT('Origin',(-3.829529473826,1.02755041220934,1.78780349039227));
#2723=CARTESIAN_POINT('',(4.025470526174,1.02755041220934,1.78780349039227));
#2724=CARTESIAN_POINT('Origin',(3.795470526174,1.02755041220934,1.78780349039227));
#2725=CARTESIAN_POINT('Origin',(4.212970526174,-3.00994958779066,1.01767849039227));
#2726=CARTESIAN_POINT('',(4.212970526174,-3.01494958779066,1.01267849039227));
#2727=CARTESIAN_POINT('',(4.207970526174,-3.00994958779066,1.01767849039227));
#2728=CARTESIAN_POINT('',(4.19631078096507,-2.99828984258173,1.0293382356012));
#2729=CARTESIAN_POINT('',(4.212970526174,-3.01994958779066,1.00767849039227));
#2730=CARTESIAN_POINT('',(4.212970526174,-3.00194958779066,1.02567849039227));
#2731=CARTESIAN_POINT('',(4.045470526174,-3.01994958779066,1.00767849039227));
#2732=CARTESIAN_POINT('',(4.212970526174,-3.01994958779066,1.00767849039227));
#2733=CARTESIAN_POINT('',(4.045470526174,-3.00994958779066,1.01767849039227));
#2734=CARTESIAN_POINT('',(4.045470526174,-3.00194958779066,1.02567849039227));
#2735=CARTESIAN_POINT('',(4.212970526174,-3.00994958779066,1.01767849039227));
#2736=CARTESIAN_POINT('Origin',(4.212970526174,-3.00994958779066,1.03767849039227));
#2737=CARTESIAN_POINT('',(4.207970526174,-3.00994958779066,1.03767849039227));
#2738=CARTESIAN_POINT('',(4.207970526174,-3.00994958779066,1.03767849039227));
#2739=CARTESIAN_POINT('',(4.045470526174,-3.00994958779066,1.03767849039227));
#2740=CARTESIAN_POINT('',(4.045470526174,-3.00994958779066,1.08467849039227));
#2741=CARTESIAN_POINT('',(2.097970526174,-3.00994958779066,1.03767849039227));
#2742=CARTESIAN_POINT('Origin',(4.212970526174,-3.01494958779066,1.00767849039227));
#2743=CARTESIAN_POINT('',(4.217970526174,-3.01494958779066,1.00767849039227));
#2744=CARTESIAN_POINT('',(4.199970526174,-3.01494958779066,1.02567849039227));
#2745=CARTESIAN_POINT('Origin',(4.212970526174,-3.01494958779066,1.00767849039227));
#2746=CARTESIAN_POINT('Origin',(4.162970526174,1.11504010333458,1.01267841259227));
#2747=CARTESIAN_POINT('',(4.167970526174,-2.9349911165371,1.01767841259227));
#2748=CARTESIAN_POINT('',(4.157970526174,-2.9349911165371,1.00767841259227));
#2749=CARTESIAN_POINT('',(4.182220545624,-2.9349911165371,1.03192843204227));
#2750=CARTESIAN_POINT('',(4.157970526174,2.46505046107647,1.00767841259227));
#2751=CARTESIAN_POINT('',(4.157970526174,1.11504010333458,1.00767841259227));
#2752=CARTESIAN_POINT('',(4.167970526174,2.46505046107647,1.01767841259227));
#2753=CARTESIAN_POINT('',(2.27112679562407,2.46505041220934,-0.879165317957726));
#2754=CARTESIAN_POINT('',(4.167970526174,1.11504010333458,1.01767841259227));
#2755=CARTESIAN_POINT('Origin',(4.15787700208951,-0.234970303289307,1.00767841259227));
#2756=CARTESIAN_POINT('',(4.14778347800501,-2.9349911165371,1.00767841259227));
#2757=CARTESIAN_POINT('',(4.14778347800501,-2.9349911165371,1.00767841259227));
#2758=CARTESIAN_POINT('',(4.14778347800501,2.46505050994358,1.00767841259227));
#2759=CARTESIAN_POINT('',(4.14778347800501,2.46505050995847,1.00767841259227));
#2760=CARTESIAN_POINT('',(4.167970526174,2.46505050995847,1.00767841259227));
#2761=CARTESIAN_POINT('Origin',(4.167970526174,-2.9349911165371,1.08467849039227));
#2762=CARTESIAN_POINT('',(4.167970526174,-2.9349911165371,1.03767849039227));
#2763=CARTESIAN_POINT('',(4.167970526174,-2.9349911165371,1.08467849039227));
#2764=CARTESIAN_POINT('',(4.14778347800501,-2.9349911165371,1.03767849039227));
#2765=CARTESIAN_POINT('',(2.075470526174,-2.9349911165371,1.03767849039227));
#2766=CARTESIAN_POINT('',(4.14778347800501,-2.9349911165371,1.08467849039227));
#2767=CARTESIAN_POINT('Origin',(4.212970526174,-1.58498073024937,1.01267849039227));
#2768=CARTESIAN_POINT('',(4.212970526174,2.46505041220934,1.01267849039227));
#2769=CARTESIAN_POINT('',(4.217970526174,2.46441532894038,1.00767849039227));
#2770=CARTESIAN_POINT('Origin',(4.212970526174,2.44505041220934,1.01267849039227));
#2771=CARTESIAN_POINT('',(4.217970526174,-1.58498073024937,1.00767849039227));
#2772=CARTESIAN_POINT('',(4.207970526174,2.4650504204004,1.01767849039227));
#2773=CARTESIAN_POINT('',(4.207970526174,-1.58498073024937,1.01767849039227));
#2774=CARTESIAN_POINT('',(1.87731427617404,2.46505041220934,3.34833474039227));
#2775=CARTESIAN_POINT('Origin',(4.207970526174,-2.9349911165371,1.08467849039227));
#2776=CARTESIAN_POINT('',(4.207970526174,2.4650504204004,1.03767849039227));
#2777=CARTESIAN_POINT('',(4.207970526174,-1.60997035216388,1.03767849039227));
#2778=CARTESIAN_POINT('',(4.207970526174,2.46505042861381,1.08467849039227));
#2779=CARTESIAN_POINT('Origin',(4.220470526174,-0.234970343961641,1.00767849039227));
#2780=CARTESIAN_POINT('',(4.232970526174,2.44505041220934,1.00767849039227));
#2781=CARTESIAN_POINT('Origin',(4.212970526174,2.44505041220934,1.00767849039227));
#2782=CARTESIAN_POINT('',(4.232970526174,-3.01494958779066,1.00767849039227));
#2783=CARTESIAN_POINT('',(4.232970526174,-2.9349911165371,1.00767849039227));
#2784=CARTESIAN_POINT('',(4.212970526174,-3.03494958779066,1.00767849039227));
#2785=CARTESIAN_POINT('Origin',(4.212970526174,-3.01494958779066,1.00767849039227));
#2786=CARTESIAN_POINT('',(4.045470526174,-3.03494958779066,1.00767849039227));
#2787=CARTESIAN_POINT('',(4.212970526174,-3.03494958779066,1.00767849039227));
#2788=CARTESIAN_POINT('',(4.045470526174,-3.03494958779066,1.00767849039227));
#2789=CARTESIAN_POINT('Origin',(4.144970526174,2.31755041220934,1.41274099039227));
#2790=CARTESIAN_POINT('',(4.144970526174,2.37005041220934,1.78780349039227));
#2791=CARTESIAN_POINT('',(4.144970526174,2.26505041220934,1.78780349039227));
#2792=CARTESIAN_POINT('',(4.144970526174,2.32005041220934,1.78780349039227));
#2793=CARTESIAN_POINT('',(4.144970526174,2.37005041220934,1.03767849039227));
#2794=CARTESIAN_POINT('',(4.144970526174,2.37005041220934,1.55027224039227));
#2795=CARTESIAN_POINT('',(4.144970526174,2.26505041220934,1.03767849039227));
#2796=CARTESIAN_POINT('',(4.144970526174,2.37005041220934,1.03767849039227));
#2797=CARTESIAN_POINT('',(4.144970526174,2.26505041220934,1.55027224039227));
#2798=CARTESIAN_POINT('Origin',(4.045470526174,2.37005041220934,1.68780349039227));
#2799=CARTESIAN_POINT('',(-4.179529473826,2.37005041220934,1.78780349039227));
#2800=CARTESIAN_POINT('',(-4.079529473826,2.37005041220934,1.78780349039227));
#2801=CARTESIAN_POINT('',(-4.179529473826,2.37005041220934,1.03767849039227));
#2802=CARTESIAN_POINT('',(-4.179529473826,2.37005041220934,1.87358952127841));
#2803=CARTESIAN_POINT('',(-4.079529473826,2.37005041220934,1.03767849039227));
#2804=CARTESIAN_POINT('',(2.014220526174,2.37005041220934,1.03767849039227));
#2805=CARTESIAN_POINT('',(-4.079529473826,2.37005041220934,1.68780349039227));
#2806=CARTESIAN_POINT('',(-4.079529473826,2.37005041220934,1.30030349039227));
#2807=CARTESIAN_POINT('',(4.045470526174,2.37005041220934,1.68780349039227));
#2808=CARTESIAN_POINT('',(-0.0170294738260001,2.37005041220934,1.68780349039227));
#2809=CARTESIAN_POINT('',(4.045470526174,2.37005041220934,1.03767849039227));
#2810=CARTESIAN_POINT('',(4.045470526174,2.37005041220934,1.25030349039227));
#2811=CARTESIAN_POINT('',(2.014220526174,2.37005041220934,1.03767849039227));
#2812=CARTESIAN_POINT('Origin',(-0.0170294738260001,2.32255041220934,1.78780349039227));
#2813=CARTESIAN_POINT('',(-4.179529473826,2.26505041220934,1.78780349039227));
#2814=CARTESIAN_POINT('',(4.145470526174,2.26505041220934,1.78780349039227));
#2815=CARTESIAN_POINT('',(-4.179529473826,2.37005041220934,1.78780349039227));
#2816=CARTESIAN_POINT('Origin',(-0.0170294738260001,-0.284949587790658,
1.03767849039227));
#2817=CARTESIAN_POINT('',(4.045470526174,-2.92544946895765,1.03767849039227));
#2818=CARTESIAN_POINT('',(4.045470526174,-1.65994958779066,1.03767849039227));
#2819=CARTESIAN_POINT('',(4.145470526174,-2.92544946895765,1.03767849039227));
#2820=CARTESIAN_POINT('',(2.014220526174,-2.92544946895765,1.03767849039227));
#2821=CARTESIAN_POINT('',(4.145470526174,-2.75994958779066,1.03767849039227));
#2822=CARTESIAN_POINT('',(4.145470526174,-1.53532455808241,1.03767849039227));
#2823=CARTESIAN_POINT('',(4.045470526174,-2.75994958779066,1.03767849039227));
#2824=CARTESIAN_POINT('',(2.014220526174,-2.75994958779066,1.03767849039227));
#2825=CARTESIAN_POINT('',(4.045470526174,-2.68494958779066,1.03767849039227));
#2826=CARTESIAN_POINT('',(4.045470526174,-1.65994958779066,1.03767849039227));
#2827=CARTESIAN_POINT('',(4.145470526174,-2.68494958779066,1.03767849039227));
#2828=CARTESIAN_POINT('',(2.064220526174,-2.68494958779066,1.03767849039227));
#2829=CARTESIAN_POINT('',(4.145470526174,-2.60494958779066,1.03767849039227));
#2830=CARTESIAN_POINT('',(4.145470526174,-1.53532455808241,1.03767849039227));
#2831=CARTESIAN_POINT('',(4.045470526174,-2.60494958779066,1.03767849039227));
#2832=CARTESIAN_POINT('',(-2.048279473826,-2.60494958779066,1.03767849039227));
#2833=CARTESIAN_POINT('',(4.045470526174,-2.52994958779066,1.03767849039227));
#2834=CARTESIAN_POINT('',(4.045470526174,-1.65994958779066,1.03767849039227));
#2835=CARTESIAN_POINT('',(4.145470526174,-2.52994958779066,1.03767849039227));
#2836=CARTESIAN_POINT('',(-2.048279473826,-2.52994958779066,1.03767849039227));
#2837=CARTESIAN_POINT('',(4.145470526174,2.18505041220934,1.03767849039227));
#2838=CARTESIAN_POINT('',(4.145470526174,-1.65994958779066,1.03767849039227));
#2839=CARTESIAN_POINT('',(4.045470526174,2.18505041220934,1.03767849039227));
#2840=CARTESIAN_POINT('',(2.014220526174,2.18505041220934,1.03767849039227));
#2841=CARTESIAN_POINT('',(4.045470526174,2.26505041220934,1.03767849039227));
#2842=CARTESIAN_POINT('',(4.045470526174,-1.65994958779066,1.03767849039227));
#2843=CARTESIAN_POINT('',(-2.048279473826,2.26505041220934,1.03767849039227));
#2844=CARTESIAN_POINT('',(4.045470526174,2.46505041220934,1.03767849039227));
#2845=CARTESIAN_POINT('',(4.045470526174,-1.65994958779066,1.03767849039227));
#2846=CARTESIAN_POINT('',(4.14778347800501,2.46505046107647,1.03767849039227));
#2847=CARTESIAN_POINT('',(-2.142029473826,2.46505041220934,1.03767849039227));
#2848=CARTESIAN_POINT('',(4.14778347800501,-1.60997035216388,1.03767849039227));
#2849=CARTESIAN_POINT('',(4.167970526174,2.46505046107647,1.03767849039227));
#2850=CARTESIAN_POINT('',(4.167970526174,1.09005046108391,1.03767849039227));
#2851=CARTESIAN_POINT('',(-2.142029473826,2.46505041220934,1.03767849039227));
#2852=CARTESIAN_POINT('Origin',(-0.0179124479114936,-1.78494958779066,1.03780349039227));
#2853=CARTESIAN_POINT('',(-0.187483876482922,-1.78494958779066,1.02267849039227));
#2854=CARTESIAN_POINT('Origin',(-0.0179124479114936,-1.78494958779066,1.02267849039227));
#2855=CARTESIAN_POINT('',(-0.187483876482922,-1.78494958779066,1.03780349039227));
#2856=CARTESIAN_POINT('',(-0.187483876482923,-1.78494958779066,1.03780349039227));
#2857=CARTESIAN_POINT('Origin',(-0.0179124479114936,-1.78494958779066,1.03780349039227));
#2858=CARTESIAN_POINT('Origin',(-0.0179124479114936,-1.78494958779066,1.02267849039227));
#2859=CARTESIAN_POINT('',(-0.0929124479114937,-1.78494958779066,1.02267849039227));
#2860=CARTESIAN_POINT('Origin',(-0.0179124479114936,-1.78494958779066,1.02267849039227));
#2861=CARTESIAN_POINT('Origin',(-3.829529473826,1.02755041220934,1.03780349039227));
#2862=CARTESIAN_POINT('',(-3.99910090239743,1.02755041220934,1.02267849039227));
#2863=CARTESIAN_POINT('Origin',(-3.829529473826,1.02755041220934,1.02267849039227));
#2864=CARTESIAN_POINT('',(-3.99910090239743,1.02755041220934,1.03780349039227));
#2865=CARTESIAN_POINT('',(-3.99910090239743,1.02755041220934,1.03780349039227));
#2866=CARTESIAN_POINT('Origin',(-3.829529473826,1.02755041220934,1.03780349039227));
#2867=CARTESIAN_POINT('Origin',(-3.829529473826,1.02755041220934,1.02267849039227));
#2868=CARTESIAN_POINT('',(-3.904529473826,1.02755041220934,1.02267849039227));
#2869=CARTESIAN_POINT('Origin',(-3.829529473826,1.02755041220934,1.02267849039227));
#2870=CARTESIAN_POINT('Origin',(3.795470526174,1.02755041220934,1.03780349039227));
#2871=CARTESIAN_POINT('',(3.62589909760257,1.02755041220934,1.02267849039227));
#2872=CARTESIAN_POINT('Origin',(3.795470526174,1.02755041220934,1.02267849039227));
#2873=CARTESIAN_POINT('',(3.62589909760257,1.02755041220934,1.03780349039227));
#2874=CARTESIAN_POINT('',(3.62589909760257,1.02755041220934,1.03780349039227));
#2875=CARTESIAN_POINT('Origin',(3.795470526174,1.02755041220934,1.03780349039227));
#2876=CARTESIAN_POINT('Origin',(3.795470526174,1.02755041220934,1.02267849039227));
#2877=CARTESIAN_POINT('',(3.720470526174,1.02755041220934,1.02267849039227));
#2878=CARTESIAN_POINT('Origin',(3.795470526174,1.02755041220934,1.02267849039227));
#2879=CARTESIAN_POINT('Origin',(4.14778347800501,-2.9349911165371,1.08467849039227));
#2880=CARTESIAN_POINT('',(4.14778347800501,2.46505050995847,1.08467849039227));
#2881=CARTESIAN_POINT('Origin',(4.167970526174,2.46505050995847,1.08467849039227));
#2882=CARTESIAN_POINT('',(4.167970526174,2.46505050995847,1.08467849039227));
#2883=CARTESIAN_POINT('Origin',(-4.209529473826,2.46505020459286,1.08467849039227));
#2884=CARTESIAN_POINT('',(-4.20952947382601,-2.93544325591137,1.03767849039227));
#2885=CARTESIAN_POINT('',(-4.209529473826,2.46505041218853,1.03767849039227));
#2886=CARTESIAN_POINT('',(-4.209529473826,1.0900503084011,1.03767849039227));
#2887=CARTESIAN_POINT('',(-4.20952947382601,-2.93544325591137,1.00767849039227));
#2888=CARTESIAN_POINT('',(-4.20952947382601,-2.93544325591137,1.08467849039227));
#2889=CARTESIAN_POINT('',(-4.209529473826,2.46505041218853,1.00767849039227));
#2890=CARTESIAN_POINT('',(-4.20952947382601,-2.94244325591137,1.00767849039227));
#2891=CARTESIAN_POINT('',(-4.209529473826,2.46505041220934,1.47999099039227));
#2892=CARTESIAN_POINT('Origin',(-4.237029473826,-2.94244325591137,1.08467849039227));
#2893=CARTESIAN_POINT('',(-4.237029473826,2.46505041218853,1.03767849039227));
#2894=CARTESIAN_POINT('',(-4.237029473826,-2.93544325591137,1.03767849039227));
#2895=CARTESIAN_POINT('',(-4.237029473826,-1.61369642185101,1.03767849039227));
#2896=CARTESIAN_POINT('',(-4.237029473826,2.46505041218853,1.00767849039227));
#2897=CARTESIAN_POINT('',(-4.237029473826,2.46505041220934,1.47999099039227));
#2898=CARTESIAN_POINT('',(-4.237029473826,-2.93544325591137,1.00767849039227));
#2899=CARTESIAN_POINT('',(-4.237029473826,2.46505020459286,1.00767849039227));
#2900=CARTESIAN_POINT('',(-4.237029473826,-2.93544325591137,1.08467849039227));
#2901=CARTESIAN_POINT('Origin',(-4.20952947382601,-2.93544325591137,1.08467849039227));
#2902=CARTESIAN_POINT('',(-2.11327947382599,-2.93544325591134,1.03767849039227));
#2903=CARTESIAN_POINT('',(-4.21640447382599,-2.93544325591137,1.00767849039227));
#2904=CARTESIAN_POINT('Origin',(-4.223279473826,-0.23869652565925,1.00767849039227));
#2905=CARTESIAN_POINT('',(-4.245154473826,2.46505041220934,1.00767849039227));
#2906=CARTESIAN_POINT('Origin',(-0.0170294738260001,-0.284949587790658,
1.03767849039227));
#2907=CARTESIAN_POINT('',(-4.079529473826,2.46505041220934,1.03767849039227));
#2908=CARTESIAN_POINT('',(-2.142029473826,2.46505041220934,1.03767849039227));
#2909=CARTESIAN_POINT('',(-4.079529473826,-1.65994958779066,1.03767849039227));
#2910=CARTESIAN_POINT('',(-4.179529473826,2.26505041220934,1.03767849039227));
#2911=CARTESIAN_POINT('',(-4.179529473826,1.01880041220934,1.03767849039227));
#2912=CARTESIAN_POINT('',(-4.079529473826,2.26505041220934,1.03767849039227));
#2913=CARTESIAN_POINT('',(-2.048279473826,2.26505041220934,1.03767849039227));
#2914=CARTESIAN_POINT('',(-4.079529473826,2.18505041220934,1.03767849039227));
#2915=CARTESIAN_POINT('',(-4.079529473826,-1.65994958779066,1.03767849039227));
#2916=CARTESIAN_POINT('',(-4.179529473826,2.18505041220934,1.03767849039227));
#2917=CARTESIAN_POINT('',(2.014220526174,2.18505041220934,1.03767849039227));
#2918=CARTESIAN_POINT('',(-4.179529473826,-2.52994958779066,1.03767849039227));
#2919=CARTESIAN_POINT('',(-4.179529473826,-1.65994958779066,1.03767849039227));
#2920=CARTESIAN_POINT('',(-4.079529473826,-2.52994958779066,1.03767849039227));
#2921=CARTESIAN_POINT('',(-2.048279473826,-2.52994958779066,1.03767849039227));
#2922=CARTESIAN_POINT('',(-4.079529473826,-2.60494958779066,1.03767849039227));
#2923=CARTESIAN_POINT('',(-4.079529473826,-1.65994958779066,1.03767849039227));
#2924=CARTESIAN_POINT('',(-4.179529473826,-2.60494958779066,1.03767849039227));
#2925=CARTESIAN_POINT('',(-2.048279473826,-2.60494958779066,1.03767849039227));
#2926=CARTESIAN_POINT('',(-4.179529473826,-2.68494958779066,1.03767849039227));
#2927=CARTESIAN_POINT('',(-4.179529473826,-1.53532455808241,1.03767849039227));
#2928=CARTESIAN_POINT('',(-4.079529473826,-2.68494958779066,1.03767849039227));
#2929=CARTESIAN_POINT('',(-2.048279473826,-2.68494958779066,1.03767849039227));
#2930=CARTESIAN_POINT('',(-4.079529473826,-2.75994958779066,1.03767849039227));
#2931=CARTESIAN_POINT('',(-4.079529473826,-1.65994958779066,1.03767849039227));
#2932=CARTESIAN_POINT('',(-4.179529473826,-2.75994958779066,1.03767849039227));
#2933=CARTESIAN_POINT('',(-2.098279473826,-2.75994958779066,1.03767849039227));
#2934=CARTESIAN_POINT('',(-4.179529473826,-2.96144946895765,1.03767849039227));
#2935=CARTESIAN_POINT('',(-4.179529473826,-1.53532455808241,1.03767849039227));
#2936=CARTESIAN_POINT('',(-4.079529473826,-2.96144946895765,1.03767849039227));
#2937=CARTESIAN_POINT('',(-2.048279473826,-2.96144946895765,1.03767849039227));
#2938=CARTESIAN_POINT('',(-4.079529473826,-3.03494958779066,1.03767849039227));
#2939=CARTESIAN_POINT('',(-4.079529473826,-1.65994958779066,1.03767849039227));
#2940=CARTESIAN_POINT('',(-4.247029473826,-3.03494958779066,1.03767849039227));
#2941=CARTESIAN_POINT('',(2.107970526174,-3.03494958779066,1.03767849039227));
#2942=CARTESIAN_POINT('',(-4.267029473826,-3.01494958779066,1.03767849039227));
#2943=CARTESIAN_POINT('Origin',(-4.247029473826,-3.01494958779066,1.03767849039227));
#2944=CARTESIAN_POINT('',(-4.267029473826,2.44505041220934,1.03767849039227));
#2945=CARTESIAN_POINT('',(-4.267029473826,-1.65994958779066,1.03767849039227));
#2946=CARTESIAN_POINT('',(-4.247029473826,2.46505041220934,1.03767849039227));
#2947=CARTESIAN_POINT('Origin',(-4.247029473826,2.44505041220934,1.03767849039227));
#2948=CARTESIAN_POINT('',(-2.142029473826,2.46505041220934,1.03767849039227));
#2949=CARTESIAN_POINT('Origin',(2.014220526174,2.17505041220934,1.77780349039227));
#2950=CARTESIAN_POINT('',(4.145470526174,2.18505041220934,1.77780349039227));
#2951=CARTESIAN_POINT('Origin',(4.135470526174,2.17505041220934,1.77780349039227));
#2952=CARTESIAN_POINT('',(-4.179529473826,2.18505041220934,1.77780349039227));
#2953=CARTESIAN_POINT('Origin',(-4.169529473826,2.17505041220934,1.77780349039227));
#2954=CARTESIAN_POINT('',(2.014220526174,2.18505041220934,1.77780349039227));
#2955=CARTESIAN_POINT('Origin',(-4.169529473826,-1.49557458779066,1.77780349039227));
#2956=CARTESIAN_POINT('',(-4.179529473826,-2.11492407492982,1.77780349039227));
#2957=CARTESIAN_POINT('Ctrl Pts',(-4.179529473826,-2.11492407492982,1.77780349039227));
#2958=CARTESIAN_POINT('Ctrl Pts',(-4.179529473826,-2.11456027966111,1.77905078845641));
#2959=CARTESIAN_POINT('Ctrl Pts',(-4.17928173095133,-2.11419258945599,1.78039130921409));
#2960=CARTESIAN_POINT('Ctrl Pts',(-4.17825351721573,-2.11355367433067,1.78287245413736));
#2961=CARTESIAN_POINT('Ctrl Pts',(-4.17747254824049,-2.11328139850102,1.78401260110189));
#2962=CARTESIAN_POINT('Ctrl Pts',(-4.17568110958129,-2.11287599085536,1.78578385773737));
#2963=CARTESIAN_POINT('Ctrl Pts',(-4.17456570963007,-2.11271241287433,1.78654371255543));
#2964=CARTESIAN_POINT('Ctrl Pts',(-4.17211606777374,-2.11249977407153,1.7875536026386));
#2965=CARTESIAN_POINT('Ctrl Pts',(-4.17078186288154,-2.11244958779066,1.78780349039227));
#2966=CARTESIAN_POINT('Ctrl Pts',(-4.169529473826,-2.11244958779066,1.78780349039227));
#2967=CARTESIAN_POINT('',(-4.179529473826,-1.49557458779066,1.77780349039227));
#2968=CARTESIAN_POINT('Origin',(4.045470526174,2.18505041220934,1.68780349039227));
#2969=CARTESIAN_POINT('',(-4.179529473826,2.18505041220934,1.25030349039227));
#2970=CARTESIAN_POINT('',(-4.079529473826,2.18505041220934,1.68780349039227));
#2971=CARTESIAN_POINT('',(-4.079529473826,2.18505041220934,1.25030349039227));
#2972=CARTESIAN_POINT('',(4.045470526174,2.18505041220934,1.68780349039227));
#2973=CARTESIAN_POINT('',(-0.0170294738260001,2.18505041220934,1.68780349039227));
#2974=CARTESIAN_POINT('',(4.045470526174,2.18505041220934,1.68780349039227));
#2975=CARTESIAN_POINT('',(4.145470526174,2.18505041220934,1.68780349039227));
#2976=CARTESIAN_POINT('Ctrl Pts',(-4.2670294569738,2.44503243753771,1.82527490123181));
#2977=CARTESIAN_POINT('Ctrl Pts',(-4.26703382049964,2.44503505392655,1.8327617307932));
#2978=CARTESIAN_POINT('Ctrl Pts',(-4.26361639274487,2.44298594972276,1.84770047255899));
#2979=CARTESIAN_POINT('Ctrl Pts',(-4.24688679202523,2.43295394155956,1.86874074690936));
#2980=CARTESIAN_POINT('Ctrl Pts',(-4.22825201467222,2.42177982938363,1.87530349039227));
#2981=CARTESIAN_POINT('Ctrl Pts',(-4.217029473826,2.41505041220934,1.87530349039227));
#2982=CARTESIAN_POINT('Ctrl Pts',(-4.26703442653939,2.45027446619635,1.82527186973771));
#2983=CARTESIAN_POINT('Ctrl Pts',(-4.2670399241821,2.4502782662117,1.83355271134126));
#2984=CARTESIAN_POINT('Ctrl Pts',(-4.26273368478749,2.44730176690064,1.84986414352033));
#2985=CARTESIAN_POINT('Ctrl Pts',(-4.24491413732044,2.43493878461963,1.86979312956413));
#2986=CARTESIAN_POINT('Ctrl Pts',(-4.2275031607269,2.42252868332896,1.87530349039227));
#2987=CARTESIAN_POINT('Ctrl Pts',(-4.217029473826,2.41505041220934,1.87530349039227));
#2988=CARTESIAN_POINT('Ctrl Pts',(-4.26269265551422,2.46071359389729,1.82526842796937));
#2989=CARTESIAN_POINT('Ctrl Pts',(-4.26269877233838,2.46071971072145,1.83445077900482));
#2990=CARTESIAN_POINT('Ctrl Pts',(-4.25790701825479,2.45592795663788,1.85226115484055));
#2991=CARTESIAN_POINT('Ctrl Pts',(-4.24091886264706,2.43893980103026,1.87082101016126));
#2992=CARTESIAN_POINT('Ctrl Pts',(-4.22600545283628,2.42402639121957,1.87530349039227));
#2993=CARTESIAN_POINT('Ctrl Pts',(-4.217029473826,2.41505041220934,1.87530349039227));
#2994=CARTESIAN_POINT('Ctrl Pts',(-4.2522535278134,2.46505536492258,1.82527186973771));
#2995=CARTESIAN_POINT('Ctrl Pts',(-4.25225732782875,2.46506086256529,1.83355271134129));
#2996=CARTESIAN_POINT('Ctrl Pts',(-4.24928082851762,2.46075462317066,1.84986414352042));
#2997=CARTESIAN_POINT('Ctrl Pts',(-4.23691784623644,2.44293507570363,1.86979312956417));
#2998=CARTESIAN_POINT('Ctrl Pts',(-4.22450774494567,2.42552409911019,1.87530349039227));
#2999=CARTESIAN_POINT('Ctrl Pts',(-4.217029473826,2.41505041220934,1.87530349039227));
#3000=CARTESIAN_POINT('Ctrl Pts',(-4.24701149915496,2.46505039535714,1.82527490123181));
#3001=CARTESIAN_POINT('Ctrl Pts',(-4.24701411554379,2.46505475888297,1.83276173079329));
#3002=CARTESIAN_POINT('Ctrl Pts',(-4.24496501133989,2.46163733112811,1.84770047255923));
#3003=CARTESIAN_POINT('Ctrl Pts',(-4.23493300317643,2.44490773040835,1.86874074690948));
#3004=CARTESIAN_POINT('Ctrl Pts',(-4.22375889100037,2.42627295305547,1.87530349039227));
#3005=CARTESIAN_POINT('Ctrl Pts',(-4.217029473826,2.41505041220934,1.87530349039227));
#3006=CARTESIAN_POINT('',(-4.267029473826,2.44505041220934,1.82530349039227));
#3007=CARTESIAN_POINT('',(-4.217029473826,2.41505041220934,1.87530349039227));
#3008=CARTESIAN_POINT('Origin',(-4.217029473826,2.41505041220934,1.82530349039227));
#3009=CARTESIAN_POINT('',(-4.247029473826,2.46505041220934,1.82530349039227));
#3010=CARTESIAN_POINT('Origin',(-4.217029473826,2.41505041220934,1.82530349039227));
#3011=CARTESIAN_POINT('Origin',(-4.247029473826,2.44505041220934,1.82530349039227));
#3012=CARTESIAN_POINT('Ctrl Pts',(4.21295255150237,2.46505039535714,1.82527490123181));
#3013=CARTESIAN_POINT('Ctrl Pts',(4.21295516789121,2.46505475888297,1.8327617307932));
#3014=CARTESIAN_POINT('Ctrl Pts',(4.21090606368742,2.46163733112821,1.84770047255899));
#3015=CARTESIAN_POINT('Ctrl Pts',(4.20087405552421,2.44490773040857,1.86874074690936));
#3016=CARTESIAN_POINT('Ctrl Pts',(4.18969994334829,2.42627295305556,1.87530349039227));
#3017=CARTESIAN_POINT('Ctrl Pts',(4.182970526174,2.41505041220934,1.87530349039227));
#3018=CARTESIAN_POINT('Ctrl Pts',(4.21819458016102,2.46505536492273,1.82527186973771));
#3019=CARTESIAN_POINT('Ctrl Pts',(4.21819838017636,2.46506086256544,1.83355271134125));
#3020=CARTESIAN_POINT('Ctrl Pts',(4.21522188086529,2.46075462317084,1.84986414352033));
#3021=CARTESIAN_POINT('Ctrl Pts',(4.20285889858429,2.44293507570378,1.86979312956413));
#3022=CARTESIAN_POINT('Ctrl Pts',(4.19044879729362,2.42552409911024,1.87530349039227));
#3023=CARTESIAN_POINT('Ctrl Pts',(4.182970526174,2.41505041220934,1.87530349039227));
#3024=CARTESIAN_POINT('Ctrl Pts',(4.22863370786195,2.46071359389757,1.82526842796937));
#3025=CARTESIAN_POINT('Ctrl Pts',(4.2286398246861,2.46071971072172,1.83445077900481));
#3026=CARTESIAN_POINT('Ctrl Pts',(4.22384807060254,2.45592795663813,1.85226115484055));
#3027=CARTESIAN_POINT('Ctrl Pts',(4.2068599149949,2.43893980103039,1.87082101016126));
#3028=CARTESIAN_POINT('Ctrl Pts',(4.19194650518422,2.42402639121963,1.87530349039227));
#3029=CARTESIAN_POINT('Ctrl Pts',(4.182970526174,2.41505041220934,1.87530349039227));
#3030=CARTESIAN_POINT('Ctrl Pts',(4.23297547888723,2.45027446619675,1.82527186973771));
#3031=CARTESIAN_POINT('Ctrl Pts',(4.23298097652994,2.45027826621209,1.83355271134129));
#3032=CARTESIAN_POINT('Ctrl Pts',(4.22867473713532,2.44730176690096,1.84986414352042));
#3033=CARTESIAN_POINT('Ctrl Pts',(4.21085518966829,2.43493878461978,1.86979312956417));
#3034=CARTESIAN_POINT('Ctrl Pts',(4.19344421307485,2.42252868332901,1.87530349039227));
#3035=CARTESIAN_POINT('Ctrl Pts',(4.182970526174,2.41505041220934,1.87530349039227));
#3036=CARTESIAN_POINT('Ctrl Pts',(4.2329705093218,2.4450324375383,1.82527490123181));
#3037=CARTESIAN_POINT('Ctrl Pts',(4.23297487284764,2.44503505392714,1.83276173079329));
#3038=CARTESIAN_POINT('Ctrl Pts',(4.22955744509276,2.44298594972324,1.84770047255923));
#3039=CARTESIAN_POINT('Ctrl Pts',(4.212827844373,2.43295394155977,1.86874074690948));
#3040=CARTESIAN_POINT('Ctrl Pts',(4.19419306702014,2.42177982938372,1.87530349039227));
#3041=CARTESIAN_POINT('Ctrl Pts',(4.182970526174,2.41505041220934,1.87530349039227));
#3042=CARTESIAN_POINT('',(4.212970526174,2.46505041220934,1.82530349039227));
#3043=CARTESIAN_POINT('',(4.182970526174,2.41505041220934,1.87530349039227));
#3044=CARTESIAN_POINT('Origin',(4.182970526174,2.41505041220934,1.82530349039227));
#3045=CARTESIAN_POINT('',(4.232970526174,2.44505041220934,1.82530349039227));
#3046=CARTESIAN_POINT('Origin',(4.182970526174,2.41505041220934,1.82530349039227));
#3047=CARTESIAN_POINT('Origin',(4.212970526174,2.44505041220934,1.82530349039227));
#3048=CARTESIAN_POINT('Origin',(4.182970526174,1.09005041220934,1.82530349039227));
#3049=CARTESIAN_POINT('',(4.182970526174,-2.23494958779066,1.87530349039227));
#3050=CARTESIAN_POINT('',(4.182970526174,1.09005041220934,1.87530349039227));
#3051=CARTESIAN_POINT('',(4.232970526174,-2.23494958779066,1.82530349039227));
#3052=CARTESIAN_POINT('Origin',(4.182970526174,-2.23494958779066,1.82530349039227));
#3053=CARTESIAN_POINT('',(4.232970526174,1.09005041220934,1.82530349039227));
#3054=CARTESIAN_POINT('Origin',(-2.142029473826,2.41505041220934,1.82530349039227));
#3055=CARTESIAN_POINT('',(-2.142029473826,2.41505041220934,1.87530349039227));
#3056=CARTESIAN_POINT('',(-2.142029473826,2.46505041220934,1.82530349039227));
#3057=CARTESIAN_POINT('Origin',(-4.217029473826,-1.65994958779066,1.82530349039227));
#3058=CARTESIAN_POINT('',(-4.267029473826,-2.23494958779066,1.82530349039227));
#3059=CARTESIAN_POINT('',(-4.267029473826,-1.65994958779066,1.82530349039227));
#3060=CARTESIAN_POINT('',(-4.217029473826,-2.23494958779066,1.87530349039227));
#3061=CARTESIAN_POINT('Origin',(-4.217029473826,-2.23494958779066,1.82530349039227));
#3062=CARTESIAN_POINT('',(-4.217029473826,-1.65994958779066,1.87530349039227));
#3063=CARTESIAN_POINT('Origin',(-4.247029473826,2.44505041220934,1.87530349039227));
#3064=CARTESIAN_POINT('',(-4.247029473826,2.46505041220934,1.87530349039227));
#3065=CARTESIAN_POINT('',(-4.267029473826,2.44505041220934,1.87530349039227));
#3066=CARTESIAN_POINT('Origin',(-4.267029473826,2.46505041220934,1.87530349039227));
#3067=CARTESIAN_POINT('',(4.045470526174,2.46505041220934,1.68780349039227));
#3068=CARTESIAN_POINT('',(4.045470526174,2.46505041220934,1.78155349039227));
#3069=CARTESIAN_POINT('',(-4.079529473826,2.46505041220934,1.68780349039227));
#3070=CARTESIAN_POINT('',(-4.173279473826,2.46505041220934,1.68780349039227));
#3071=CARTESIAN_POINT('',(-4.079529473826,2.46505041220934,1.34405349039227));
#3072=CARTESIAN_POINT('',(4.212970526174,2.46505041220934,1.87530349039227));
#3073=CARTESIAN_POINT('Origin',(4.212970526174,2.44505041220934,1.87530349039227));
#3074=CARTESIAN_POINT('',(4.232970526174,2.44505041220934,1.87530349039227));
#3075=CARTESIAN_POINT('Origin',(4.232970526174,2.46505041220934,1.87530349039227));
#3076=CARTESIAN_POINT('',(4.232970526174,-2.23494958779066,1.72530349039227));
#3077=CARTESIAN_POINT('',(4.232970526174,-2.23494958779066,1.87530349039227));
#3078=CARTESIAN_POINT('',(4.23297052617401,-2.32524706622915,1.72530349039227));
#3079=CARTESIAN_POINT('',(4.232970526174,0.092476042599722,1.72530349039227));
#3080=CARTESIAN_POINT('',(4.23297052617401,-2.32524706622915,1.87530349039227));
#3081=CARTESIAN_POINT('',(4.232970526174,-2.32524706622914,1.87530349039227));
#3082=CARTESIAN_POINT('',(4.232970526174,-3.01494958779066,1.87530349039227));
#3083=CARTESIAN_POINT('',(4.232970526174,-3.03494958779066,1.87530349039227));
#3084=CARTESIAN_POINT('',(4.232970526174,-3.01494958779066,1.08467849039227));
#3085=CARTESIAN_POINT('Origin',(-4.247029473826,-3.01494958779066,1.87530349039227));
#3086=CARTESIAN_POINT('',(-4.247029473826,-3.03494958779066,1.87530349039227));
#3087=CARTESIAN_POINT('',(-4.247029473826,-3.03494958779066,1.87530349039227));
#3088=CARTESIAN_POINT('',(-4.267029473826,-3.01494958779066,1.87530349039227));
#3089=CARTESIAN_POINT('Origin',(-4.247029473826,-3.01494958779066,1.87530349039227));
#3090=CARTESIAN_POINT('',(-4.267029473826,-3.01494958779066,1.87530349039227));
#3091=CARTESIAN_POINT('Origin',(-0.0170294738260001,-0.284949587790658,
1.87530349039227));
#3092=CARTESIAN_POINT('',(4.212970526174,-3.03494958779066,1.87530349039227));
#3093=CARTESIAN_POINT('',(-4.267029473826,-3.03494958779066,1.87530349039227));
#3094=CARTESIAN_POINT('Origin',(4.212970526174,-3.01494958779066,1.87530349039227));
#3095=CARTESIAN_POINT('',(-4.267029473826,-2.32524706622914,1.87530349039227));
#3096=CARTESIAN_POINT('',(2.10797052617401,-2.32524706622914,1.87530349039227));
#3097=CARTESIAN_POINT('',(-4.267029473826,2.46505041220934,1.87530349039227));
#3098=CARTESIAN_POINT('Origin',(4.232970526174,-3.03494958779066,1.87530349039227));
#3099=CARTESIAN_POINT('',(-4.079529473826,-3.03494958779066,1.68780349039227));
#3100=CARTESIAN_POINT('',(-4.079529473826,-3.03494958779066,1.34405349039227));
#3101=CARTESIAN_POINT('',(4.045470526174,-3.03494958779066,1.68780349039227));
#3102=CARTESIAN_POINT('',(0.0767205261740013,-3.03494958779066,1.68780349039227));
#3103=CARTESIAN_POINT('',(4.045470526174,-3.03494958779066,1.08467849039227));
#3104=CARTESIAN_POINT('',(4.212970526174,-3.03494958779066,1.08467849039227));
#3105=CARTESIAN_POINT('',(4.154845526174,-3.03494958779066,1.75030349039227));
#3106=CARTESIAN_POINT('Origin',(4.107970526174,-3.03494958779066,1.75030349039227));
#3107=CARTESIAN_POINT('',(-4.095154473826,-3.03494958779066,1.75030349039227));
#3108=CARTESIAN_POINT('Origin',(-4.142029473826,-3.03494958779066,1.75030349039227));
#3109=CARTESIAN_POINT('Origin',(4.212970526174,-3.01494958779066,1.87530349039227));
#3110=CARTESIAN_POINT('Origin',(-4.267029473826,-3.03494958779066,1.87530349039227));
#3111=CARTESIAN_POINT('',(-4.267029473826,-2.32524706622914,1.72530349039227));
#3112=CARTESIAN_POINT('',(-4.267029473826,-2.32524706622914,1.87530349039227));
#3113=CARTESIAN_POINT('',(-4.267029473826,-2.23494958779066,1.72530349039227));
#3114=CARTESIAN_POINT('',(-4.267029473826,-2.65752395740028,1.72530349039227));
#3115=CARTESIAN_POINT('',(-4.267029473826,-2.23494958779066,1.87530349039227));
#3116=CARTESIAN_POINT('Origin',(3.795470526174,1.02755041220934,1.74780349039227));
#3117=CARTESIAN_POINT('',(3.605470526174,1.02755041220934,1.74780349039227));
#3118=CARTESIAN_POINT('',(3.985470526174,1.02755041220934,1.74780349039227));
#3119=CARTESIAN_POINT('Origin',(3.795470526174,1.02755041220934,1.74780349039227));
#3120=CARTESIAN_POINT('Origin',(4.025470526174,1.02755041220934,1.74780349039227));
#3121=CARTESIAN_POINT('Origin',(3.795470526174,1.02755041220934,1.74780349039227));
#3122=CARTESIAN_POINT('Origin',(3.795470526174,1.02755041220934,1.68780349039227));
#3123=CARTESIAN_POINT('',(3.605470526174,1.02755041220934,1.68780349039227));
#3124=CARTESIAN_POINT('',(3.605470526174,1.02755041220934,1.68780349039227));
#3125=CARTESIAN_POINT('Origin',(3.795470526174,1.02755041220934,1.68780349039227));
#3126=CARTESIAN_POINT('Origin',(-0.0179124479114936,-1.78494958779066,1.74780349039227));
#3127=CARTESIAN_POINT('',(-0.207912447911493,-1.78494958779066,1.74780349039227));
#3128=CARTESIAN_POINT('',(0.172087552088506,-1.78494958779066,1.74780349039227));
#3129=CARTESIAN_POINT('Origin',(-0.0179124479114936,-1.78494958779066,1.74780349039227));
#3130=CARTESIAN_POINT('Origin',(0.212087552088506,-1.78494958779066,1.74780349039227));
#3131=CARTESIAN_POINT('Origin',(-0.0179124479114936,-1.78494958779066,1.74780349039227));
#3132=CARTESIAN_POINT('Origin',(-0.0179124479114936,-1.78494958779066,1.68780349039227));
#3133=CARTESIAN_POINT('',(-0.207912447911493,-1.78494958779066,1.68780349039227));
#3134=CARTESIAN_POINT('',(-0.207912447911494,-1.78494958779066,1.68780349039227));
#3135=CARTESIAN_POINT('Origin',(-0.0179124479114936,-1.78494958779066,1.68780349039227));
#3136=CARTESIAN_POINT('Origin',(-3.829529473826,1.02755041220934,1.74780349039227));
#3137=CARTESIAN_POINT('',(-4.019529473826,1.02755041220934,1.74780349039227));
#3138=CARTESIAN_POINT('',(-3.639529473826,1.02755041220934,1.74780349039227));
#3139=CARTESIAN_POINT('Origin',(-3.829529473826,1.02755041220934,1.74780349039227));
#3140=CARTESIAN_POINT('Origin',(-3.599529473826,1.02755041220934,1.74780349039227));
#3141=CARTESIAN_POINT('Origin',(-3.829529473826,1.02755041220934,1.74780349039227));
#3142=CARTESIAN_POINT('Origin',(-3.829529473826,1.02755041220934,1.68780349039227));
#3143=CARTESIAN_POINT('',(-4.019529473826,1.02755041220934,1.68780349039227));
#3144=CARTESIAN_POINT('',(-4.019529473826,1.02755041220934,1.68780349039227));
#3145=CARTESIAN_POINT('Origin',(-3.829529473826,1.02755041220934,1.68780349039227));
#3146=CARTESIAN_POINT('Origin',(4.135470526174,-1.49557458779066,1.77780349039227));
#3147=CARTESIAN_POINT('',(4.145470526174,-2.11492407492982,1.77780349039227));
#3148=CARTESIAN_POINT('',(4.145470526174,-1.49557458779066,1.77780349039227));
#3149=CARTESIAN_POINT('Ctrl Pts',(4.135470526174,-2.11244958779066,1.78780349039227));
#3150=CARTESIAN_POINT('Ctrl Pts',(4.13673252453118,-2.11244958779066,1.78780349039227));
#3151=CARTESIAN_POINT('Ctrl Pts',(4.13807627432689,-2.11250053078122,1.78754978435858));
#3152=CARTESIAN_POINT('Ctrl Pts',(4.14054039385867,-2.11271625781158,1.78652568097435));
#3153=CARTESIAN_POINT('Ctrl Pts',(4.14166072265811,-2.11288220052086,1.78575542953189));
#3154=CARTESIAN_POINT('Ctrl Pts',(4.14344177674008,-2.11329046510444,1.78397437544993));
#3155=CARTESIAN_POINT('Ctrl Pts',(4.14421228962768,-2.11356192399102,1.78283933786893));
#3156=CARTESIAN_POINT('Ctrl Pts',(4.14522641404639,-2.11419766538651,1.78037270014215));
#3157=CARTESIAN_POINT('Ctrl Pts',(4.145470526174,-2.11456296865479,1.77904156904953));
#3158=CARTESIAN_POINT('Ctrl Pts',(4.145470526174,-2.11492407492982,1.77780349039227));
#3159=CARTESIAN_POINT('Origin',(4.145470526174,-3.03494958779066,1.68780349039227));
#3160=CARTESIAN_POINT('',(4.145470526174,-2.52994958779066,1.78780349039227));
#3161=CARTESIAN_POINT('',(4.145470526174,-2.52994958779066,1.68780349039227));
#3162=CARTESIAN_POINT('',(4.145470526174,-2.43494958779066,1.78780349039227));
#3163=CARTESIAN_POINT('',(4.145470526174,-2.75994958779066,1.78780349039227));
#3164=CARTESIAN_POINT('',(4.145470526174,-2.3124751006515,1.68780349039227));
#3165=CARTESIAN_POINT('Origin',(4.145470526174,-2.3124751006515,1.81280349039227));
#3166=CARTESIAN_POINT('',(4.145470526174,-2.23492407492982,1.68780349039227));
#3167=CARTESIAN_POINT('',(4.145470526174,2.20005041220934,1.68780349039227));
#3168=CARTESIAN_POINT('Origin',(4.145470526174,-2.23492407492982,1.81280349039227));
#3169=CARTESIAN_POINT('Origin',(-4.179529473826,-3.03494958779066,0.812803490392271));
#3170=CARTESIAN_POINT('',(-4.179529473826,-2.23492407492982,1.68780349039227));
#3171=CARTESIAN_POINT('Origin',(-4.179529473826,-2.23492407492982,1.81280349039227));
#3172=CARTESIAN_POINT('',(-4.179529473826,-2.3124751006515,1.68780349039227));
#3173=CARTESIAN_POINT('',(-4.179529473826,2.20005041220934,1.68780349039227));
#3174=CARTESIAN_POINT('',(-4.179529473826,-2.43494958779066,1.78780349039227));
#3175=CARTESIAN_POINT('Origin',(-4.179529473826,-2.3124751006515,1.81280349039227));
#3176=CARTESIAN_POINT('',(-4.179529473826,-2.52994958779066,1.78780349039227));
#3177=CARTESIAN_POINT('',(-4.179529473826,-2.75994958779066,1.78780349039227));
#3178=CARTESIAN_POINT('',(-4.179529473826,-2.52994958779066,1.25030349039227));
#3179=CARTESIAN_POINT('Origin',(-4.079529473826,-2.23492407492982,1.81280349039227));
#3180=CARTESIAN_POINT('',(-4.079529473826,-2.23492407492982,1.68780349039227));
#3181=CARTESIAN_POINT('Origin',(4.045470526174,-2.3124751006515,1.81280349039227));
#3182=CARTESIAN_POINT('',(4.045470526174,-2.3124751006515,1.68780349039227));
#3183=CARTESIAN_POINT('',(4.045470526174,-2.43494958779066,1.78780349039227));
#3184=CARTESIAN_POINT('Origin',(-4.179529473826,-2.75994958779066,0.812803490392271));
#3185=CARTESIAN_POINT('',(-4.079529473826,-2.75994958779066,1.68780349039227));
#3186=CARTESIAN_POINT('',(-4.079529473826,-2.75994958779066,0.812803490392271));
#3187=CARTESIAN_POINT('',(-4.179529473826,-2.75994958779066,1.68780349039227));
#3188=CARTESIAN_POINT('',(-4.129529473826,-2.75994958779066,1.68780349039227));
#3189=CARTESIAN_POINT('',(-4.179529473826,-2.75994958779066,1.03155349039227));
#3190=CARTESIAN_POINT('Origin',(-4.079529473826,-2.68494958779066,0.812803490392271));
#3191=CARTESIAN_POINT('',(-4.179529473826,-2.68494958779066,1.78780349039227));
#3192=CARTESIAN_POINT('',(-4.179529473826,-2.68494958779066,1.03155349039227));
#3193=CARTESIAN_POINT('',(-4.079529473826,-2.68494958779066,1.78780349039227));
#3194=CARTESIAN_POINT('',(-4.079529473826,-2.68494958779066,1.78780349039227));
#3195=CARTESIAN_POINT('',(-4.079529473826,-2.68494958779066,0.812803490392271));
#3196=CARTESIAN_POINT('Origin',(-4.179529473826,-2.78569952837415,1.25030349039227));
#3197=CARTESIAN_POINT('',(-4.179529473826,-2.96144946895765,1.68780349039227));
#3198=CARTESIAN_POINT('',(-4.179529473826,-2.60994958779066,1.68780349039227));
#3199=CARTESIAN_POINT('',(-4.179529473826,-2.96144946895765,1.68780349039227));
#3200=CARTESIAN_POINT('Origin',(-4.079529473826,-3.03494958779066,1.68780349039227));
#3201=CARTESIAN_POINT('',(-4.079529473826,-2.96144956357415,1.68780349039227));
#3202=CARTESIAN_POINT('',(-4.079529473826,-2.99819952837415,1.68780349039227));
#3203=CARTESIAN_POINT('',(-4.079529473826,-2.96144946895765,1.68780349039227));
#3204=CARTESIAN_POINT('Origin',(4.045470526174,-2.75994958779066,0.812803490392268));
#3205=CARTESIAN_POINT('',(4.145470526174,-2.75994958779066,1.68780349039227));
#3206=CARTESIAN_POINT('',(4.145470526174,-2.75994958779066,1.03155349039227));
#3207=CARTESIAN_POINT('',(4.045470526174,-2.75994958779066,1.68780349039227));
#3208=CARTESIAN_POINT('',(-0.0170294738260001,-2.75994958779066,1.68780349039227));
#3209=CARTESIAN_POINT('',(4.045470526174,-2.75994958779066,0.812803490392268));
#3210=CARTESIAN_POINT('Origin',(4.145470526174,-2.68494958779066,0.812803490392268));
#3211=CARTESIAN_POINT('',(4.045470526174,-2.68494958779066,1.78780349039227));
#3212=CARTESIAN_POINT('',(4.045470526174,-2.68494958779066,0.812803490392268));
#3213=CARTESIAN_POINT('',(4.145470526174,-2.68494958779066,1.78780349039227));
#3214=CARTESIAN_POINT('',(0.0329705261740008,-2.68494958779066,1.78780349039227));
#3215=CARTESIAN_POINT('',(4.145470526174,-2.68494958779066,1.03155349039227));
#3216=CARTESIAN_POINT('Origin',(4.145470526174,-2.78569952837415,1.25030349039227));
#3217=CARTESIAN_POINT('',(4.145470526174,-2.92544946895765,1.68780349039227));
#3218=CARTESIAN_POINT('',(4.145470526174,-2.92544946895765,1.03155349039227));
#3219=CARTESIAN_POINT('',(4.145470526174,-2.60994958779066,1.68780349039227));
#3220=CARTESIAN_POINT('Origin',(4.145470526174,-2.78569952837415,1.25030349039227));
#3221=CARTESIAN_POINT('',(4.145470526174,-2.60494958779066,1.78780349039227));
#3222=CARTESIAN_POINT('',(4.145470526174,-2.91032455808241,1.78780349039227));
#3223=CARTESIAN_POINT('',(4.145470526174,-2.60494958779066,1.46905349039227));
#3224=CARTESIAN_POINT('Origin',(-4.079529473826,-3.03494958779066,1.68780349039227));
#3225=CARTESIAN_POINT('',(4.045470526174,-2.92544946895765,1.68780349039227));
#3226=CARTESIAN_POINT('',(4.045470526174,-3.03494958779066,1.68780349039227));
#3227=CARTESIAN_POINT('',(-0.0170294738260001,-2.92544946895765,1.68780349039227));
#3228=CARTESIAN_POINT('Origin',(4.045470526174,-3.03494958779066,1.68780349039227));
#3229=CARTESIAN_POINT('',(4.045470526174,2.26505041220934,1.68780349039227));
#3230=CARTESIAN_POINT('',(4.045470526174,-3.03494958779066,1.68780349039227));
#3231=CARTESIAN_POINT('',(4.045470526174,2.26505041220934,1.68780349039227));
#3232=CARTESIAN_POINT('Origin',(-4.079529473826,-3.03494958779066,1.68780349039227));
#3233=CARTESIAN_POINT('',(4.045470526174,-2.96144965816932,1.68780349039227));
#3234=CARTESIAN_POINT('',(4.045470526174,-3.03494958779066,1.68780349039227));
#3235=CARTESIAN_POINT('',(-4.079529473826,-3.03494958779066,1.68780349039227));
#3236=CARTESIAN_POINT('',(-4.079529473826,-2.96144965819066,1.68780349039227));
#3237=CARTESIAN_POINT('Origin',(4.045470526174,-2.92544946895765,0.812803490392268));
#3238=CARTESIAN_POINT('',(4.045470526174,-2.92544946895765,1.25030349039227));
#3239=CARTESIAN_POINT('Origin',(-4.079529473826,-3.03494958779066,1.78780349039227));
#3240=CARTESIAN_POINT('',(-4.179529473826,-2.60494958779066,1.78780349039227));
#3241=CARTESIAN_POINT('',(-4.179529473826,-2.91032455808241,1.78780349039227));
#3242=CARTESIAN_POINT('',(-4.079529473826,-2.60494958779066,1.78780349039227));
#3243=CARTESIAN_POINT('',(4.045470526174,-2.96144965819066,1.78780349039227));
#3244=CARTESIAN_POINT('',(4.045470526174,-2.95994958779066,1.78780349039227));
#3245=CARTESIAN_POINT('',(-4.079529473826,-2.96144965819066,1.78780349039227));
#3246=CARTESIAN_POINT('',(-2.048279473826,-2.96144965819066,1.78780349039227));
#3247=CARTESIAN_POINT('',(-4.079529473826,-2.60994958779066,1.78780349039227));
#3248=CARTESIAN_POINT('Origin',(4.045470526174,-3.03494958779066,1.68780349039227));
#3249=CARTESIAN_POINT('',(4.045470526174,-2.96144965819066,1.68780349039227));
#3250=CARTESIAN_POINT('Origin',(4.045470526174,-3.03494958779066,1.68780349039227));
#3251=CARTESIAN_POINT('',(4.045470526174,-2.52994958779066,1.68780349039227));
#3252=CARTESIAN_POINT('',(4.045470526174,-2.52994958779066,1.68780349039227));
#3253=CARTESIAN_POINT('',(4.045470526174,-2.60494958779066,1.68780349039227));
#3254=CARTESIAN_POINT('',(4.045470526174,-2.60494958779066,1.68780349039227));
#3255=CARTESIAN_POINT('',(4.045470526174,-3.03494958779066,1.68780349039227));
#3256=CARTESIAN_POINT('Origin',(-4.079529473826,-3.03494958779066,0.812803490392271));
#3257=CARTESIAN_POINT('',(-4.079529473826,2.26505041220934,1.68780349039227));
#3258=CARTESIAN_POINT('',(-4.079529473826,2.26505041220934,1.25030349039227));
#3259=CARTESIAN_POINT('',(-4.079529473826,-3.03494958779066,1.68780349039227));
#3260=CARTESIAN_POINT('Origin',(-4.079529473826,-2.96144946895765,0.812803490392271));
#3261=CARTESIAN_POINT('',(-4.079529473826,-2.96144946895765,0.812803490392271));
#3262=CARTESIAN_POINT('Origin',(-4.079529473826,-2.60494958779066,1.68780349039227));
#3263=CARTESIAN_POINT('',(-4.179529473826,-2.60494958779066,1.46905349039227));
#3264=CARTESIAN_POINT('',(-4.079529473826,-2.60494958779066,1.68780349039227));
#3265=CARTESIAN_POINT('',(-4.079529473826,-2.60494958779066,1.25030349039227));
#3266=CARTESIAN_POINT('',(-4.079529473826,-2.60494958779066,1.68780349039227));
#3267=CARTESIAN_POINT('Origin',(-4.179529473826,-2.78569952837415,1.25030349039227));
#3268=CARTESIAN_POINT('Origin',(-4.079529473826,-3.03494958779066,0.812803490392271));
#3269=CARTESIAN_POINT('Origin',(-4.079529473826,-3.03494958779066,0.812803490392271));
#3270=CARTESIAN_POINT('',(-4.079529473826,-2.96144965819066,1.25030349039227));
#3271=CARTESIAN_POINT('Origin',(-4.079529473826,-3.03494958779066,0.812803490392271));
#3272=CARTESIAN_POINT('',(-4.079529473826,-2.52994958779066,1.68780349039227));
#3273=CARTESIAN_POINT('',(-4.079529473826,-2.52994958779066,1.25030349039227));
#3274=CARTESIAN_POINT('',(-4.079529473826,-3.03494958779066,1.68780349039227));
#3275=CARTESIAN_POINT('Origin',(-4.079529473826,-2.53494958779066,1.68780349039227));
#3276=CARTESIAN_POINT('',(-4.079529473826,2.26505041220934,1.68780349039227));
#3277=CARTESIAN_POINT('Origin',(-4.079529473826,-2.53494958779066,1.68780349039227));
#3278=CARTESIAN_POINT('Origin',(-4.079529473826,-2.53494958779066,1.68780349039227));
#3279=CARTESIAN_POINT('',(-4.079529473826,-2.52994958779066,1.68780349039227));
#3280=CARTESIAN_POINT('Origin',(-4.079529473826,-2.52994958779066,1.68780349039227));
#3281=CARTESIAN_POINT('',(-2.048279473826,-2.52994958779066,1.78780349039227));
#3282=CARTESIAN_POINT('Origin',(-0.0170294738260001,-2.48494958779066,1.78780349039227));
#3283=CARTESIAN_POINT('Origin',(-4.079529473826,-2.96144965819066,1.68780349039227));
#3284=CARTESIAN_POINT('Origin',(4.045470526174,2.37005041220934,1.68780349039227));
#3285=CARTESIAN_POINT('',(-4.079529473826,-3.03494958779066,1.68780349039227));
#3286=CARTESIAN_POINT('',(4.045470526174,-3.03494958779066,1.68780349039227));
#3287=CARTESIAN_POINT('Origin',(4.045470526174,-3.03494958779066,1.68780349039227));
#3288=CARTESIAN_POINT('Origin',(-4.179529473826,2.32255041220934,1.30030349039227));
#3289=CARTESIAN_POINT('',(-4.179529473826,2.26505041220934,1.49405349039227));
#3290=CARTESIAN_POINT('Origin',(-4.079529473826,-3.03494958779066,0.812803490392271));
#3291=CARTESIAN_POINT('Origin',(3.795470526174,1.02755041220934,1.68780349039227));
#3292=CARTESIAN_POINT('',(3.605470526174,1.02755041220934,1.68780349039227));
#3293=CARTESIAN_POINT('Origin',(-0.0179124479114936,-1.78494958779066,1.68780349039227));
#3294=CARTESIAN_POINT('',(-0.207912447911494,-1.78494958779066,1.68780349039227));
#3295=CARTESIAN_POINT('Origin',(-3.829529473826,1.02755041220934,1.68780349039227));
#3296=CARTESIAN_POINT('',(-4.019529473826,1.02755041220934,1.68780349039227));
#3297=CARTESIAN_POINT('Origin',(-4.079529473826,2.26505041220934,1.68780349039227));
#3298=CARTESIAN_POINT('Origin',(4.107970526174,-3.03494958779066,1.75030349039227));
#3299=CARTESIAN_POINT('',(4.154845526174,-2.78494958779066,1.75030349039227));
#3300=CARTESIAN_POINT('',(4.154845526174,-3.03494958779066,1.75030349039227));
#3301=CARTESIAN_POINT('Origin',(4.107970526174,-2.78494958779066,1.75030349039227));
#3302=CARTESIAN_POINT('Origin',(4.107970526174,-2.78494958779066,1.75030349039227));
#3303=CARTESIAN_POINT('Origin',(-4.142029473826,-3.03494958779066,1.75030349039227));
#3304=CARTESIAN_POINT('',(-4.095154473826,-2.78494958779066,1.75030349039227));
#3305=CARTESIAN_POINT('',(-4.095154473826,-3.03494958779066,1.75030349039227));
#3306=CARTESIAN_POINT('Origin',(-4.142029473826,-2.78494958779066,1.75030349039227));
#3307=CARTESIAN_POINT('Origin',(-4.142029473826,-2.78494958779066,1.75030349039227));
#3308=CARTESIAN_POINT('Origin',(-0.0179124479114936,-1.78494958779066,1.77530349039227));
#3309=CARTESIAN_POINT('',(-0.155412447911493,-1.78494958779066,1.77530349039227));
#3310=CARTESIAN_POINT('Origin',(-0.0179124479114936,-1.78494958779066,1.77530349039227));
#3311=CARTESIAN_POINT('',(-0.0929124479114937,-1.78494958779066,1.77530349039227));
#3312=CARTESIAN_POINT('Origin',(-0.0179124479114936,-1.78494958779066,1.77530349039227));
#3313=CARTESIAN_POINT('Origin',(-0.0179124479114936,-1.78494958779066,1.82530349039227));
#3314=CARTESIAN_POINT('',(-0.155412447911493,-1.78494958779066,1.87530349039227));
#3315=CARTESIAN_POINT('Origin',(-0.0179124479114936,-1.78494958779066,1.87530349039227));
#3316=CARTESIAN_POINT('',(-0.155412447911494,-1.78494958779066,1.82530349039227));
#3317=CARTESIAN_POINT('Origin',(-0.0179124479114936,-1.78494958779066,1.34380349039227));
#3318=CARTESIAN_POINT('',(-0.0929124479114936,-1.78494958779066,1.34380349039227));
#3319=CARTESIAN_POINT('Origin',(-3.829529473826,1.02755041220934,1.77530349039227));
#3320=CARTESIAN_POINT('',(-3.967029473826,1.02755041220934,1.77530349039227));
#3321=CARTESIAN_POINT('Origin',(-3.829529473826,1.02755041220934,1.77530349039227));
#3322=CARTESIAN_POINT('',(-3.904529473826,1.02755041220934,1.77530349039227));
#3323=CARTESIAN_POINT('Origin',(-3.829529473826,1.02755041220934,1.77530349039227));
#3324=CARTESIAN_POINT('Origin',(-3.829529473826,1.02755041220934,1.82530349039227));
#3325=CARTESIAN_POINT('',(-3.967029473826,1.02755041220934,1.87530349039227));
#3326=CARTESIAN_POINT('Origin',(-3.829529473826,1.02755041220934,1.87530349039227));
#3327=CARTESIAN_POINT('',(-3.967029473826,1.02755041220934,1.82530349039227));
#3328=CARTESIAN_POINT('Origin',(-3.829529473826,1.02755041220934,1.34380349039227));
#3329=CARTESIAN_POINT('',(-3.904529473826,1.02755041220934,1.34380349039227));
#3330=CARTESIAN_POINT('Origin',(3.795470526174,1.02755041220934,1.77530349039227));
#3331=CARTESIAN_POINT('',(3.657970526174,1.02755041220934,1.77530349039227));
#3332=CARTESIAN_POINT('Origin',(3.795470526174,1.02755041220934,1.77530349039227));
#3333=CARTESIAN_POINT('',(3.720470526174,1.02755041220934,1.77530349039227));
#3334=CARTESIAN_POINT('Origin',(3.795470526174,1.02755041220934,1.77530349039227));
#3335=CARTESIAN_POINT('Origin',(3.795470526174,1.02755041220934,1.82530349039227));
#3336=CARTESIAN_POINT('',(3.657970526174,1.02755041220934,1.87530349039227));
#3337=CARTESIAN_POINT('Origin',(3.795470526174,1.02755041220934,1.87530349039227));
#3338=CARTESIAN_POINT('',(3.657970526174,1.02755041220934,1.82530349039227));
#3339=CARTESIAN_POINT('Origin',(3.795470526174,1.02755041220934,1.34405349039227));
#3340=CARTESIAN_POINT('',(3.720470526174,1.02755041220934,1.34405349039227));
#3341=CARTESIAN_POINT('Origin',(-4.267029473826,-2.23494958779066,1.87530349039227));
#3342=CARTESIAN_POINT('',(4.232970526174,-2.23494958779066,1.72530349039227));
#3343=CARTESIAN_POINT('',(-2.142029473826,-2.23494958779066,1.87530349039227));
#3344=CARTESIAN_POINT('Origin',(4.23297052617401,-2.32524706622915,1.87530349039227));
#3345=CARTESIAN_POINT('',(-4.267029473826,-2.32524706622914,1.72530349039227));
#3346=CARTESIAN_POINT('Origin',(-0.0170294738259917,-2.2800983270099,1.72530349039227));
#3347=CARTESIAN_POINT('Origin',(-0.0170294738260001,-0.284949587790658,
1.87530349039227));
#3348=CARTESIAN_POINT('',(0.0170294738259994,0.284949587790659,-0.170053490392269));
#3349=UNCERTAINTY_MEASURE_WITH_UNIT(LENGTH_MEASURE(0.000393700787401575),
#3356,'DISTANCE_ACCURACY_VALUE',
'Maximum model space distance between geometric entities at asserted c
onnectivities');
#3350=UNCERTAINTY_MEASURE_WITH_UNIT(LENGTH_MEASURE(0.000393700787401575),
#3356,'DISTANCE_ACCURACY_VALUE',
'Maximum model space distance between geometric entities at asserted c
onnectivities');
#3351=UNCERTAINTY_MEASURE_WITH_UNIT(LENGTH_MEASURE(0.000393700787401575),
#3356,'DISTANCE_ACCURACY_VALUE',
'Maximum model space distance between geometric entities at asserted c
onnectivities');
#3352=(
GEOMETRIC_REPRESENTATION_CONTEXT(3)
GLOBAL_UNCERTAINTY_ASSIGNED_CONTEXT((#3349))
GLOBAL_UNIT_ASSIGNED_CONTEXT((#3356,#3360,#3361))
REPRESENTATION_CONTEXT('','3D')
);
#3353=(
GEOMETRIC_REPRESENTATION_CONTEXT(3)
GLOBAL_UNCERTAINTY_ASSIGNED_CONTEXT((#3350))
GLOBAL_UNIT_ASSIGNED_CONTEXT((#3356,#3360,#3361))
REPRESENTATION_CONTEXT('','3D')
);
#3354=(
GEOMETRIC_REPRESENTATION_CONTEXT(3)
GLOBAL_UNCERTAINTY_ASSIGNED_CONTEXT((#3351))
GLOBAL_UNIT_ASSIGNED_CONTEXT((#3356,#3360,#3361))
REPRESENTATION_CONTEXT('','3D')
);
#3355=DIMENSIONAL_EXPONENTS(1.,0.,0.,0.,0.,0.,0.);
#3356=(
CONVERSION_BASED_UNIT('inch',#3359)
LENGTH_UNIT()
NAMED_UNIT(#3355)
);
#3357=(
LENGTH_UNIT()
NAMED_UNIT(*)
SI_UNIT(.MILLI.,.METRE.)
);
#3358=(
LENGTH_UNIT()
NAMED_UNIT(*)
SI_UNIT($,.METRE.)
);
#3359=LENGTH_MEASURE_WITH_UNIT(LENGTH_MEASURE(25.4),#3357);
#3360=(
NAMED_UNIT(*)
PLANE_ANGLE_UNIT()
SI_UNIT($,.RADIAN.)
);
#3361=(
NAMED_UNIT(*)
SI_UNIT($,.STERADIAN.)
SOLID_ANGLE_UNIT()
);
#3362=SHAPE_DEFINITION_REPRESENTATION(#3364,#3367);
#3363=SHAPE_DEFINITION_REPRESENTATION(#3365,#3368);
#3364=PRODUCT_DEFINITION_SHAPE('',$,#3370);
#3365=PRODUCT_DEFINITION_SHAPE('',$,#3371);
#3366=PRODUCT_DEFINITION_SHAPE($,$,#14);
#3367=SHAPE_REPRESENTATION('',(#1989,#2156),#3352);
#3368=SHAPE_REPRESENTATION('',(#1990),#3353);
#3369=PRODUCT_DEFINITION_CONTEXT('part definition',#3377,'design');
#3370=PRODUCT_DEFINITION('2026-07-21-01-48-40-302','RM3',#3372,#3369);
#3371=PRODUCT_DEFINITION('2026-09-10-11-54-02-954','Top',#3373,#3369);
#3372=PRODUCT_DEFINITION_FORMATION('',$,#3379);
#3373=PRODUCT_DEFINITION_FORMATION('',$,#3380);
#3374=PRODUCT_RELATED_PRODUCT_CATEGORY('RM3','RM3',(#3379));
#3375=PRODUCT_RELATED_PRODUCT_CATEGORY('Top','Top',(#3380));
#3376=APPLICATION_PROTOCOL_DEFINITION('international standard',
'automotive_design',2009,#3377);
#3377=APPLICATION_CONTEXT(
'Core Data for Automotive Mechanical Design Process');
#3378=PRODUCT_CONTEXT('part definition',#3377,'mechanical');
#3379=PRODUCT('2026-07-21-01-48-40-302','RM3',$,(#3378));
#3380=PRODUCT('2026-09-10-11-54-02-954','Top',$,(#3378));
#3381=PRESENTATION_STYLE_ASSIGNMENT((#3383));
#3382=PRESENTATION_STYLE_ASSIGNMENT((#3384));
#3383=SURFACE_STYLE_USAGE(.BOTH.,#3385);
#3384=SURFACE_STYLE_USAGE(.BOTH.,#3386);
#3385=SURFACE_SIDE_STYLE('',(#3387));
#3386=SURFACE_SIDE_STYLE('',(#3388));
#3387=SURFACE_STYLE_FILL_AREA(#3389);
#3388=SURFACE_STYLE_FILL_AREA(#3390);
#3389=FILL_AREA_STYLE('Surface - Matte',(#3391));
#3390=FILL_AREA_STYLE('Opaque(179,179,179)',(#3392));
#3391=FILL_AREA_STYLE_COLOUR('Surface - Matte',#3393);
#3392=FILL_AREA_STYLE_COLOUR('Opaque(179,179,179)',#3394);
#3393=COLOUR_RGB('Surface - Matte',0.701960784313725,0.701960784313725,
0.701960784313725);
#3394=COLOUR_RGB('Opaque(179,179,179)',0.701960784313725,0.701960784313725,
0.701960784313725);
ENDSEC;
END-ISO-10303-21;
